0.0485752270259481,-0.0638247022912424,41.6149124793233,24.8173535597786
-0.117600674151697,-0.378230979837067,41.6149124793233,24.8173535597786
-0.12584221,-0.447848759215886,41.6149124793233,24.8173535597786
0.174730376207585,-0.201366201527495,41.6149124793233,24.8173535597786
0.298663841057884,-0.0938585780549898,41.6149124793233,24.8173535597786
0.235975822075848,-0.0498564679226069,41.6149124793233,24.8173535597786
0.0533838040718563,-0.182173065631365,41.6149124793233,24.8173535597786
-0.190344097285429,-0.536783781415479,41.6149124793233,24.8173535597786
-0.266782211896208,-0.599507421130346,41.6149124793233,24.8173535597786
-0.239653315828343,-0.493973097759674,41.6149124793233,24.8173535597786
-0.132123794191617,-0.393117605448065,41.6149124793233,24.8173535597786
-0.00159223121756487,-0.175185845773931,41.6149124793233,24.8173535597786
0.0490743451497006,0.0734561724032586,41.6149124793233,24.8173535597786
0.040638031497006,0.0633973061608961,41.6149124793233,24.8173535597786
-0.198080428203593,-0.160199934623218,41.6149124793233,24.8173535597786
-0.273721171177645,-0.401718215325866,41.6149124793233,24.8173535597786
-0.209067113732535,-0.391175332077393,41.6149124793233,24.8173535597786
-0.21693126758483,-0.193894964663951,41.6149124793233,24.8173535597786
-0.0795216133932136,0.0160753357942974,41.6149124793233,24.8173535597786
0.152300494670659,-0.038537916395112,41.6149124793233,24.8173535597786
0.39695967740519,-0.0803681553462322,41.6149124793233,24.8173535597786
0.241660899241517,-0.139281712474542,41.6149124793233,24.8173535597786
-0.110893013512974,-0.17267888589613,41.6149124793233,24.8173535597786
-0.191604066207585,-0.0869023849287169,41.6149124793233,24.8173535597786
-0.0819806831736527,0.00488709653767821,41.6149124793233,24.8173535597786
0.220192733113772,-0.0389722906313646,41.6149124793233,24.8173535597786
0.387202526766467,-0.12549343314664,41.6149124793233,24.8173535597786
0.415481829241517,-0.155055702596741,41.6149124793233,24.8173535597786
0.328197025648703,-0.198400046028513,41.6149124793233,24.8173535597786
0.222116163932136,-0.29258479114053,41.6149124793233,24.8173535597786
0.122426448922156,-0.238319038340122,41.6149124793233,24.8173535597786
0.0118230900598802,-0.222768440682281,41.6149124793233,24.8173535597786
-0.0173874937924152,-0.136290735590631,41.6149124793233,24.8173535597786
0.10370343247505,-0.0455623683299389,41.6149124793233,24.8173535597786
0.198207188443114,0.158500442515275,41.6149124793233,24.8173535597786
0.199765410878244,0.175161797148676,41.6149124793233,24.8173535597786
0.0365050899600798,0.0495035359470468,41.6149124793233,24.8173535597786
-0.0729356888822355,0.0846071795824847,41.6149124793233,24.8173535597786
-0.16871158738523,0.465212090733198,41.6149124793233,24.8173535597786
-0.317832257065868,0.614791961659878,41.6149124793233,24.8173535597786
-0.166989021177645,0.784768805651731,41.6149124793233,24.8173535597786
0.0179464172854291,0.661288620977597,41.6149124793233,24.8173535597786
0.117404833652695,0.507377418380855,41.6149124793233,24.8173535597786
0.0974888031536926,0.270084978462322,41.6149124793233,24.8173535597786
-0.0879822742714571,0.271344663747454,41.6149124793233,24.8173535597786
-0.261407561856287,0.183905129989817,41.6149124793233,24.8173535597786
-0.278852348962076,0.396065917668024,41.6149124793233,24.8173535597786
-0.191597979401198,0.568673828462322,41.6149124793233,24.8173535597786
0.0154386530538922,0.776633596741344,41.6149124793233,24.8173535597786
0.227795154291417,0.722299585132383,41.6149124793233,24.8173535597786
0.357742383852295,0.775584893228106,41.6149124793233,24.8173535597786
0.166348843812375,0.382227995570265,41.6149124793233,24.8173535597786
-0.148929466626746,0.0356159710794297,41.6149124793233,24.8173535597786
-0.247748768323353,-0.186429933146639,41.6149124793233,24.8173535597786
-0.211307058483034,-0.176129058401222,41.6149124793233,24.8173535597786
0.123564681716567,0.0205555957739308,41.6149124793233,24.8173535597786
0.399449181217565,0.332771386099796,41.6149124793233,24.8173535597786
0.654248983393213,0.499515244704684,41.6149124793233,24.8173535597786
0.511945536866267,0.173337425356415,41.6149124793233,24.8173535597786
0.144765028363273,-0.104842040885947,41.6149124793233,24.8173535597786
-0.0823702387824351,-0.520798809521385,41.6149124793233,24.8173535597786
0.118372635868263,-0.473141750458248,41.6149124793233,24.8173535597786
0.453414806646707,-0.042068758401222,41.6149124793233,24.8173535597786
0.653457698562874,0.407111433961304,41.6149124793233,24.8173535597786
0.554041889840319,0.0944550640529531,41.6149124793233,24.8173535597786
0.563652957125748,-0.121869510947047,41.6149124793233,24.8173535597786
0.636079866327345,-0.095354066496945,41.6149124793233,24.8173535597786
0.377816671317365,-0.129806148778004,41.6149124793233,24.8173535597786
0.111683235648703,-0.151419369704684,41.6149124793233,24.8173535597786
0.0950723410179641,-0.106213422403259,41.6149124793233,24.8173535597786
0.309218363333333,0.0492367060590631,41.6149124793233,24.8173535597786
0.434655269361277,0.161311464358452,41.6149124793233,24.8173535597786
0.383513922095808,0.221447474694501,41.6149124793233,24.8173535597786
0.0790275193812375,-0.271300453564155,41.6149124793233,24.8173535597786
-0.0725826541117764,-0.611663694399185,41.6149124793233,24.8173535597786
-0.161407419720559,-0.435276727749491,41.6149124793233,24.8173535597786
-0.103211463852295,0.123496084419552,41.6149124793233,24.8173535597786
-0.0355383504391217,0.365225346894094,41.6149124793233,24.8173535597786
-0.124594414690619,0.153368621181263,41.6149124793233,24.8173535597786
-0.148698167984032,-0.372106303105906,41.6149124793233,24.8173535597786
-0.147340810159681,-0.660791420519348,41.6149124793233,24.8173535597786
-0.336908308283433,-0.395140548319756,41.6149124793233,24.8173535597786
-0.5774528099002,-0.175092765580448,41.6149124793233,24.8173535597786
-0.469393736107784,-0.133225294551935,41.6149124793233,24.8173535597786
-0.141552257285429,-0.142998714867617,41.6149124793233,24.8173535597786
0.121988198862275,-0.252343120824847,41.6149124793233,24.8173535597786
0.0147812779640719,-0.464454265733198,41.6149124793233,24.8173535597786
-0.287629523772455,-0.616311498727088,41.6149124793233,24.8173535597786
-0.287057363972056,-0.437603732586558,41.6149124793233,24.8173535597786
-0.341248201237525,-0.475530808757637,41.6149124793233,24.8173535597786
-0.383685415369261,-0.372261436761711,41.6149124793233,24.8173535597786
-0.216243458463074,-0.322500765325866,41.6149124793233,24.8173535597786
0.0612905655688623,-0.467184618075356,41.6149124793233,24.8173535597786
0.225689119281437,-0.71438699592668,41.6149124793233,24.8173535597786
0.183830151756487,-0.684626155397149,41.6149124793233,24.8173535597786
-0.0319532214770459,-0.638830700203666,41.6149124793233,24.8173535597786
-0.0752912829540918,-0.313323058248472,41.6149124793233,24.8173535597786
0.0329077873852295,0.0492180900203666,41.6149124793233,24.8173535597786
0.0578454331536926,-0.0325931947046843,41.6149124793233,24.8173535597786
0.156305613273453,-0.415047299032587,41.6149124793233,24.8173535597786
0.333717759041916,-0.573686975458248,41.6149124793233,24.8173535597786
0.428227601816367,-0.535257266242362,41.6149124793233,24.8173535597786
0.373288087365269,-0.293720369501018,41.6149124793233,24.8173535597786
0.233553273133733,0.192660873523422,41.6149124793233,24.8173535597786
0.251004147045908,0.338604411558045,41.6149124793233,24.8173535597786
0.270110632295409,0.339653115071283,41.6149124793233,24.8173535597786
0.257145734690619,0.138432352800407,41.6149124793233,24.8173535597786
0.163743690678643,-0.30602557107943,41.6149124793233,24.8173535597786
0.258192665389222,-0.437678196741344,41.6149124793233,24.8173535597786
0.454753904051896,-0.0704458067209776,41.6149124793233,24.8173535597786
0.533103275868263,0.852661498778004,41.6149124793233,24.8173535597786
0.156232571596806,0.890681655142566,41.6149124793233,24.8173535597786
-0.0425929590419162,0.412907227342159,41.6149124793233,24.8173535597786
0.122402101696607,0.0645328845213849,41.6149124793233,24.8173535597786
0.441314235548902,0.0337357511710794,41.6149124793233,24.8173535597786
0.273939233512974,-0.0497633877291242,41.6149124793233,24.8173535597786
0.15964726998004,0.112605701782077,41.6149124793233,24.8173535597786
0.34083932251497,0.499813101323829,41.6149124793233,24.8173535597786
0.14606760493014,0.464461243839104,41.6149124793233,24.8173535597786
0.0834343672055888,0.554382916089613,41.6149124793233,24.8173535597786
0.151807463353293,0.2553286651222,41.6149124793233,24.8173535597786
0.274815733632735,-0.00295025575356415,41.6149124793233,24.8173535597786
0.20422703996008,-0.159982747505092,41.6149124793233,24.8173535597786
0.489704346327345,0.831997695824847,41.6149124793233,24.8173535597786
0.200654084610778,1.03606671201629,41.6149124793233,24.8173535597786
0.0939341082235529,0.954956631415478,41.6149124793233,24.8173535597786
-0.0919265248103792,0.30809272413442,41.6149124793233,24.8173535597786
-0.017357059760479,-0.133473508401222,41.6149124793233,24.8173535597786
-0.091165674011976,-0.149396426832994,41.6149124793233,24.8173535597786
0.0475952511976048,0.457182372708758,41.6149124793233,24.8173535597786
0.107039002375249,1.11945415468432,41.6149124793233,24.8173535597786
-0.079722478003992,1.28488247988798,41.6149124793233,24.8173535597786
-0.215513041696607,1.01794710101833,41.6149124793233,24.8173535597786
-0.360957280319361,0.519049674643585,41.6149124793233,24.8173535597786
-0.424844400159681,0.33676762907332,41.6149124793233,24.8173535597786
-0.55854110245509,0.218698506313646,41.6149124793233,24.8173535597786
-0.412451662355289,0.659085723065173,41.6149124793233,24.8173535597786
-0.31835572241517,1.05893961822811,41.6149124793233,24.8173535597786
-0.159970933413174,1.50162281308554,41.6149124793233,24.8173535597786
-0.120936244051896,1.44309398742363,41.6149124793233,24.8173535597786
-0.224442386666667,1.09099023151731,41.6149124793233,24.8173535597786
-0.507022373193613,0.325331175967413,41.6149124793233,24.8173535597786
-0.507990175409182,0.329997596334012,41.6149124793233,24.8173535597786
-0.315026239321357,0.824532664307536,41.6149124793233,24.8173535597786
-0.116791128902196,1.16370447866599,41.6149124793233,24.8173535597786
0.108865044291417,1.08135332881874,41.6149124793233,24.8173535597786
0.13529395762475,0.690323435997963,41.6149124793233,24.8173535597786
0.0488126124750499,0.357927859725051,41.6149124793233,24.8173535597786
0.013302184011976,0.304772863900204,41.6149124793233,24.8173535597786
-0.0283620057085828,0.471609802698574,41.6149124793233,24.8173535597786
-0.0160118755489022,0.667431913747454,41.6149124793233,24.8173535597786
0.21515285742515,0.579620059215886,41.6149124793233,24.8173535597786
0.310648762834331,0.382085272606925,41.6149124793233,24.8173535597786
0.258010061197605,0.043242341598778,41.6149124793233,24.8173535597786
0.192759496726547,-0.371163090478615,41.6149124793233,24.8173535597786
0.102279119780439,-0.528195582230143,41.6149124793233,24.8173535597786
0.224812619161677,-0.324821564816701,41.6149124793233,24.8173535597786
0.383873043672655,-0.0364467147148676,41.6149124793233,24.8173535597786
0.322743247125749,0.173809031670061,41.6149124793233,24.8173535597786
0.348478264530938,0.119493636099796,41.6149124793233,24.8173535597786
0.401293483552894,-0.270872284674134,41.6149124793233,24.8173535597786
0.297939511097804,-0.780529781415479,41.6149124793233,24.8173535597786
0.0952914660479042,-0.897761182433809,41.6149124793233,24.8173535597786
0.0926376184630738,-0.667443551680244,41.6149124793233,24.8173535597786
0.255100567744511,0.00239254735234216,41.6149124793233,24.8173535597786
0.384512158343313,0.270842030702648,41.6149124793233,24.8173535597786
0.514678512934132,-0.0291244061608961,41.6149124793233,24.8173535597786
0.307215804031936,-0.554605535794297,41.6149124793233,24.8173535597786
-0.0875075033732535,-0.786710306262729,41.6149124793233,24.8173535597786
-0.332172772914172,-0.741436100152749,41.6149124793233,24.8173535597786
-0.284287867065868,-0.255563695519348,41.6149124793233,24.8173535597786
-0.0462511296806387,0.0393267681262729,41.6149124793233,24.8173535597786
0.053322936007984,0.0857613739816701,41.6149124793233,24.8173535597786
-0.0790346688822355,-0.238275600916497,41.6149124793233,24.8173535597786
-0.0581143153293413,-0.542958100916497,41.6149124793233,24.8173535597786
-0.03951303500998,-0.727281705397149,41.6149124793233,24.8173535597786
-0.218221670538922,-0.578365806517312,41.6149124793233,24.8173535597786
-0.57821974750499,-0.26655956904277,41.6149124793233,24.8173535597786
-0.638972162055888,0.0331400379327902,41.6149124793233,24.8173535597786
-0.19942561241517,0.12329130799389,41.6149124793233,24.8173535597786
0.200508001257485,-0.256246283604888,41.6149124793233,24.8173535597786
0.194798576866267,-1.02886153228106,41.6149124793233,24.8173535597786
-0.101452376806387,-1.31821682708758,41.6149124793233,24.8173535597786
-0.313723662754491,-0.98193670407332,41.6149124793233,24.8173535597786
-0.21293832259481,-0.222725003258656,41.6149124793233,24.8173535597786
-0.00561561023952096,0.390754141293279,41.6149124793233,24.8173535597786
0.267730690998004,0.297692563849287,41.6149124793233,24.8173535597786
0.467073600179641,-0.289693099796334,41.6149124793233,24.8173535597786
0.298018639580838,-1.02843956873727,41.6149124793233,24.8173535597786
0.0340947146307385,-1.5704331246945,41.6149124793233,24.8173535597786
0.0912193925748503,-1.39866914098778,41.6149124793233,24.8173535597786
0.293283104211577,-0.365565868177189,41.6149124793233,24.8173535597786
0.160791589580838,0.444579314511202,41.6149124793233,24.8173535597786
0.0162725455289421,0.606495413747454,41.6149124793233,24.8173535597786
0.0691851534530938,0.160684724389002,41.6149124793233,24.8173535597786
0.248204216107784,-0.377629061252546,41.6149124793233,24.8173535597786
-0.0354470483433134,-0.702509963238289,41.6149124793233,24.8173535597786
-0.506176307105788,-0.620047117158859,41.6149124793233,24.8173535597786
-0.682651084690619,-0.0797662367617108,41.6149124793233,24.8173535597786
-0.681853713053892,0.545422396130346,41.6149124793233,24.8173535597786
-0.585067404690619,0.886517867820774,41.6149124793233,24.8173535597786
-0.372388302714571,0.854547924032587,41.6149124793233,24.8173535597786
-0.443768281217565,0.511640491242363,41.6149124793233,24.8173535597786
-0.541631954311377,0.0572105759674134,41.6149124793233,24.8173535597786
-0.635180081676647,0.0323519589613035,41.6149124793233,24.8173535597786
-0.514028287345309,0.598428463645621,41.6149124793233,24.8173535597786
-0.398871997305389,1.17244781150713,41.6149124793233,24.8173535597786
-0.35709824506986,0.971375977545825,41.6149124793233,24.8173535597786
-0.155533651556886,0.379193581262729,41.6149124793233,24.8173535597786
-0.0249229600998004,0.0827269596741344,41.6149124793233,24.8173535597786
0.126796775908184,0.295390380397149,41.6149124793233,24.8173535597786
0.117191795429142,0.725402258248472,41.6149124793233,24.8173535597786
0.179045921936128,0.721219854887984,41.6149124793233,24.8173535597786
0.322670205449102,0.659085723065173,41.6149124793233,24.8173535597786
0.307118415129741,0.32543666685336,41.6149124793233,24.8173535597786
0.233133283493014,-0.0248365119144603,41.6149124793233,24.8173535597786
0.0394450174451098,-0.338752567107943,41.6149124793233,24.8173535597786
-0.0291776377644711,-0.441190422708758,41.6149124793233,24.8173535597786
0.120643014650699,-0.120063755193483,41.6149124793233,24.8173535597786
0.404823831257485,0.672656815274949,41.6149124793233,24.8173535597786
0.59649127758483,0.95023436293279,41.6149124793233,24.8173535597786
0.441612489061876,0.46140200814664,41.6149124793233,24.8173535597786
0.0829109018562874,-0.59265671889002,41.6149124793233,24.8173535597786
-0.067956681257485,-1.19857154638493,41.6149124793233,24.8173535597786
-0.0431346848103792,-0.719394710336049,41.6149124793233,24.8173535597786
0.0811761620359281,0.157501381771894,41.6149124793233,24.8173535597786
0.195017701896208,0.86574857398167,41.6149124793233,24.8173535597786
0.260529999041916,0.795801911252546,41.6149124793233,24.8173535597786
0.285911981676647,0.326863896486762,41.6149124793233,24.8173535597786
0.163214138522954,0.0489822868635438,41.6149124793233,24.8173535597786
-0.0736661056487026,-0.146752949338086,41.6149124793233,24.8173535597786
-0.239075069221557,-0.0134931390020367,41.6149124793233,24.8173535597786
-0.352697484051896,0.288353517769857,41.6149124793233,24.8173535597786
-0.152569376846307,0.503964477953157,41.6149124793233,24.8173535597786
0.0477656817764471,0.845643252189409,41.6149124793233,24.8173535597786
0.190556072814371,0.841851785641548,41.6149124793233,24.8173535597786
0.127843706606786,0.191723866242363,41.6149124793233,24.8173535597786
-0.0488745432335329,-0.276841827749491,41.6149124793233,24.8173535597786
-0.186241589780439,-0.238269395570265,41.6149124793233,24.8173535597786
-0.171134136327345,0.277320412169043,41.6149124793233,24.8173535597786
-0.0232734355688623,0.831867383553971,41.6149124793233,24.8173535597786
0.0880481664471058,0.989880320010183,41.6149124793233,24.8173535597786
0.160773329161677,0.325430461507128,41.6149124793233,24.8173535597786
0.229006428762475,-0.315848634164969,41.6149124793233,24.8173535597786
0.275582671237525,-0.544918990325866,41.6149124793233,24.8173535597786
0.178254637105788,-0.549951526120163,41.6149124793233,24.8173535597786
-0.0348201072854291,-0.446706975509165,41.6149124793233,24.8173535597786
-0.126846533053892,-0.217425637576375,41.6149124793233,24.8173535597786
-0.0137049759281437,-0.0419508568228106,41.6149124793233,24.8173535597786
0.0696234035129741,0.102490987423625,41.6149124793233,24.8173535597786
-0.0176614000798403,-0.138059259266802,41.6149124793233,24.8173535597786
-0.0877266284031936,-0.703360095672098,41.6149124793233,24.8173535597786
-0.001622665249501,-1.05581755631365,41.6149124793233,24.8173535597786
0.0348677390419162,-0.956029383553972,41.6149124793233,24.8173535597786
-0.201610775908184,-0.599209564511202,41.6149124793233,24.8173535597786
-0.548607434431138,-0.434668603818737,41.6149124793233,24.8173535597786
-0.631820164550898,-0.435425656059063,41.6149124793233,24.8173535597786
-0.256848543872255,-0.19753750290224,41.6149124793233,24.8173535597786
-0.115811153073852,0.00240495804480652,41.6149124793233,24.8173535597786
-0.181573009281437,-0.168949472810591,41.6149124793233,24.8173535597786
-0.287787780738523,-0.460228424949083,41.6149124793233,24.8173535597786
-0.230054422155689,-0.815968513747454,41.6149124793233,24.8173535597786
-0.20036906740519,-0.757030135234216,41.6149124793233,24.8173535597786
-0.353799196007984,-0.468301580397149,41.6149124793233,24.8173535597786
-0.47609530994012,-0.0130773808044807,41.6149124793233,24.8173535597786
-0.465516440439122,-0.0215911158350305,41.6149124793233,24.8173535597786
0.0370285553093812,0.317704805448065,41.6149124793233,24.8173535597786
0.495645069361277,0.37589233706721,41.6149124793233,24.8173535597786
0.662740078303393,0.31586802296334,41.6149124793233,24.8173535597786
0.201481890279441,-0.320341304837067,41.6149124793233,24.8173535597786
-0.135587187025948,-0.586451372657841,41.6149124793233,24.8173535597786
-0.247480948842315,-0.499123535132383,41.6149124793233,24.8173535597786
-0.0694783828542914,0.129881385692464,41.6149124793233,24.8173535597786
0.389503339580838,0.792519283095723,41.6149124793233,24.8173535597786
0.762222841896207,1.12588289338086,41.6149124793233,24.8173535597786
0.939129782734531,0.851321143991853,41.6149124793233,24.8173535597786
0.831381136067864,0.101311971639511,41.6149124793233,24.8173535597786
0.654833316806387,-0.247242326221996,41.6149124793233,24.8173535597786
0.216564996506986,-0.581449863594705,41.6149124793233,24.8173535597786
0.0509429947105788,-0.313310647556008,41.6149124793233,24.8173535597786
0.103386918542914,0.161714811863544,41.6149124793233,24.8173535597786
0.326340549700599,0.827027213492872,41.6149124793233,24.8173535597786
0.63663985251497,0.955142791802444,41.6149124793233,24.8173535597786
0.974999332774451,0.90148516293279,41.6149124793233,24.8173535597786
0.613071738183633,-0.132592349236253,41.6149124793233,24.8173535597786
0.167487076606786,-1.00095609027495,41.6149124793233,24.8173535597786
-0.161796975329341,-0.947844531873727,41.6149124793233,24.8173535597786
-0.285042631057884,0.0112723978105906,41.6149124793233,24.8173535597786
-0.151138977345309,0.965300943584521,41.6149124793233,24.8173535597786
-0.0366887568463074,1.24672580590631,41.6149124793233,24.8173535597786
-0.0765086442315369,0.46675722194501,41.6149124793233,24.8173535597786
-0.0512970921756487,-0.214329169806517,41.6149124793233,24.8173535597786
-0.0838858535728543,-0.230388605855397,41.6149124793233,24.8173535597786
-0.205165470838323,-0.0647927363034623,41.6149124793233,24.8173535597786
-0.502542483692615,0.0770925052953157,41.6149124793233,24.8173535597786
-0.609688536526946,0.417120657433809,41.6149124793233,24.8173535597786
-0.496358288403194,0.803378639002037,41.6149124793233,24.8173535597786
-0.458218359580838,1.16780000717923,41.6149124793233,24.8173535597786
-0.551736052914172,0.842317186608961,41.6149124793233,24.8173535597786
-0.384336703652695,0.163315791191446,41.6149124793233,24.8173535597786
-0.212670503113772,-0.304976867566191,41.6149124793233,24.8173535597786
-0.0442242231536926,0.0149025253564155,41.6149124793233,24.8173535597786
-0.0264264012774451,0.47518408212831,41.6149124793233,24.8173535597786
-0.162588260159681,0.340124721384929,41.6149124793233,24.8173535597786
-0.299036198942116,0.16497882398167,41.6149124793233,24.8173535597786
-0.43572760998004,0.0911786412423625,41.6149124793233,24.8173535597786
-0.293655462095808,0.445323956059063,41.6149124793233,24.8173535597786
0.195924636047904,0.781026981873727,41.6149124793233,24.8173535597786
0.481243685449102,0.329736971792261,41.6149124793233,24.8173535597786
0.339074148662675,-0.587127755397149,41.6149124793233,24.8173535597786
0.108079846267465,-0.99856703197556,41.6149124793233,24.8173535597786
-0.127887376946108,-0.526160228665988,41.6149124793233,24.8173535597786
-0.235818627804391,0.390350793788187,41.6149124793233,24.8173535597786
-0.238295958003992,1.04853325259674,41.6149124793233,24.8173535597786
-0.19670480996008,0.881230912830957,41.6149124793233,24.8173535597786
-0.140718364810379,0.215955743279022,41.6149124793233,24.8173535597786
0.0678095352095808,-0.151195977240326,41.6149124793233,24.8173535597786
0.0596532146506986,-0.660599054786151,41.6149124793233,24.8173535597786
-0.169515045828343,-0.894428911507128,41.6149124793233,24.8173535597786
-0.28198096744511,-0.502244824287169,41.6149124793233,24.8173535597786
-0.360494683033932,0.270891673472505,41.6149124793233,24.8173535597786
-0.445064770978044,0.884817602953157,41.6149124793233,24.8173535597786
-0.160689176566866,1.11082251807536,41.6149124793233,24.8173535597786
0.174097348343313,0.458175228105906,41.6149124793233,24.8173535597786
0.255197956646707,-0.635759053818737,41.6149124793233,24.8173535597786
0.279423446067864,-1.23141023864562,41.6149124793233,24.8173535597786
0.172344348103792,-1.05398697917515,41.6149124793233,24.8173535597786
0.0998017895808383,-0.38609935885947,41.6149124793233,24.8173535597786
0.203606185708583,0.512434775560082,41.6149124793233,24.8173535597786
0.166154066007984,0.702752744501018,41.6149124793233,24.8173535597786
0.248021611916168,0.383717278665988,41.6149124793233,24.8173535597786
0.191913430638723,-0.452825446894094,41.6149124793233,24.8173535597786
0.461132877145709,-0.669087968431772,41.6149124793233,24.8173535597786
0.440760336167665,-0.943147084775967,41.6149124793233,24.8173535597786
0.357048487924152,-0.726909384623218,41.6149124793233,24.8173535597786
0.00551107183632734,-0.549138625763747,41.6149124793233,24.8173535597786
-0.124198772275449,-0.255346508401222,41.6149124793233,24.8173535597786
0.00697190536926147,0.307962411863544,41.6149124793233,24.8173535597786
0.158314259381238,0.593433159928717,41.6149124793233,24.8173535597786
0.0440344694610778,-0.118500007942974,41.6149124793233,24.8173535597786
0.0767084461477046,-0.758469775560081,41.6149124793233,24.8173535597786
0.0392258924151697,-0.733586337169043,41.6149124793233,24.8173535597786
-0.0774216651896208,-0.678551121435845,41.6149124793233,24.8173535597786
-0.0863388365469062,-0.328315174745417,41.6149124793233,24.8173535597786
-0.0192683169660679,-0.154683381822811,41.6149124793233,24.8173535597786
0.166762746646707,0.161770659979633,41.6149124793233,24.8173535597786
0.105206873652695,0.412193612525458,41.6149124793233,24.8173535597786
0.108633745648703,0.717453209725051,41.6149124793233,24.8173535597786
-0.163951704790419,-0.192976573421589,41.6149124793233,24.8173535597786
-0.221374636247505,-0.873876804786151,41.6149124793233,24.8173535597786
-0.18439728744511,-1.05055542270876,41.6149124793233,24.8173535597786
0.0136613055888224,-0.0819691346741344,41.6149124793233,24.8173535597786
-0.00585299568862275,0.853573684674134,41.6149124793233,24.8173535597786
0.0942810561876247,1.0815767212831,41.6149124793233,24.8173535597786
0.17954504005988,0.687202146843177,41.6149124793233,24.8173535597786
-0.177220942714571,0.0535059842668024,41.6149124793233,24.8173535597786
-0.562272314770459,-0.235867926578411,41.6149124793233,24.8173535597786
-0.766837703832335,-0.393856041649695,41.6149124793233,24.8173535597786
-0.553014282255489,0.0942316715885947,41.6149124793233,24.8173535597786
-0.222865903812375,0.63530063095723,41.6149124793233,24.8173535597786
0.026011435748503,1.17080960010183,41.6149124793233,24.8173535597786
-0.0524535853892215,1.23466261283096,41.6149124793233,24.8173535597786
-0.263939673313373,0.743298476782077,41.6149124793233,24.8173535597786
-0.529689640179641,0.119450198676171,41.6149124793233,24.8173535597786
-0.707284390139721,0.117228684725051,41.6149124793233,24.8173535597786
-0.696620305349301,0.335390042209776,41.6149124793233,24.8173535597786
-0.313997569041916,0.488345621486762,41.6149124793233,24.8173535597786
0.338885457664671,0.786791748523421,41.6149124793233,24.8173535597786
0.767962700319361,0.814765449338085,41.6149124793233,24.8173535597786
0.508159543293413,0.683584429989817,41.6149124793233,24.8173535597786
-0.125963946127745,0.129546296995927,41.6149124793233,24.8173535597786
-0.518142968463074,-0.235253597301426,41.6149124793233,24.8173535597786
-0.519628149221557,-0.0486216040224033,41.6149124793233,24.8173535597786
-0.171170657165669,0.361799995773931,41.6149124793233,24.8173535597786
0.522658316107784,0.64874141089613,41.6149124793233,24.8173535597786
1.06118242441118,0.522270249338086,41.6149124793233,24.8173535597786
1.10923167403194,-0.101025752953157,41.6149124793233,24.8173535597786
0.603004160419162,-0.283500164256619,41.6149124793233,24.8173535597786
-0.189564986067864,-0.167689787525458,41.6149124793233,24.8173535597786
-0.705738341317365,0.169130200610998,41.6149124793233,24.8173535597786
-0.713212939560878,0.472534399287169,41.6149124793233,24.8173535597786
-0.110625194031936,0.402134746283096,41.6149124793233,24.8173535597786
0.669094704171657,0.264605657739308,41.6149124793233,24.8173535597786
1.22863655493014,0.188701862627291,41.6149124793233,24.8173535597786
1.1371701153493,-0.0292298970468432,41.6149124793233,24.8173535597786
0.241143520698603,-0.371491973828921,41.6149124793233,24.8173535597786
-0.915136654650698,-0.672258900356415,41.6149124793233,24.8173535597786
-1.29281690417166,-0.411888777800407,41.6149124793233,24.8173535597786
-0.749185965309381,0.202446704531568,41.6149124793233,24.8173535597786
0.132573155169661,0.792494461710794,41.6149124793233,24.8173535597786
0.677750142854291,0.694809901323829,41.6149124793233,24.8173535597786
0.896589092894212,0.0817154882382892,41.6149124793233,24.8173535597786
0.500313649860279,-0.371827062525458,41.6149124793233,24.8173535597786
-0.290179895648703,-0.468034750509165,41.6149124793233,24.8173535597786
-0.904198663572854,-0.44438617601833,41.6149124793233,24.8173535597786
-1.07685092674651,-0.018178175407332,41.6149124793233,24.8173535597786
-0.608367699540918,0.261534011354379,41.6149124793233,24.8173535597786
0.310040082195609,0.766295489918534,41.6149124793233,24.8173535597786
0.969935109860279,1.089966349389,41.6149124793233,24.8173535597786
1.02221468992016,0.883210418279022,41.6149124793233,24.8173535597786
0.477311608522954,0.0560129441446028,41.6149124793233,24.8173535597786
-0.270014306087824,-0.543224930804481,41.6149124793233,24.8173535597786
-0.810577494530938,-0.690769448167006,41.6149124793233,24.8173535597786
-0.837365529441118,-0.212113861201629,41.6149124793233,24.8173535597786
-0.131460332295409,0.595884271690428,41.6149124793233,24.8173535597786
0.81190944243513,1.32508691812627,41.6149124793233,24.8173535597786
1.19646169636727,1.09388192286151,41.6149124793233,24.8173535597786
0.719554329121757,0.151488401272912,41.6149124793233,24.8173535597786
-0.1255561300998,-1.06347495356415,41.6149124793233,24.8173535597786
-0.703869691756487,-1.60201213167006,41.6149124793233,24.8173535597786
-0.943075095968064,-1.18119657693483,41.6149124793233,24.8173535597786
-0.743683492335329,-0.440892566089613,41.6149124793233,24.8173535597786
-0.134735034131737,0.358802813543788,41.6149124793233,24.8173535597786
0.649854309181637,0.955403416344195,41.6149124793233,24.8173535597786
0.857633532015968,0.843576871894094,41.6149124793233,24.8173535597786
0.213186818962076,-0.169390052393075,41.6149124793233,24.8173535597786
-0.784586831257485,-1.63010993940937,41.6149124793233,24.8173535597786
-1.30416879808383,-2.0548969157332,41.6149124793233,24.8173535597786
-1.03098075381238,-1.15710742286151,41.6149124793233,24.8173535597786
-0.398999820239521,0.266442440224033,41.6149124793233,24.8173535597786
0.272314056207585,1.403441825,41.6149124793233,24.8173535597786
0.611756988003992,1.54877103375764,41.6149124793233,24.8173535597786
0.522773965429142,0.685961077596741,41.6149124793233,24.8173535597786
-0.111519954570858,-0.559830437321792,41.6149124793233,24.8173535597786
-0.870964700698603,-1.67776079312627,41.6149124793233,24.8173535597786
-1.01621416151697,-1.93790752321792,41.6149124793233,24.8173535597786
-0.560945390978044,-0.955166840427699,41.6149124793233,24.8173535597786
0.128708033113772,0.824439584114053,41.6149124793233,24.8173535597786
0.70837895259481,2.04493190244399,41.6149124793233,24.8173535597786
0.749653586706587,1.76467985056008,41.6149124793233,24.8173535597786
0.262836898662675,0.377480905702648,41.6149124793233,24.8173535597786
-0.430943380159681,-1.28535331344196,41.6149124793233,24.8173535597786
-0.942521196586826,-2.11260663569246,41.6149124793233,24.8173535597786
-0.745728659281437,-1.67891498752546,41.6149124793233,24.8173535597786
-0.00670514858283433,-0.165213854378819,41.6149124793233,24.8173535597786
0.733207035848303,1.36336769903259,41.6149124793233,24.8173535597786
0.929914357864271,2.10804027362525,41.6149124793233,24.8173535597786
0.493946850379242,1.42447794872709,41.6149124793233,24.8173535597786
-0.248704396926148,-0.112307072403259,41.6149124793233,24.8173535597786
-0.794307461057884,-1.32220065936864,41.6149124793233,24.8173535597786
-0.740402703692615,-1.65300146165988,41.6149124793233,24.8173535597786
-0.10754527,-0.951151981415479,41.6149124793233,24.8173535597786
0.519054926726547,0.242235384572301,41.6149124793233,24.8173535597786
0.874067909261477,1.31555550631365,41.6149124793233,24.8173535597786
0.592449638143713,1.50948498676171,41.6149124793233,24.8173535597786
0.0148482328343313,0.976811860845214,41.6149124793233,24.8173535597786
-0.601702646546906,-0.298517102138493,41.6149124793233,24.8173535597786
-0.806201080738523,-1.12228922515275,41.6149124793233,24.8173535597786
-0.467135530938124,-1.07502310290224,41.6149124793233,24.8173535597786
0.175819914550898,-0.342345462576375,41.6149124793233,24.8173535597786
0.82715689243513,0.774951947912424,41.6149124793233,24.8173535597786
0.830078559500998,1.41070828543788,41.6149124793233,24.8173535597786
0.20437921011976,1.11405550346232,41.6149124793233,24.8173535597786
-0.556769841796407,0.324425195417515,41.6149124793233,24.8173535597786
-0.999621527305389,-0.48815248299389,41.6149124793233,24.8173535597786
-0.744322607005988,-0.718072971588595,41.6149124793233,24.8173535597786
-0.0541031099201597,-0.164016222556008,41.6149124793233,24.8173535597786
0.591360099800399,0.600159755244399,41.6149124793233,24.8173535597786
0.783246671157685,0.855336003004073,41.6149124793233,24.8173535597786
0.358241501976048,0.835714698217923,41.6149124793233,24.8173535597786
-0.399766757844311,0.602939750356415,41.6149124793233,24.8173535597786
-0.989566123153693,0.363065886405295,41.6149124793233,24.8173535597786
-0.70956694253493,0.26837230290224,41.6149124793233,24.8173535597786
-0.0260307588622754,0.129682814613035,41.6149124793233,24.8173535597786
0.472393468962076,-0.135397165733198,41.6149124793233,24.8173535597786
0.63286603255489,-0.202396289002037,41.6149124793233,24.8173535597786
0.40981501249501,0.136521106160896,41.6149124793233,24.8173535597786
-0.116876344191617,0.618198696741344,41.6149124793233,24.8173535597786
-0.570757322874251,0.924376685183299,41.6149124793233,24.8173535597786
-0.714010311197605,0.686848442107943,41.6149124793233,24.8173535597786
-0.294160667025948,0.323308233095723,41.6149124793233,24.8173535597786
0.271431469281437,-0.108230159928717,41.6149124793233,24.8173535597786
0.556220966526946,-0.409406639307536,41.6149124793233,24.8173535597786
0.319419850838323,-0.38441771003055,41.6149124793233,24.8173535597786
-0.311398502714571,-0.235681766191446,41.6149124793233,24.8173535597786
-0.681439810219561,0.386478657739308,41.6149124793233,24.8173535597786
-0.854810316546906,0.796112178564155,41.6149124793233,24.8173535597786
-0.490374957724551,0.756360730600815,41.6149124793233,24.8173535597786
-0.0608351177844311,0.0184705994399185,41.6149124793233,24.8173535597786
0.274054882834331,-0.537249182382892,41.6149124793233,24.8173535597786
0.184104058043912,-0.942166640071283,41.6149124793233,24.8173535597786
-0.221733757824351,-0.438031901476578,41.6149124793233,24.8173535597786
-0.633037525828343,0.260876244653768,41.6149124793233,24.8173535597786
-0.718325856926148,0.67191837907332,41.6149124793233,24.8173535597786
-0.331618873532934,0.658427956364562,41.6149124793233,24.8173535597786
0.226334320758483,0.182353793431772,41.6149124793233,24.8173535597786
0.614885606487026,-0.336090473574338,41.6149124793233,24.8173535597786
0.638563283333333,-0.706617902443992,41.6149124793233,24.8173535597786
0.395480583453094,-0.178338161659878,41.6149124793233,24.8173535597786
-0.179588710399202,0.258363079429735,41.6149124793233,24.8173535597786
-0.478055261596806,0.475686715173116,41.6149124793233,24.8173535597786
-0.280787953393214,0.404387286965377,41.6149124793233,24.8173535597786
0.36218575251497,0.215248333808554,41.6149124793233,24.8173535597786
0.756263858443114,-0.384039183910387,41.6149124793233,24.8173535597786
0.785444008263473,-0.487643644602851,41.6149124793233,24.8173535597786
0.482120185568862,-0.300527634317719,41.6149124793233,24.8173535597786
-0.0947325425548902,-0.0409766174643585,41.6149124793233,24.8173535597786
-0.708331320838323,-0.0420129102851324,41.6149124793233,24.8173535597786
-0.807278445469062,-0.0622237229633401,41.6149124793233,24.8173535597786
-0.298135351596806,-0.280862892107943,41.6149124793233,24.8173535597786
0.449227083852295,-0.436492975610998,41.6149124793233,24.8173535597786
0.912195664471058,-0.221812817362525,41.6149124793233,24.8173535597786
0.621812392155689,0.170582251629328,41.6149124793233,24.8173535597786
-0.170434153592814,-0.00362043314663951,41.6149124793233,24.8173535597786
-0.868901273333333,-0.531099684266802,41.6149124793233,24.8173535597786
-0.866509158423154,-0.520227917668024,41.6149124793233,24.8173535597786
-0.403412754870259,-0.233367172046843,41.6149124793233,24.8173535597786
0.304543696027944,0.213821104175153,41.6149124793233,24.8173535597786
0.817113661896208,0.656802155651731,41.6149124793233,24.8173535597786
0.640407585668663,0.37839929694501,41.6149124793233,24.8173535597786
0.153475248303393,0.0286473672606925,41.6149124793233,24.8173535597786
-0.344614205169661,-0.198598617107943,41.6149124793233,24.8173535597786
-0.588829051037924,-0.345956974083503,41.6149124793233,24.8173535597786
-0.468091159540918,-0.541214398625255,41.6149124793233,24.8173535597786
0.0824909122155689,-0.126566958044807,41.6149124793233,24.8173535597786
0.674049364570858,0.62297060799389,41.6149124793233,24.8173535597786
0.960683164151697,1.25899377540733,41.6149124793233,24.8173535597786
0.619006374411178,0.917519777596741,41.6149124793233,24.8173535597786
-0.246567927884232,-0.319305012016293,41.6149124793233,24.8173535597786
-0.683478890359281,-1.09904399816701,41.6149124793233,24.8173535597786
-0.616219679780439,-0.925319125050917,41.6149124793233,24.8173535597786
-0.0826684922954092,0.171388946639511,41.6149124793233,24.8173535597786
0.376508007944112,0.992765806008146,41.6149124793233,24.8173535597786
0.615463853093812,1.12709293589613,41.6149124793233,24.8173535597786
0.3587406200998,0.702672075,41.6149124793233,24.8173535597786
-0.213212228882236,0.255185942158859,41.6149124793233,24.8173535597786
-0.759430060459082,-0.211977343584521,41.6149124793233,24.8173535597786
-0.934608348283433,-0.641598284623218,41.6149124793233,24.8173535597786
-0.383788891077844,-0.444988094602851,41.6149124793233,24.8173535597786
0.13891560742515,0.123365772148676,41.6149124793233,24.8173535597786
0.296868233173653,0.839375852494908,41.6149124793233,24.8173535597786
-0.0171744555688623,0.798619138441955,41.6149124793233,24.8173535597786
-0.286941714650699,0.259951648065173,41.6149124793233,24.8173535597786
-0.439111874331337,-0.320595724032587,41.6149124793233,24.8173535597786
-0.507095414870259,-0.708386426120163,41.6149124793233,24.8173535597786
-0.37135963243513,-0.557453789714868,41.6149124793233,24.8173535597786
-0.0281794015169661,-0.249724464714868,41.6149124793233,24.8173535597786
0.348971295848303,0.180827278258656,41.6149124793233,24.8173535597786
0.405578595249501,0.457337506364562,41.6149124793233,24.8173535597786
0.173153893353293,0.978189447708758,41.6149124793233,24.8173535597786
-0.288104294670659,0.438795931822811,41.6149124793233,24.8173535597786
-0.483594255409182,-0.252305888747454,41.6149124793233,24.8173535597786
-0.318380069640719,-0.72990656685336,41.6149124793233,24.8173535597786
0.239335739201597,-0.530336426680244,41.6149124793233,24.8173535597786
0.496965906347305,-0.326391517413442,41.6149124793233,24.8173535597786
0.625756642694611,0.498845067311609,41.6149124793233,24.8173535597786
0.384822585469062,0.862999605600815,41.6149124793233,24.8173535597786
-0.196303080738523,0.651515200661914,41.6149124793233,24.8173535597786
-0.526481893213573,0.353857152596741,41.6149124793233,24.8173535597786
-0.43228247756487,-0.0789657470977597,41.6149124793233,24.8173535597786
0.107136391277445,-0.481109415020367,41.6149124793233,24.8173535597786
0.402456063572854,-0.65307817515275,41.6149124793233,24.8173535597786
0.677579712275449,-0.080498467617108,41.6149124793233,24.8173535597786
0.210788617245509,0.298244839663951,41.6149124793233,24.8173535597786
-0.141339219061876,0.850216592362525,41.6149124793233,24.8173535597786
-0.320887833872255,0.913542150661914,41.6149124793233,24.8173535597786
-0.0998758939520958,0.594730077291242,41.6149124793233,24.8173535597786
-0.130109061277445,-0.216494835641548,41.6149124793233,24.8173535597786
0.0968740357085828,-0.605321830549898,41.6149124793233,24.8173535597786
0.32004070508982,-0.528611340427699,41.6149124793233,24.8173535597786
0.482406265469062,-0.0243524949083503,41.6149124793233,24.8173535597786
0.307489710319361,0.584466434623218,41.6149124793233,24.8173535597786
-0.0486980258483034,0.724390786812627,41.6149124793233,24.8173535597786
-0.236177749381238,0.572297750661914,41.6149124793233,24.8173535597786
-0.0579134507185629,0.310785844399185,41.6149124793233,24.8173535597786
0.415554870918164,-0.0690247824338086,41.6149124793233,24.8173535597786
0.426845896766467,-0.669733324439919,41.6149124793233,24.8173535597786
0.315006916207585,-0.646537740224033,41.6149124793233,24.8173535597786
0.204275734411178,-0.429524371792261,41.6149124793233,24.8173535597786
-0.0130902084830339,0.0848491880855397,41.6149124793233,24.8173535597786
-0.19964473744511,0.138748825458248,41.6149124793233,24.8173535597786
-0.103101901337325,0.00525321196537678,41.6149124793233,24.8173535597786
0.0504925710379241,-0.419266934470468,41.6149124793233,24.8173535597786
0.203837484351297,-0.65253831003055,41.6149124793233,24.8173535597786
0.215944142255489,-0.767684714714868,41.6149124793233,24.8173535597786
0.240571360898204,-0.673456532179226,41.6149124793233,24.8173535597786
0.0842804332934132,-0.373533532739308,41.6149124793233,24.8173535597786
-0.0842510619560878,-0.232870744348269,41.6149124793233,24.8173535597786
-0.128550838842315,-0.0299311011710794,41.6149124793233,24.8173535597786
-0.11629809758483,0.0319299954175153,41.6149124793233,24.8173535597786
0.125232466666667,-0.289215288136456,41.6149124793233,24.8173535597786
0.386271245389222,-0.297809692668024,41.6149124793233,24.8173535597786
0.392114579520958,-0.158518285794297,41.6149124793233,24.8173535597786
0.149281438702595,-0.184351142158859,41.6149124793233,24.8173535597786
-0.0767399428742515,-0.188887250254582,41.6149124793233,24.8173535597786
-0.132209009481038,-0.176271781364562,41.6149124793233,24.8173535597786
-0.0954751329341317,-0.258802886252546,41.6149124793233,24.8173535597786
0.0513934183832335,-0.148540089052953,41.6149124793233,24.8173535597786
0.137363471796407,0.065364400916497,41.6149124793233,24.8173535597786
0.214355485788423,0.270463504582485,41.6149124793233,24.8173535597786
0.281060796986028,0.269476854531568,41.6149124793233,24.8173535597786
-0.0237847273053892,0.00550763116089613,41.6149124793233,24.8173535597786
-0.41499594742515,-0.56742578110998,41.6149124793233,24.8173535597786
-0.458930515928144,-0.724588585132383,41.6149124793233,24.8173535597786
-0.179418279820359,-0.135583326120163,41.6149124793233,24.8173535597786
0.186404870858283,0.616659770875764,41.6149124793233,24.8173535597786
0.203137501616766,0.807213542973523,41.6149124793233,24.8173535597786
0.147498004431138,0.467805925458248,41.6149124793233,24.8173535597786
-0.052952703512974,-0.14246505509165,41.6149124793233,24.8173535597786
-0.198171730299401,-0.385491234928717,41.6149124793233,24.8173535597786
-0.247170521716567,-0.305653250305499,41.6149124793233,24.8173535597786
-0.315257537964072,-0.0957450033095723,41.6149124793233,24.8173535597786
-0.11735111508982,0.235725976374745,41.6149124793233,24.8173535597786
0.163500218423154,0.455717910997963,41.6149124793233,24.8173535597786
0.280190383672655,0.359057232739308,41.6149124793233,24.8173535597786
0.158034266287425,-0.0560245820773931,41.6149124793233,24.8173535597786
-0.1377540900998,-0.523088582281059,41.6149124793233,24.8173535597786
-0.46966764239521,-0.69576475188391,41.6149124793233,24.8173535597786
-0.476399650259481,-0.305845616038697,41.6149124793233,24.8173535597786
-0.229591824870259,0.506744473065173,41.6149124793233,24.8173535597786
0.201688841696607,0.989476972505092,41.6149124793233,24.8173535597786
0.318184229141717,0.858432470773931,41.6149124793233,24.8173535597786
0.220338816467066,0.0034846882892057,41.6149124793233,24.8173535597786
0.0893324825948104,-0.617676674898167,41.6149124793233,24.8173535597786
-0.0492032307784431,-0.646605999032587,41.6149124793233,24.8173535597786
-0.189175430459082,-0.196799066700611,41.6149124793233,24.8173535597786
-0.109353051497006,0.371269354124236,41.6149124793233,24.8173535597786
0.316315579580838,0.74982650101833,41.6149124793233,24.8173535597786
0.554054063453094,0.875677127953157,41.6149124793233,24.8173535597786
0.479983716526946,0.653128590682281,41.6149124793233,24.8173535597786
0.437138686367265,0.206418126120163,41.6149124793233,24.8173535597786
0.319815493253493,-0.248359288543788,41.6149124793233,24.8173535597786
0.108378099780439,-0.52064367586558,41.6149124793233,24.8173535597786
-0.0433538098403194,-0.447153760437882,41.6149124793233,24.8173535597786
0.0779197206187625,-0.0866914031568228,41.6149124793233,24.8173535597786
0.475144705449102,0.451163186863544,41.6149124793233,24.8173535597786
0.772953881556886,0.766909819195519,41.6149124793233,24.8173535597786
0.645672673193613,0.637187056211812,41.6149124793233,24.8173535597786
0.284998960718563,0.0978245670570265,41.6149124793233,24.8173535597786
-0.0566169609580838,-0.253919278767821,41.6149124793233,24.8173535597786
-0.0652906600598802,-0.320074474949083,41.6149124793233,24.8173535597786
0.0691729798403194,-0.145412594551935,41.6149124793233,24.8173535597786
0.202522734171657,0.0614798541751527,41.6149124793233,24.8173535597786
0.344704444570858,0.332647279175153,41.6149124793233,24.8173535597786
0.471443927165669,0.583585275458248,41.6149124793233,24.8173535597786
0.229712498303393,0.620761504735234,41.6149124793233,24.8173535597786
-0.210674030618762,0.211252090835031,41.6149124793233,24.8173535597786
-0.294014583672655,-0.217735904887984,41.6149124793233,24.8173535597786
-0.181013023093812,-0.379614772046843,41.6149124793233,24.8173535597786
-0.131782933033932,-0.0397417535641548,41.6149124793233,24.8173535597786
-0.217838201736527,0.203545050814664,41.6149124793233,24.8173535597786
-0.280301008882235,0.410294776578411,41.6149124793233,24.8173535597786
-0.170440240399202,0.396841585947047,41.6149124793233,24.8173535597786
-0.132574217864271,0.262799901985743,41.6149124793233,24.8173535597786
-0.182814717784431,0.151550454735234,41.6149124793233,24.8173535597786
-0.378176855588822,-0.148620758553971,41.6149124793233,24.8173535597786
-0.459393113213573,-0.429251336558045,41.6149124793233,24.8173535597786
-0.378420327844311,-0.310431366904277,41.6149124793233,24.8173535597786
-0.26350751005988,-0.0428196052953157,41.6149124793233,24.8173535597786
-0.236189922994012,0.285679013543788,41.6149124793233,24.8173535597786
-0.199529088123752,0.554935191904277,41.6149124793233,24.8173535597786
-0.18055651261477,0.559911879582485,41.6149124793233,24.8173535597786
-0.116005930878243,0.258884328513238,41.6149124793233,24.8173535597786
-0.133207245728543,-0.0770607058044807,41.6149124793233,24.8173535597786
-0.223395455968064,-0.530249551832994,41.6149124793233,24.8173535597786
-0.30920725241517,-0.572135638900204,41.6149124793233,24.8173535597786
-0.275735904091816,-0.12079598604888,41.6149124793233,24.8173535597786
-0.255801613173653,0.239858736965377,41.6149124793233,24.8173535597786
-0.129056043772455,0.39237994200611,41.6149124793233,24.8173535597786
-0.00599299223552895,0.323575062983707,41.6149124793233,24.8173535597786
0.0739024284031936,-0.223699242617108,41.6149124793233,24.8173535597786
-0.0369991839720559,-0.711458072505092,41.6149124793233,24.8173535597786
-0.188682399141717,-0.860882809775967,41.6149124793233,24.8173535597786
-0.115074649500998,-0.675014074083503,41.6149124793233,24.8173535597786
-0.0831432631936128,-0.0437193804989817,41.6149124793233,24.8173535597786
0.0912315661876247,0.52339341700611,41.6149124793233,24.8173535597786
0.336712467784431,0.458367593839104,41.6149124793233,24.8173535597786
0.445934121596806,-0.0663502782077393,41.6149124793233,24.8173535597786
0.216339784670659,-0.897246138696538,41.6149124793233,24.8173535597786
0.0987913797205589,-1.32585560829939,41.6149124793233,24.8173535597786
0.167164475868263,-1.02991644114053,41.6149124793233,24.8173535597786
0.425762445229541,-0.101664903615071,41.6149124793233,24.8173535597786
0.550931531776447,0.804781047250509,41.6149124793233,24.8173535597786
0.440675120878244,0.925214406924644,41.6149124793233,24.8173535597786
0.492236457784431,0.704155152749491,41.6149124793233,24.8173535597786
0.5356110400998,0.132320086761711,41.6149124793233,24.8173535597786
0.310904408702595,-0.146833618839104,41.6149124793233,24.8173535597786
0.144485035269461,-0.0420377316700611,41.6149124793233,24.8173535597786
-0.0175883584031936,0.251481350458248,41.6149124793233,24.8173535597786
0.0330660443512974,0.375668944602851,41.6149124793233,24.8173535597786
0.348642608303393,0.911227556517312,41.6149124793233,24.8173535597786
0.356159814191617,1.01172934409369,41.6149124793233,24.8173535597786
0.147351921077844,0.818767897657841,41.6149124793233,24.8173535597786
-0.0208691470459082,0.562394018075356,41.6149124793233,24.8173535597786
-0.13869754508982,0.39377614490835,41.6149124793233,24.8173535597786
-0.316188819341317,0.0321409771894094,41.6149124793233,24.8173535597786
-0.24227064257485,0.528494211608961,41.6149124793233,24.8173535597786
-0.322214757664671,0.601506315376782,41.6149124793233,24.8173535597786
-0.325306855309381,0.398293636965377,41.6149124793233,24.8173535597786
-0.232671748902196,0.227485276578411,41.6149124793233,24.8173535597786
-0.22419282760479,0.194975467668024,41.6149124793233,24.8173535597786
-0.254048612934132,0.0948522062118126,41.6149124793233,24.8173535597786
-0.260549322155689,0.100834159979633,41.6149124793233,24.8173535597786
-0.377982077784431,-0.188229483553971,41.6149124793233,24.8173535597786
-0.650360576806387,-0.820659755498982,41.6149124793233,24.8173535597786
-0.481049970339321,-0.60697865799389,41.6149124793233,24.8173535597786
-0.169849820179641,-0.0117618474032587,41.6149124793233,24.8173535597786
0.161728957764471,0.455134608452138,41.6149124793233,24.8173535597786
0.129815831876248,0.184730441038697,41.6149124793233,24.8173535597786
0.0997409215169661,-0.0749819148167006,41.6149124793233,24.8173535597786
-0.0232551751497006,-0.45700164490835,41.6149124793233,24.8173535597786
-0.12518483491018,-0.381625304226069,41.6149124793233,24.8173535597786
-0.150110307065868,-0.331560570824847,41.6149124793233,24.8173535597786
0.111884100259481,0.0555971859470468,41.6149124793233,24.8173535597786
0.267201138842315,0.384629464562118,41.6149124793233,24.8173535597786
0.425908528582834,0.978735518177189,41.6149124793233,24.8173535597786
0.378516654051896,0.993764866751527,41.6149124793233,24.8173535597786
0.241740027724551,0.376692826731161,41.6149124793233,24.8173535597786
0.152531793313373,-0.199181919653768,41.6149124793233,24.8173535597786
-0.100989779520958,-0.271300453564155,41.6149124793233,24.8173535597786
-0.202122067644711,0.366857352953157,41.6149124793233,24.8173535597786
-0.1413757399002,0.912369340224033,41.6149124793233,24.8173535597786
0.233973262774451,1.3717387110998,41.6149124793233,24.8173535597786
0.247461625728543,1.04505825870672,41.6149124793233,24.8173535597786
0.140163402734531,0.626172566649695,41.6149124793233,24.8173535597786
-0.0055547421756487,0.464169592566191,41.6149124793233,24.8173535597786
-0.273124664151697,0.146586177749491,41.6149124793233,24.8173535597786
-0.3592712349501,0.102000765071283,41.6149124793233,24.8173535597786
-0.242873236407186,0.398821091395112,41.6149124793233,24.8173535597786
-0.135221978642715,0.722665700560081,41.6149124793233,24.8173535597786
0.0430910144710579,0.982191896028513,41.6149124793233,24.8173535597786
0.205140060918164,0.757905861812627,41.6149124793233,24.8173535597786
0.238191419600798,0.341185835590631,41.6149124793233,24.8173535597786
-0.056002193512974,-0.182154449592668,41.6149124793233,24.8173535597786
-0.126365675349301,-0.237878458757637,41.6149124793233,24.8173535597786
0.00707538107784431,-0.159387034266802,41.6149124793233,24.8173535597786
0.152677876666667,0.139257663849287,41.6149124793233,24.8173535597786
0.192284725828343,0.260646646843177,41.6149124793233,24.8173535597786
0.208067814790419,0.158823120519348,41.6149124793233,24.8173535597786
0.224983049740519,-0.225647721334012,41.6149124793233,24.8173535597786
0.34105844754491,-0.492614126934827,41.6149124793233,24.8173535597786
0.391378075948104,-0.729019202342159,41.6149124793233,24.8173535597786
0.237783603572854,-0.77421273895112,41.6149124793233,24.8173535597786
-0.0193109246107784,-0.934236207586558,41.6149124793233,24.8173535597786
0.0381241804590818,-0.605359062627291,41.6149124793233,24.8173535597786
0.29908991750499,-0.284474403615071,41.6149124793233,24.8173535597786
0.612286540159681,0.188974897861507,41.6149124793233,24.8173535597786
0.60403891750499,0.141441945723014,41.6149124793233,24.8173535597786
0.34748611508982,-0.221384648472505,41.6149124793233,24.8173535597786
0.0949749521157684,-0.609547671334012,41.6149124793233,24.8173535597786
-0.0391173925948104,-0.680406519959267,41.6149124793233,24.8173535597786
0.0709381536926148,-0.233001056619145,41.6149124793233,24.8173535597786
0.0948775632135729,0.223458006873727,41.6149124793233,24.8173535597786
0.137339124570858,0.483083487881874,41.6149124793233,24.8173535597786
0.320783295469062,0.612849688289206,41.6149124793233,24.8173535597786
0.277506102055888,0.610435808604888,41.6149124793233,24.8173535597786
0.0947132194411178,0.489264012729124,41.6149124793233,24.8173535597786
-0.339556069061876,0.242688374847251,41.6149124793233,24.8173535597786
-0.538302471217565,-0.0210574560590631,41.6149124793233,24.8173535597786
-0.479041324231537,0.0386938228105906,41.6149124793233,24.8173535597786
-0.317211402814371,0.302787153105906,41.6149124793233,24.8173535597786
-0.180921720998004,0.585589602291242,41.6149124793233,24.8173535597786
0.00716059636726547,0.852667704124236,41.6149124793233,24.8173535597786
0.0214463309580838,0.593029812423625,41.6149124793233,24.8173535597786
-0.219487726267465,0.307242591700611,41.6149124793233,24.8173535597786
-0.656088261616766,-0.0709546451120163,41.6149124793233,24.8173535597786
-0.744821725129741,-0.0983388380346232,41.6149124793233,24.8173535597786
-0.396674660199601,0.167206543279022,41.6149124793233,24.8173535597786
0.09876703249501,0.539992718177189,41.6149124793233,24.8173535597786
0.350718209281437,0.743143343126273,41.6149124793233,24.8173535597786
0.169897451936128,0.695889631568228,41.6149124793233,24.8173535597786
0.0932219518762475,0.531702375610998,41.6149124793233,24.8173535597786
-0.153330227644711,-0.0754659318228106,41.6149124793233,24.8173535597786
-0.110759103772455,-0.0958939316191446,41.6149124793233,24.8173535597786
-0.100953258682635,-0.153845660081466,41.6149124793233,24.8173535597786
0.158064700319361,0.134212717362525,41.6149124793233,24.8173535597786
0.335056856447106,0.340701818584521,41.6149124793233,24.8173535597786
0.421106038343313,0.500086136558045,41.6149124793233,24.8173535597786
0.187129200818363,0.135497224032587,41.6149124793233,24.8173535597786
0.00435457862275449,-0.0524813293788187,41.6149124793233,24.8173535597786
-0.104587082095808,-0.110730914460285,41.6149124793233,24.8173535597786
-0.028879384251497,0.00232428854378819,41.6149124793233,24.8173535597786
0.0396763160878243,0.203340274389002,41.6149124793233,24.8173535597786
0.109443290898204,0.245418727189409,41.6149124793233,24.8173535597786
0.25894134257485,0.229545451527495,41.6149124793233,24.8173535597786
0.169940059580838,-0.122217010336049,41.6149124793233,24.8173535597786
0.0221828345309381,0.0420633258146639,41.6149124793233,24.8173535597786
-0.298604035688623,0.00787186807535641,41.6149124793233,24.8173535597786
-0.201537734231537,0.302793358452139,41.6149124793233,24.8173535597786
-0.0577125861077844,0.440198340071283,41.6149124793233,24.8173535597786
0.0569202385828343,0.479347869450102,41.6149124793233,24.8173535597786
0.110551089660679,0.146344169246436,41.6149124793233,24.8173535597786
0.152769178762475,0.358573215733198,41.6149124793233,24.8173535597786
0.00571193644710579,0.650292747454175,41.6149124793233,24.8173535597786
-0.259325874071856,0.554457380244399,41.6149124793233,24.8173535597786
-0.136585423273453,0.358715938696538,41.6149124793233,24.8173535597786
0.155903884051896,0.255477593431772,41.6149124793233,24.8173535597786
0.282253811037924,0.192505739867617,41.6149124793233,24.8173535597786
0.272198406886228,0.276085548268839,41.6149124793233,24.8173535597786
0.183124082215569,0.372367700407332,41.6149124793233,24.8173535597786
0.111031947365269,0.491119411252546,41.6149124793233,24.8173535597786
0.122079500958084,0.569461907433809,41.6149124793233,24.8173535597786
0.205919172135729,0.644490748727088,41.6149124793233,24.8173535597786
0.302480268662675,0.378008360132383,41.6149124793233,24.8173535597786
0.252976272315369,-0.228359457637475,41.6149124793233,24.8173535597786
0.179703297025948,-0.653444290580448,41.6149124793233,24.8173535597786
0.276045268522954,-0.53337084098778,41.6149124793233,24.8173535597786
0.329243956347305,0.16386806700611,41.6149124793233,24.8173535597786
0.262301259700599,0.653358188492872,41.6149124793233,24.8173535597786
0.128793248403194,0.473756852494908,41.6149124793233,24.8173535597786
0.0739754700798403,-0.0811810557026477,41.6149124793233,24.8173535597786
0.0566098114570858,-0.541251630702648,41.6149124793233,24.8173535597786
0.131812304371257,-0.780058175101833,41.6149124793233,24.8173535597786
0.105267741716567,-0.64305654098778,41.6149124793233,24.8173535597786
-0.0331036278842315,-0.260565204582485,41.6149124793233,24.8173535597786
-0.128946481257485,0.0325132979633401,41.6149124793233,24.8173535597786
-0.210990544550898,0.166821811812627,41.6149124793233,24.8173535597786
-0.0866796977045908,0.311319504175153,41.6149124793233,24.8173535597786
0.116223993213573,-0.00428440519348269,41.6149124793233,24.8173535597786
0.126072445948104,-0.439217122606925,41.6149124793233,24.8173535597786
-0.0511814428542914,-0.734901870570265,41.6149124793233,24.8173535597786
-0.198488244231537,-0.526948307637474,41.6149124793233,24.8173535597786
-0.206766300918164,-0.0194006286150713,41.6149124793233,24.8173535597786
-0.0439077092215569,0.414986018329939,41.6149124793233,24.8173535597786
-0.0643837259081836,0.384344018635438,41.6149124793233,24.8173535597786
-0.110479110678643,-0.170668353716904,41.6149124793233,24.8173535597786
0.142999854510978,-0.382357535081466,41.6149124793233,24.8173535597786
0.422676434391218,-0.318485906313646,41.6149124793233,24.8173535597786
0.353098150578842,-0.255160348014257,41.6149124793233,24.8173535597786
0.146980625888224,-0.246112953207739,41.6149124793233,24.8173535597786
-0.0914213198802395,-0.225740801527495,41.6149124793233,24.8173535597786
-0.0860588434530938,-0.120566388238289,41.6149124793233,24.8173535597786
0.164510628283433,-0.0446253610488798,41.6149124793233,24.8173535597786
0.439287329021956,-0.177097092413442,41.6149124793233,24.8173535597786
0.727607173972056,-0.260391454887984,41.6149124793233,24.8173535597786
0.595894770558882,-0.192498761761711,41.6149124793233,24.8173535597786
0.263762093233533,-0.286180873828921,41.6149124793233,24.8173535597786
0.112918857345309,-0.184419400967413,41.6149124793233,24.8173535597786
0.0451666154491018,-0.11760643808554,41.6149124793233,24.8173535597786
-0.124996143912176,-0.260496945773931,41.6149124793233,24.8173535597786
0.033972978502994,-0.181403602698574,41.6149124793233,24.8173535597786
0.336682033752495,0.0619514604887984,41.6149124793233,24.8173535597786
0.613716939660679,0.124439297046843,41.6149124793233,24.8173535597786
0.439482106826347,0.155515670977597,41.6149124793233,24.8173535597786
-0.0587108223552894,-0.044215808197556,41.6149124793233,24.8173535597786
-0.394166895968064,0.0559446853360489,41.6149124793233,24.8173535597786
-0.354176578003992,0.468383022657841,41.6149124793233,24.8173535597786
-0.113790333353293,0.822311150356415,41.6149124793233,24.8173535597786
0.0106483364271457,0.856167519399185,41.6149124793233,24.8173535597786
0.0650035174650699,0.599092435692464,41.6149124793233,24.8173535597786
0.0845056451297405,0.1798716549389,41.6149124793233,24.8173535597786
-0.0402982330339321,-0.000257135488798371,41.6149124793233,24.8173535597786
-0.173678421397206,0.13658936496945,41.6149124793233,24.8173535597786
-0.368340576467066,0.290699138645621,41.6149124793233,24.8173535597786
-0.322159976407186,0.51299946206721,41.6149124793233,24.8173535597786
0.0914872120558882,0.653829794806517,41.6149124793233,24.8173535597786
0.314142589700599,0.744129993177189,41.6149124793233,24.8173535597786
0.289363200898204,0.655499032942973,41.6149124793233,24.8173535597786
0.021288073992016,0.304841122708758,41.6149124793233,24.8173535597786
-0.170379372335329,-0.105859717668024,41.6149124793233,24.8173535597786
-0.0877388020159681,-0.201477897759674,41.6149124793233,24.8173535597786
0.127904574670659,-0.053530032892057,41.6149124793233,24.8173535597786
0.20273577239521,0.0855379815173116,41.6149124793233,24.8173535597786
0.388925092974052,0.186424500560081,41.6149124793233,24.8173535597786
0.491402565309381,-0.102645348319756,41.6149124793233,24.8173535597786
0.333535154850299,-0.319621484674134,41.6149124793233,24.8173535597786
0.00334416876247505,-0.445050148065173,41.6149124793233,24.8173535597786
-0.1336089749501,-0.521357290682281,41.6149124793233,24.8173535597786
0.00121987333333333,-0.498912553360489,41.6149124793233,24.8173535597786
0.145398056227545,-0.527345449796334,41.6149124793233,24.8173535597786
0.362319662255489,-0.478304598523421,41.6149124793233,24.8173535597786
0.410399345908184,-0.151624146130346,41.6149124793233,24.8173535597786
0.379234897205589,0.163111014765784,41.6149124793233,24.8173535597786
0.239134874590818,0.267975160743381,41.6149124793233,24.8173535597786
-0.0033147974251497,0.101827015376782,41.6149124793233,24.8173535597786
-0.16171176003992,-0.062012741191446,41.6149124793233,24.8173535597786
-0.0928151985429142,0.0171674767311609,41.6149124793233,24.8173535597786
0.144588510978044,0.190768242922607,41.6149124793233,24.8173535597786
0.392881517125748,0.501091402647658,41.6149124793233,24.8173535597786
0.275887011556886,0.700171320468432,41.6149124793233,24.8173535597786
0.104172116566866,0.79179946293279,41.6149124793233,24.8173535597786
-0.0112824269860279,0.878314400101833,41.6149124793233,24.8173535597786
-0.20142208491018,0.700909756670061,41.6149124793233,24.8173535597786
-0.2616875549501,0.223383542718941,41.6149124793233,24.8173535597786
-0.198409115748503,-0.0391646563645621,41.6149124793233,24.8173535597786
0.0340034125349301,0.0674183705193483,41.6149124793233,24.8173535597786
0.136541752934132,0.345932925458248,41.6149124793233,24.8173535597786
0.084249999261477,0.496766276323829,41.6149124793233,24.8173535597786
-0.10609661007984,0.32119221003055,41.6149124793233,24.8173535597786
-0.165601229321357,0.219554844093686,41.6149124793233,24.8173535597786
-0.258905884431138,0.0239623308553971,41.6149124793233,24.8173535597786
-0.31668793746507,-0.309879091089613,41.6149124793233,24.8173535597786
-0.15172939756487,-0.532911645366599,41.6149124793233,24.8173535597786
0.102139123233533,-0.579290403105906,41.6149124793233,24.8173535597786
0.306162786526946,-0.405937850763747,41.6149124793233,24.8173535597786
0.182631050898204,-0.289984751069246,41.6149124793233,24.8173535597786
-0.0976055151696607,-0.4533280799389,41.6149124793233,24.8173535597786
-0.150384213353293,-0.756961876425662,41.6149124793233,24.8173535597786
-0.0366704964271457,-0.731110404022403,41.6149124793233,24.8173535597786
0.0607001453493014,-0.49680894098778,41.6149124793233,24.8173535597786
0.127947182315369,-0.53186294185336,41.6149124793233,24.8173535597786
0.215609367904192,-0.49840371496945,41.6149124793233,24.8173535597786
0.170920035409182,-0.601158043228106,41.6149124793233,24.8173535597786
0.01338131249501,-0.648144924898167,41.6149124793233,24.8173535597786
-0.139592305628743,-0.595753186659878,41.6149124793233,24.8173535597786
-0.156909269800399,-0.614915295824847,41.6149124793233,24.8173535597786
0.0630800866467066,-0.65211014114053,41.6149124793233,24.8173535597786
0.321678056007984,-0.26627412311609,41.6149124793233,24.8173535597786
0.337327235229541,0.111910703004073,41.6149124793233,24.8173535597786
0.129955828423154,0.112853915631365,41.6149124793233,24.8173535597786
-0.0613342359081836,0.0256377743380855,41.6149124793233,24.8173535597786
-0.156525800998004,-0.0630552393584521,41.6149124793233,24.8173535597786
-0.082339804750499,-0.0824841784114053,41.6149124793233,24.8173535597786
-0.07610691500998,-0.0640294787169043,41.6149124793233,24.8173535597786
0.217642361237525,0.066437925814664,41.6149124793233,24.8173535597786
0.469636145668663,0.210271646130346,41.6149124793233,24.8173535597786
0.392297183712575,0.505509609164969,41.6149124793233,24.8173535597786
0.0135882639121756,0.545441012169043,41.6149124793233,24.8173535597786
-0.0694053411776447,0.657236529887984,41.6149124793233,24.8173535597786
-0.239714183892216,0.379174965224033,41.6149124793233,24.8173535597786
-0.0169614173453094,0.193374488340122,41.6149124793233,24.8173535597786
0.244193010698603,0.0714828723014257,41.6149124793233,24.8173535597786
0.337576794291417,-0.136861627443992,41.6149124793233,24.8173535597786
0.385723432814371,-0.123662856008147,41.6149124793233,24.8173535597786
0.257949193133733,0.00912534801425662,41.6149124793233,24.8173535597786
-0.0181726918163673,0.195806984063136,41.6149124793233,24.8173535597786
-0.258017210698603,-0.041479250509165,41.6149124793233,24.8173535597786
0.0255062308183633,0.0240988484725051,41.6149124793233,24.8173535597786
0.323887566726547,-0.00513453762729124,41.6149124793233,24.8173535597786
0.393940621437126,-0.146498530142566,41.6149124793233,24.8173535597786
0.376830608682635,-0.368600282484725,41.6149124793233,24.8173535597786
0.321617187944112,-0.314967475,41.6149124793233,24.8173535597786
0.00737363459081836,-0.47750410885947,41.6149124793233,24.8173535597786
-0.0444068273453094,-0.282482487474542,41.6149124793233,24.8173535597786
0.00965618698602794,-0.0887701941446029,41.6149124793233,24.8173535597786
0.279569529421158,0.0642970813645621,41.6149124793233,24.8173535597786
0.420241711836327,-0.00179606135437882,41.6149124793233,24.8173535597786
0.372052465668663,-0.0552737351832994,41.6149124793233,24.8173535597786
0.103466047025948,-0.341650463798371,41.6149124793233,24.8173535597786
-0.0764234289421158,-0.328879861252546,41.6149124793233,24.8173535597786
-0.123395313832335,-0.036459125407332,41.6149124793233,24.8173535597786
-0.285353058183633,0.0114337368126273,41.6149124793233,24.8173535597786
-0.149781619520958,0.099226975305499,41.6149124793233,24.8173535597786
0.100014827804391,0.207566115173116,41.6149124793233,24.8173535597786
0.255435342095808,0.487284507281059,41.6149124793233,24.8173535597786
-0.0311923706786427,0.404740991700611,41.6149124793233,24.8173535597786
-0.331971908303393,0.163446103462322,41.6149124793233,24.8173535597786
-0.435526745369261,0.121851667668024,41.6149124793233,24.8173535597786
-0.459301811117764,0.113133156211813,41.6149124793233,24.8173535597786
-0.250706956227545,0.457325095672098,41.6149124793233,24.8173535597786
-0.0906422086626747,0.633960276171079,41.6149124793233,24.8173535597786
-0.00268785636726547,0.607866795264766,41.6149124793233,24.8173535597786
-0.0681149382235529,0.223544881720978,41.6149124793233,24.8173535597786
-0.216681708522954,0.192071365631365,41.6149124793233,24.8173535597786
-0.392949534690619,0.170005154429735,41.6149124793233,24.8173535597786
-0.391744347025948,0.0811570070773931,41.6149124793233,24.8173535597786
-0.170428066786427,0.232331651985743,41.6149124793233,24.8173535597786
0.0637983298003992,0.204978485794297,41.6149124793233,24.8173535597786
0.0934593373253493,0.103738262016293,41.6149124793233,24.8173535597786
0.0153412641516966,-0.072400490784114,41.6149124793233,24.8173535597786
0.0383676527145709,0.0199536771894094,41.6149124793233,24.8173535597786
-0.000770512355289424,0.0352312396130346,41.6149124793233,24.8173535597786
-0.0483754251097804,0.0771235320264766,41.6149124793233,24.8173535597786
-0.214746104091816,-0.250909685845214,41.6149124793233,24.8173535597786
-0.00640689506986028,-0.433998426425662,41.6149124793233,24.8173535597786
0.293112673632735,-0.401680983248473,41.6149124793233,24.8173535597786
0.429767563832335,-0.360247886456212,41.6149124793233,24.8173535597786
0.274797473213573,-0.307353515173116,41.6149124793233,24.8173535597786
0.159896829041916,-0.198840625610998,41.6149124793233,24.8173535597786
0.185857058283433,-0.0756955296334012,41.6149124793233,24.8173535597786
0.080658783493014,-0.29745598793279,41.6149124793233,24.8173535597786
0.248569424491018,-0.207627395875764,41.6149124793233,24.8173535597786
0.42644416754491,-0.217388405498982,41.6149124793233,24.8173535597786
0.411647141217565,-0.184196008503055,41.6149124793233,24.8173535597786
0.226705615948104,-0.0313645361507128,41.6149124793233,24.8173535597786
0.044606629261477,-0.112096090631365,41.6149124793233,24.8173535597786
0.0353425099401198,-0.354644458808554,41.6149124793233,24.8173535597786
0.226523011756487,-0.317058676680244,41.6149124793233,24.8173535597786
0.411890613473054,0.212853070162933,41.6149124793233,24.8173535597786
0.106740748862275,0.114175654378819,41.6149124793233,24.8173535597786
0.110265009760479,0.0343252590631365,41.6149124793233,24.8173535597786
0.19435424,0.0416103355397149,41.6149124793233,24.8173535597786
0.171942618882236,0.468296147810591,41.6149124793233,24.8173535597786
-0.274378546267465,0.127088979887984,41.6149124793233,24.8173535597786
-0.190350184091816,0.125531437983707,41.6149124793233,24.8173535597786
-0.0590577703193613,-0.0135365764256619,41.6149124793233,24.8173535597786
0.136371322355289,0.0284736175661914,41.6149124793233,24.8173535597786
0.223376132854291,0.179623441089613,41.6149124793233,24.8173535597786
0.34116801005988,0.500284707637475,41.6149124793233,24.8173535597786
0.235811478303393,0.332988573217923,41.6149124793233,24.8173535597786
-0.190764086926148,-0.0868589475050917,41.6149124793233,24.8173535597786
-0.328435473792415,0.0102236942973523,41.6149124793233,24.8173535597786
-0.260555408962076,0.173107827545825,41.6149124793233,24.8173535597786
0.0460857232135728,0.082435308401222,41.6149124793233,24.8173535597786
0.366324780858283,-0.164785685488798,41.6149124793233,24.8173535597786
0.589521884271457,-0.136061137780041,41.6149124793233,24.8173535597786
0.361735328842315,-0.244760187729124,41.6149124793233,24.8173535597786
0.185193596387226,-0.0671569732179226,41.6149124793233,24.8173535597786
-0.078425988243513,-0.229724633808554,41.6149124793233,24.8173535597786
-0.0111180832135729,-0.125139728411405,41.6149124793233,24.8173535597786
0.0708225043712575,0.0132643139511202,41.6149124793233,24.8173535597786
0.191286489580838,0.197705820010183,41.6149124793233,24.8173535597786
0.195644642954092,-0.162216672148676,41.6149124793233,24.8173535597786
0.314422582794411,-0.225244373828921,41.6149124793233,24.8173535597786
0.201573192375249,-0.1224776348778,41.6149124793233,24.8173535597786
-0.358352127185629,0.0400838203665988,41.6149124793233,24.8173535597786
-0.5341877900998,0.602598456313646,41.6149124793233,24.8173535597786
-0.577087601516966,0.843030801425662,41.6149124793233,24.8173535597786
-0.472199753852295,0.797216730193483,41.6149124793233,24.8173535597786
-0.249227862275449,0.687487592769857,41.6149124793233,24.8173535597786
-0.299851830998004,0.620773915427699,41.6149124793233,24.8173535597786
-0.605147778962076,0.464697046995927,41.6149124793233,24.8173535597786
-0.890795515908184,0.285889995315682,41.6149124793233,24.8173535597786
-0.852704281536926,0.354483892566192,41.6149124793233,24.8173535597786
-0.542782360718563,0.517610034317719,41.6149124793233,24.8173535597786
-0.184013818642715,0.746953425712831,41.6149124793233,24.8173535597786
0.0185733583433134,0.748827440274949,41.6149124793233,24.8173535597786
-0.0246855746506986,0.46399584287169,41.6149124793233,24.8173535597786
-0.0983115847105789,0.14404819114053,41.6149124793233,24.8173535597786
-0.235849061836327,0.163309585845214,41.6149124793233,24.8173535597786
-0.283058332175649,0.184134727800407,41.6149124793233,24.8173535597786
0.0384041735528942,0.230321119806517,41.6149124793233,24.8173535597786
0.428178907365269,0.237767535285132,41.6149124793233,24.8173535597786
0.663421800618762,0.171736446028513,41.6149124793233,24.8173535597786
0.604057177924152,-0.0419570621690428,41.6149124793233,24.8173535597786
0.350785164151697,-0.213807920723014,41.6149124793233,24.8173535597786
0.137448687085828,-0.355078833044806,41.6149124793233,24.8173535597786
0.130741026447106,-0.237319977596741,41.6149124793233,24.8173535597786
0.140449482634731,0.037458958910387,41.6149124793233,24.8173535597786
0.320259830119761,0.028734242107943,41.6149124793233,24.8173535597786
0.66880253746507,-0.244636080804481,41.6149124793233,24.8173535597786
0.844583419121756,-0.407650526323829,41.6149124793233,24.8173535597786
0.707916355309381,-0.450976253716904,41.6149124793233,24.8173535597786
0.30547497740519,-0.462288599898167,41.6149124793233,24.8173535597786
0.0479665463872255,-0.270816436558045,41.6149124793233,24.8173535597786
0.103204314351297,-0.195917907535642,41.6149124793233,24.8173535597786
0.527339070219561,0.00986998956211813,41.6149124793233,24.8173535597786
0.670117287644711,0.234528344551935,41.6149124793233,24.8173535597786
0.498274569720559,0.00908191059063136,41.6149124793233,24.8173535597786
0.311756561596806,-0.342568855040733,41.6149124793233,24.8173535597786
0.064467878502994,-0.239510464816701,41.6149124793233,24.8173535597786
-0.138855802055888,0.0857551686354379,41.6149124793233,24.8173535597786
-0.348789754351297,0.464808743228106,41.6149124793233,24.8173535597786
-0.208653210898204,0.764297368431772,41.6149124793233,24.8173535597786
0.0125108991816367,0.594053694551935,41.6149124793233,24.8173535597786
-0.143183521397206,0.213064051934827,41.6149124793233,24.8173535597786
-0.379576821057884,-0.0822049378309572,41.6149124793233,24.8173535597786
-0.636056581796407,-0.145443621283096,41.6149124793233,24.8173535597786
-0.681731976926148,0.297078234572301,41.6149124793233,24.8173535597786
-0.710406921816367,0.654468945468432,41.6149124793233,24.8173535597786
-0.79207968992016,0.593048428462322,41.6149124793233,24.8173535597786
-0.584744803952096,0.283078973472505,41.6149124793233,24.8173535597786
-0.190654524411178,0.201062912321792,41.6149124793233,24.8173535597786
-0.112165156047904,0.0320416916496945,41.6149124793233,24.8173535597786
-0.362089426307385,-0.252659593482688,41.6149124793233,24.8173535597786
-0.574805049121756,-0.492161136659878,41.6149124793233,24.8173535597786
-0.479248275648703,-0.50372790203666,41.6149124793233,24.8173535597786
-0.209974047884232,-0.250835221690428,41.6149124793233,24.8173535597786
0.123759459520958,-0.169483132586558,41.6149124793233,24.8173535597786
0.263908176586826,-0.551751076527495,41.6149124793233,24.8173535597786
0.238148811956088,-0.748361266547862,41.6149124793233,24.8173535597786
0.228744696087824,-0.704781119959267,41.6149124793233,24.8173535597786
0.0771588698203593,-0.460755879378819,41.6149124793233,24.8173535597786
0.0436023062075848,-0.36385939796334,41.6149124793233,24.8173535597786
0.209072137844311,-0.419378630702648,41.6149124793233,24.8173535597786
0.198401966247505,-0.568114574541752,41.6149124793233,24.8173535597786
0.0604749335129741,-0.72159140290224,41.6149124793233,24.8173535597786
0.0894724791417166,-0.708355399389002,41.6149124793233,24.8173535597786
0.263390798043912,-0.476343709114053,41.6149124793233,24.8173535597786
0.342774926946108,-0.0724129014765784,41.6149124793233,24.8173535597786
0.267578520838323,0.183892719297352,41.6149124793233,24.8173535597786
0.0970262058682635,0.172052918686354,41.6149124793233,24.8173535597786
-0.145545202275449,-0.193696393584521,41.6149124793233,24.8173535597786
-0.20778279758483,-0.646475686761711,41.6149124793233,24.8173535597786
0.000550324630738521,-0.663906504327902,41.6149124793233,24.8173535597786
0.0488491333133733,-0.173156697556008,41.6149124793233,24.8173535597786
0.0828074261477046,0.169452878615071,41.6149124793233,24.8173535597786
0.223704820399202,0.604292515835031,41.6149124793233,24.8173535597786
0.241977413173653,0.718017896232179,41.6149124793233,24.8173535597786
0.0683512609780439,0.259293881364562,41.6149124793233,24.8173535597786
-0.149020768722555,-0.33871533503055,41.6149124793233,24.8173535597786
-0.166581205149701,-0.578136208706721,41.6149124793233,24.8173535597786
-0.101300206646707,-0.138288857077393,41.6149124793233,24.8173535597786
0.129109762335329,0.649541900560081,41.6149124793233,24.8173535597786
0.149652733892216,0.963383491598778,41.6149124793233,24.8173535597786
0.186502259760479,0.546843420417515,41.6149124793233,24.8173535597786
0.20045322,-0.013921307892057,41.6149124793233,24.8173535597786
0.111835405808383,-0.353856379837067,41.6149124793233,24.8173535597786
-0.0892118091616766,-0.257524584928717,41.6149124793233,24.8173535597786
-0.202828137185629,0.0951562681771894,41.6149124793233,24.8173535597786
-0.0828693569061876,0.560203530855397,41.6149124793233,24.8173535597786
0.183708415628742,0.784775010997963,41.6149124793233,24.8173535597786
0.224057855169661,0.63646723604888,41.6149124793233,24.8173535597786
0.272350577045908,-0.0484354436354379,41.6149124793233,24.8173535597786
0.314526058502994,-0.759437809572301,41.6149124793233,24.8173535597786
0.195066396347305,-0.901385104633401,41.6149124793233,24.8173535597786
-0.0406147469660679,-0.296581034114053,41.6149124793233,24.8173535597786
-0.112384281077844,0.482866300763747,41.6149124793233,24.8173535597786
0.0923637121756487,0.811085679022403,41.6149124793233,24.8173535597786
0.233614141197605,0.501569214307536,41.6149124793233,24.8173535597786
0.168807913592814,-0.196898352240326,41.6149124793233,24.8173535597786
0.0191333445309381,-0.821776717820774,41.6149124793233,24.8173535597786
-0.0354227011177645,-0.909514108197556,41.6149124793233,24.8173535597786
-0.0376930799001996,-0.454575354531568,41.6149124793233,24.8173535597786
-0.12296923738523,-0.0320657402749491,41.6149124793233,24.8173535597786
-0.435362401596806,0.174994252800407,41.6149124793233,24.8173535597786
-0.421654913612774,0.329147463900204,41.6149124793233,24.8173535597786
-0.141150528063872,0.285765888391039,41.6149124793233,24.8173535597786
-0.0478641333732535,0.154802056160896,41.6149124793233,24.8173535597786
-0.206303703632735,-0.103464454022403,41.6149124793233,24.8173535597786
-0.266550913253493,-0.426167279480652,41.6149124793233,24.8173535597786
-0.178906988083832,-0.269811170468432,41.6149124793233,24.8173535597786
-0.335946592874251,-0.0379732298879837,41.6149124793233,24.8173535597786
-0.480063907704591,-0.038606175203666,41.6149124793233,24.8173535597786
-0.342228177065868,-0.101447716496945,41.6149124793233,24.8173535597786
0.0976531469261477,0.284785443686354,41.6149124793233,24.8173535597786
0.424350306147705,0.613284062525458,41.6149124793233,24.8173535597786
0.279222581457086,0.299634837219959,41.6149124793233,24.8173535597786
0.217563232754491,-0.246255676171079,41.6149124793233,24.8173535597786
0.275320938562874,-0.496622780600815,41.6149124793233,24.8173535597786
0.0100640030139721,-0.509877400152749,41.6149124793233,24.8173535597786
-0.30155004998004,-0.330803518584521,41.6149124793233,24.8173535597786
-0.190131059061876,-0.058965916191446,41.6149124793233,24.8173535597786
0.371212486387226,0.293441901680244,41.6149124793233,24.8173535597786
0.760987220199601,0.484833395519348,41.6149124793233,24.8173535597786
0.770847846546906,0.394762794959267,41.6149124793233,24.8173535597786
0.220515333852295,-0.325224912321792,41.6149124793233,24.8173535597786
-0.304757796946108,-0.967292086965377,41.6149124793233,24.8173535597786
-0.622921253612775,-0.954589743228106,41.6149124793233,24.8173535597786
-0.608014664770459,-0.270580633401222,41.6149124793233,24.8173535597786
-0.139878385528942,0.399348545824847,41.6149124793233,24.8173535597786
0.34882521249501,0.692966913492872,41.6149124793233,24.8173535597786
0.561857349241517,0.444759269551935,41.6149124793233,24.8173535597786
0.279971258642715,-0.367402650661914,41.6149124793233,24.8173535597786
-0.170434153592814,-0.97749367617108,41.6149124793233,24.8173535597786
-0.618703096786427,-1.24724628223014,41.6149124793233,24.8173535597786
-0.686534467165669,-0.771953992922607,41.6149124793233,24.8173535597786
-0.576539788942116,0.00259111843177189,41.6149124793233,24.8173535597786
-0.0495806127744511,0.768833476527495,41.6149124793233,24.8173535597786
0.289071034191617,0.486136518228106,41.6149124793233,24.8173535597786
0.446603670299401,-0.309593645162933,41.6149124793233,24.8173535597786
0.302857650658683,-1.07517203121181,41.6149124793233,24.8173535597786
-0.184707714570858,-1.38759259796334,41.6149124793233,24.8173535597786
-0.637073078463074,-1.36725767836049,41.6149124793233,24.8173535597786
-0.399925014810379,-0.490082345672098,41.6149124793233,24.8173535597786
0.0481369769660679,0.360465846334012,41.6149124793233,24.8173535597786
0.306041050399202,0.517554186201629,41.6149124793233,24.8173535597786
0.478139414191617,0.024061616395112,41.6149124793233,24.8173535597786
0.380914855768463,-0.791463601476578,41.6149124793233,24.8173535597786
0.183884933013972,-1.34203294592668,41.6149124793233,24.8173535597786
0.19417772261477,-1.22078668589613,41.6149124793233,24.8173535597786
0.320302437764471,-0.608697538900204,41.6149124793233,24.8173535597786
0.207288703572854,-0.3875514098778,41.6149124793233,24.8173535597786
0.426194608483034,-0.196277817617108,41.6149124793233,24.8173535597786
0.497233725828343,-0.0959683957739308,41.6149124793233,24.8173535597786
0.492023419560878,-0.274018395213849,41.6149124793233,24.8173535597786
0.674591090339321,-0.376567947046843,41.6149124793233,24.8173535597786
0.577664785429142,-0.772686223778004,41.6149124793233,24.8173535597786
0.409754144431138,-0.910854462983707,41.6149124793233,24.8173535597786
0.389844200738523,-0.619873367464358,41.6149124793233,24.8173535597786
0.459635522774451,-0.121695761252546,41.6149124793233,24.8173535597786
0.255532730998004,-0.0314762323828921,41.6149124793233,24.8173535597786
-0.0293967627944112,-0.170674559063136,41.6149124793233,24.8173535597786
-0.0584734369061876,-0.0867782780040733,41.6149124793233,24.8173535597786
0.0564150336526946,0.216098466242363,41.6149124793233,24.8173535597786
-0.00163483886227545,0.451914033757638,41.6149124793233,24.8173535597786
-0.281853144510978,0.101007909674134,41.6149124793233,24.8173535597786
-0.535472106247505,-0.286180873828921,41.6149124793233,24.8173535597786
-0.863228369780439,-0.358212532892057,41.6149124793233,24.8173535597786
-1.13267302812375,0.257903883808554,41.6149124793233,24.8173535597786
-1.0445969397006,1.00461801731161,41.6149124793233,24.8173535597786
-0.652083143013972,1.64818688574338,41.6149124793233,24.8173535597786
-0.582912675229541,1.10422002968432,41.6149124793233,24.8173535597786
-0.567853916227545,0.218946720162933,41.6149124793233,24.8173535597786
-0.643963343293413,-0.828366795519348,41.6149124793233,24.8173535597786
-0.54994044502994,-0.87040181089613,41.6149124793233,24.8173535597786
-0.583058758582834,-0.40768155305499,41.6149124793233,24.8173535597786
-0.533652151137725,0.267534581160896,41.6149124793233,24.8173535597786
-0.157944026886228,0.825916456517312,41.6149124793233,24.8173535597786
0.344540100798403,1.01810223467413,41.6149124793233,24.8173535597786
0.658357577704591,0.375774435488798,41.6149124793233,24.8173535597786
0.702766917105788,-0.672724301323829,41.6149124793233,24.8173535597786
0.307325366546906,-2.05586494974542,41.6149124793233,24.8173535597786
0.294068302235529,-2.27376568268839,41.6149124793233,24.8173535597786
0.304537609221557,-1.18401380412424,41.6149124793233,24.8173535597786
0.433839637305389,0.311952449490835,41.6149124793233,24.8173535597786
0.582436841636726,1.06356260117108,41.6149124793233,24.8173535597786
0.798506294770459,0.469040789358452,41.6149124793233,24.8173535597786
0.747383207924152,-0.807709197912424,41.6149124793233,24.8173535597786
0.4934903399002,-1.59367835168024,41.6149124793233,24.8173535597786
0.0880664268662675,-1.75476293452139,41.6149124793233,24.8173535597786
-0.159441381257485,-1.21041755234216,41.6149124793233,24.8173535597786
-0.0957064315768463,-0.453452186863544,41.6149124793233,24.8173535597786
0.146432813313373,0.502282829124236,41.6149124793233,24.8173535597786
0.0497925883033932,0.806264125,41.6149124793233,24.8173535597786
0.128050658023952,0.590522852545825,41.6149124793233,24.8173535597786
0.287427596467066,0.0177693953156823,41.6149124793233,24.8173535597786
0.113302326147705,-0.480296514663951,41.6149124793233,24.8173535597786
-0.525307139580838,-0.768497615071283,41.6149124793233,24.8173535597786
-0.672364381896208,-0.205145257382892,41.6149124793233,24.8173535597786
-0.459247029860279,0.849093424694501,41.6149124793233,24.8173535597786
-0.187909374730539,1.23043056670061,41.6149124793233,24.8173535597786
0.0902576771656687,1.3136380543279,41.6149124793233,24.8173535597786
0.0142638994211577,0.433118040020367,41.6149124793233,24.8173535597786
0.256476185988024,0.124650278818737,41.6149124793233,24.8173535597786
0.185041426227545,0.0411201131873727,41.6149124793233,24.8173535597786
-0.159362252774451,0.207305490631365,41.6149124793233,24.8173535597786
-0.567476534231537,-0.430448968380855,41.6149124793233,24.8173535597786
-0.22912922758483,-0.0599525662423625,41.6149124793233,24.8173535597786
0.138708656007984,0.527457918788187,41.6149124793233,24.8173535597786
0.580440369141716,0.680103230753564,41.6149124793233,24.8173535597786
0.755253448582834,0.303097420417515,41.6149124793233,24.8173535597786
0.707271153832335,-0.471851038441955,41.6149124793233,24.8173535597786
0.34781480263473,-1.16290942158859,41.6149124793233,24.8173535597786
-0.268103048882236,-1.38306269521385,41.6149124793233,24.8173535597786
-0.341169072754491,-1.06599432413442,41.6149124793233,24.8173535597786
0.106509450219561,-0.916817800712831,41.6149124793233,24.8173535597786
0.721702971776447,-0.496300102596741,41.6149124793233,24.8173535597786
0.858674375908184,-0.340459037321792,41.6149124793233,24.8173535597786
0.671377256566866,-0.497497734419552,41.6149124793233,24.8173535597786
0.174413862275449,-1.21561763248472,41.6149124793233,24.8173535597786
-0.203436817824351,-1.79244800218941,41.6149124793233,24.8173535597786
-0.592730693932136,-1.85848529679226,41.6149124793233,24.8173535597786
-0.846185311896207,-1.51961133905295,41.6149124793233,24.8173535597786
-0.495323531317365,-0.539843017107943,41.6149124793233,24.8173535597786
0.333949057684631,0.446813239154786,41.6149124793233,24.8173535597786
0.650018652954092,0.912493447148676,41.6149124793233,24.8173535597786
0.0343138396606786,0.30977437296334,41.6149124793233,24.8173535597786
-0.984940150299401,-0.924084261150713,41.6149124793233,24.8173535597786
-1.65281498113772,-1.61784817525458,41.6149124793233,24.8173535597786
-1.61211859363273,-1.14253726990835,41.6149124793233,24.8173535597786
-0.907004681317365,0.224543942464358,41.6149124793233,24.8173535597786
-0.163635190858283,1.51549176191446,41.6149124793233,24.8173535597786
0.30231592489022,1.84730403564155,41.6149124793233,24.8173535597786
0.0618870725948104,1.26463443513238,41.6149124793233,24.8173535597786
-0.650044062874251,0.0946784565173116,41.6149124793233,24.8173535597786
-1.26904792522954,-0.805431835845214,41.6149124793233,24.8173535597786
-1.53422573229541,-1.0361776354888,41.6149124793233,24.8173535597786
-1.03189377477046,-0.421457421690428,41.6149124793233,24.8173535597786
0.00932141263473054,0.734362778207739,41.6149124793233,24.8173535597786
1.04413327972056,1.75177273039715,41.6149124793233,24.8173535597786
1.45004413726547,1.90271157214868,41.6149124793233,24.8173535597786
0.810126008163673,0.770111777851324,41.6149124793233,24.8173535597786
-0.38559667257485,-1.05026377143585,41.6149124793233,24.8173535597786
-0.952740944510978,-1.81089649653768,41.6149124793233,24.8173535597786
-0.553355143413174,-0.97974621685336,41.6149124793233,24.8173535597786
0.373385476267465,0.591838385947047,41.6149124793233,24.8173535597786
1.31159972598802,1.5642099351833,41.6149124793233,24.8173535597786
1.71705407305389,1.13872175473523,41.6149124793233,24.8173535597786
1.42262916129741,-0.0978175889511202,41.6149124793233,24.8173535597786
0.598913826526946,-1.17644328172098,41.6149124793233,24.8173535597786
-0.406876147704591,-1.41211612627291,41.6149124793233,24.8173535597786
-1.0578905248503,-1.1191369092668,41.6149124793233,24.8173535597786
-0.722264020658683,-0.390908502189409,41.6149124793233,24.8173535597786
0.403423865788423,0.572812794399185,41.6149124793233,24.8173535597786
1.40945731227545,1.25062896868635,41.6149124793233,24.8173535597786
1.53178994704591,0.60733934083503,41.6149124793233,24.8173535597786
0.776198149361277,-0.697465016751528,41.6149124793233,24.8173535597786
-0.380313324630739,-1.61190965891039,41.6149124793233,24.8173535597786
-1.20659120489022,-1.34004102978615,41.6149124793233,24.8173535597786
-1.27853116958084,-0.12432682805499,41.6149124793233,24.8173535597786
-0.591805499361277,0.820623296181263,41.6149124793233,24.8173535597786
0.420533878542914,1.06412728767821,41.6149124793233,24.8173535597786
1.0374925739521,0.733351306771894,41.6149124793233,24.8173535597786
0.850518055349301,0.355352641038697,41.6149124793233,24.8173535597786
-0.00131223812375249,-0.171772905346232,41.6149124793233,24.8173535597786
-0.924236430199601,-0.551118131211813,41.6149124793233,24.8173535597786
-1.46857952540918,-0.484143829327902,41.6149124793233,24.8173535597786
-1.32420047790419,0.0524138433299389,41.6149124793233,24.8173535597786
-0.418745420159681,1.03059359663951,41.6149124793233,24.8173535597786
0.502705764770459,1.62151630763747,41.6149124793233,24.8173535597786
0.849434603812375,1.21482412092668,41.6149124793233,24.8173535597786
0.444211555389222,0.487545131822811,41.6149124793233,24.8173535597786
-0.452697626187625,-0.215607471130346,41.6149124793233,24.8173535597786
-1.116737769002,-0.626730275050916,41.6149124793233,24.8173535597786
-1.15464031237525,-0.564763687576375,41.6149124793233,24.8173535597786
-0.630572369241517,-0.175489907739308,41.6149124793233,24.8173535597786
0.106016418902196,0.39784685203666,41.6149124793233,24.8173535597786
0.798329777385229,1.12398405743381,41.6149124793233,24.8173535597786
0.963677872894212,1.48161677683299,41.6149124793233,24.8173535597786
0.204653116407186,0.647680296690428,41.6149124793233,24.8173535597786
-0.697046381796407,-0.67768237296334,41.6149124793233,24.8173535597786
-1.05361149996008,-1.6158066163442,41.6149124793233,24.8173535597786
-0.824485847125748,-1.41411424775967,41.6149124793233,24.8173535597786
-0.256836370259481,-0.375295851069246,41.6149124793233,24.8173535597786
0.217216284790419,0.684738624389002,41.6149124793233,24.8173535597786
0.605244105169661,1.12850775483707,41.6149124793233,24.8173535597786
0.584792435708583,1.10115458864562,41.6149124793233,24.8173535597786
-0.0841414994411177,0.230693440580448,41.6149124793233,24.8173535597786
-0.87507329500998,-1.2655582589613,41.6149124793233,24.8173535597786
-1.16503657768463,-2.16631390733198,41.6149124793233,24.8173535597786
-0.619470034391218,-1.66902366563136,41.6149124793233,24.8173535597786
0.243785194670659,-0.134019578869654,41.6149124793233,24.8173535597786
0.868881950219561,1.62482996252546,41.6149124793233,24.8173535597786
0.788584800359281,1.93198219032587,41.6149124793233,24.8173535597786
0.31927376748503,0.893331337983707,41.6149124793233,24.8173535597786
-0.124831800139721,-0.778680588238289,41.6149124793233,24.8173535597786
-0.324412094770459,-1.91330953075356,41.6149124793233,24.8173535597786
-0.136128912794411,-2.10725142189409,41.6149124793233,24.8173535597786
0.32177544491018,-1.13453857861507,41.6149124793233,24.8173535597786
0.781091941696607,0.532657998930754,41.6149124793233,24.8173535597786
1.01046715359281,1.79083538492872,41.6149124793233,24.8173535597786
0.893229175768463,1.88324540101833,41.6149124793233,24.8173535597786
0.443736784491018,0.538193167769857,41.6149124793233,24.8173535597786
-0.127595210239521,-1.49866829551935,41.6149124793233,24.8173535597786
-0.383989755688623,-2.65014475305499,41.6149124793233,24.8173535597786
-0.23101613756487,-2.18504784760692,41.6149124793233,24.8173535597786
0.51654716249501,-0.303109058350305,41.6149124793233,24.8173535597786
0.954845916826347,1.70026215132383,41.6149124793233,24.8173535597786
0.610990050399202,2.23755205483707,41.6149124793233,24.8173535597786
-0.222774601716567,0.775727616191446,41.6149124793233,24.8173535597786
-0.81785731497006,-1.284552823778,41.6149124793233,24.8173535597786
-0.659776866287425,-2.25075625885947,41.6149124793233,24.8173535597786
-0.336281367225549,-1.79756120748472,41.6149124793233,24.8173535597786
-0.182845151816367,-0.699363852698574,41.6149124793233,24.8173535597786
-0.00642515548902196,0.346429353156823,41.6149124793233,24.8173535597786
0.169422681037924,1.01457139266802,41.6149124793233,24.8173535597786
0.0369311664071856,0.985356622606925,41.6149124793233,24.8173535597786
-0.630024556666667,0.167758819093686,41.6149124793233,24.8173535597786
-1.06420254307385,-0.946584846588595,41.6149124793233,24.8173535597786
-0.780959094650699,-1.54007657092668,41.6149124793233,24.8173535597786
-0.16309346508982,-0.814876372810591,41.6149124793233,24.8173535597786
0.382966109520958,0.505466171741344,41.6149124793233,24.8173535597786
0.3068992900998,1.08041011619145,41.6149124793233,24.8173535597786
-0.162728256706587,0.632005592107943,41.6149124793233,24.8173535597786
-0.42197142754491,0.117476898574338,41.6149124793233,24.8173535597786
-0.469247652754491,0.0577007983197556,41.6149124793233,24.8173535597786
-0.273976817045908,0.453483986354379,41.6149124793233,24.8173535597786
0.0255975329141717,0.559161032688391,41.6149124793233,24.8173535597786
0.224605667744511,0.359938391904277,41.6149124793233,24.8173535597786
0.298889052894212,0.274434926171079,41.6149124793233,24.8173535597786
0.0540472659680639,0.441371150509165,41.6149124793233,24.8173535597786
-0.14558780992016,0.726885335997963,41.6149124793233,24.8173535597786
-0.179753054171657,1.05360922581466,41.6149124793233,24.8173535597786
-0.211264450838323,1.00328386787169,41.6149124793233,24.8173535597786
-0.0823580651696607,0.582331795519348,41.6149124793233,24.8173535597786
0.211135565209581,0.221770152698574,41.6149124793233,24.8173535597786
0.526523438163673,0.0530591993380855,41.6149124793233,24.8173535597786
0.432567494770459,-0.0724625442464358,41.6149124793233,24.8173535597786
0.0655148092015968,-0.0786492744399185,41.6149124793233,24.8173535597786
-0.108860020179641,0.39121333691446,41.6149124793233,24.8173535597786
-0.0668793165269461,0.819295352087576,41.6149124793233,24.8173535597786
0.286447620638723,0.925245433655804,41.6149124793233,24.8173535597786
0.441496839740519,0.429816795824847,41.6149124793233,24.8173535597786
0.339116756307385,-0.671898990274949,41.6149124793233,24.8173535597786
0.286289363672655,-1.21167723762729,41.6149124793233,24.8173535597786
-0.00642515548902196,-0.738122445264766,41.6149124793233,24.8173535597786
-0.14900859510978,0.537349240682281,41.6149124793233,24.8173535597786
-0.299212716327345,1.16052113604888,41.6149124793233,24.8173535597786
-0.0732704632335329,1.32171120977597,41.6149124793233,24.8173535597786
0.168296621856287,0.487824372403259,41.6149124793233,24.8173535597786
0.372502889341317,-0.263214887423625,41.6149124793233,24.8173535597786
0.133388787225549,-0.796986359623218,41.6149124793233,24.8173535597786
-0.378943793193613,-0.570249213645621,41.6149124793233,24.8173535597786
-0.678658139700599,-0.290859704887984,41.6149124793233,24.8173535597786
-0.524771500618762,0.593762043279022,41.6149124793233,24.8173535597786
-0.175346206347305,1.22892887291242,41.6149124793233,24.8173535597786
0.196326365269461,1.13630787505092,41.6149124793233,24.8173535597786
0.255508383772455,0.363866376069246,41.6149124793233,24.8173535597786
0.0655817640718563,-0.407985615020367,41.6149124793233,24.8173535597786
-0.105506189860279,-0.648703406059063,41.6149124793233,24.8173535597786
-0.386984464431138,-0.308600789765784,41.6149124793233,24.8173535597786
-0.455284518902196,0.400583409725051,41.6149124793233,24.8173535597786
-0.441437034371257,0.745253160845214,41.6149124793233,24.8173535597786
-0.133341155469062,0.702225290071283,41.6149124793233,24.8173535597786
0.339226318822355,0.483238621537678,41.6149124793233,24.8173535597786
0.465691895129741,0.225567824592668,41.6149124793233,24.8173535597786
0.103855602634731,-0.172412056008147,41.6149124793233,24.8173535597786
-0.49439224994012,-0.648690995366599,41.6149124793233,24.8173535597786
-0.642344252794411,-0.70427848691446,41.6149124793233,24.8173535597786
-0.561761023033932,-0.155099140020367,41.6149124793233,24.8173535597786
-0.161985666327345,0.663112992769857,41.6149124793233,24.8173535597786
0.169927885968064,0.7288400200611,41.6149124793233,24.8173535597786
0.362550960898204,0.272238233604888,41.6149124793233,24.8173535597786
0.248252910558882,-0.454680845417515,41.6149124793233,24.8173535597786
-0.155344960558882,-1.09826832988798,41.6149124793233,24.8173535597786
-0.55171779249501,-0.971853016446029,41.6149124793233,24.8173535597786
-0.651608372115768,-0.682801783604888,41.6149124793233,24.8173535597786
-0.201799466906188,-0.411578510488798,41.6149124793233,24.8173535597786
0.294317861297405,0.0399100706720978,41.6149124793233,24.8173535597786
0.602943292355289,0.463474593788187,41.6149124793233,24.8173535597786
0.408804602634731,0.0997668404276986,41.6149124793233,24.8173535597786
0.038264177005988,-0.526185050050916,41.6149124793233,24.8173535597786
-0.335812683133733,-1.11023223742363,41.6149124793233,24.8173535597786
-0.212713110758483,-0.94788176395112,41.6149124793233,24.8173535597786
-0.050791887245509,-0.415276896843177,41.6149124793233,24.8173535597786
0.21969361499002,0.248366266649694,41.6149124793233,24.8173535597786
0.435069172195609,0.546545563798371,41.6149124793233,24.8173535597786
0.463829332375249,0.198034703360489,41.6149124793233,24.8173535597786
0.332232578283433,0.396984308910387,41.6149124793233,24.8173535597786
0.0107031176846307,0.186486554022403,41.6149124793233,24.8173535597786
-0.321301736706587,-0.374644289714868,41.6149124793233,24.8173535597786
-0.385310592674651,-0.990692447606925,41.6149124793233,24.8173535597786
0.020831563512974,-0.67042211787169,41.6149124793233,24.8173535597786
0.337814179740519,0.123309924032587,41.6149124793233,24.8173535597786
0.30163420257485,1.0170535311609,41.6149124793233,24.8173535597786
0.0745902375249501,0.977519270315682,41.6149124793233,24.8173535597786
-0.211045325808383,0.076825675407332,41.6149124793233,24.8173535597786
-0.403583185449102,-0.734510933757638,41.6149124793233,24.8173535597786
-0.610467647744511,-1.21221710274949,41.6149124793233,24.8173535597786
-0.393217354171657,-0.871233327291242,41.6149124793233,24.8173535597786
-0.0306262976846307,-0.295563357331976,41.6149124793233,24.8173535597786
0.212590311936128,0.360807140376782,41.6149124793233,24.8173535597786
0.121154306387226,0.763658217769857,41.6149124793233,24.8173535597786
-0.0856449406187625,0.911717778869654,41.6149124793233,24.8173535597786
-0.599274010798403,0.193877121384929,41.6149124793233,24.8173535597786
-0.719391048043912,-0.913305574745418,41.6149124793233,24.8173535597786
-0.363191138263473,-1.03507308385947,41.6149124793233,24.8173535597786
-0.182059953792415,-0.757731339358452,41.6149124793233,24.8173535597786
0.225104785868263,0.29735747515275,41.6149124793233,24.8173535597786
0.351564275369261,1.2050134685336,41.6149124793233,24.8173535597786
0.0446614105189621,1.39862647632383,41.6149124793233,24.8173535597786
-0.472930170618762,0.534110049949084,41.6149124793233,24.8173535597786
-0.530219192335329,0.314298070366599,41.6149124793233,24.8173535597786
-0.536019918822355,-0.112375331211813,41.6149124793233,24.8173535597786
-0.232312627325349,-0.0162607234215886,41.6149124793233,24.8173535597786
-0.0216786922954092,0.0870955234215886,41.6149124793233,24.8173535597786
0.200459306806387,0.613892186456212,41.6149124793233,24.8173535597786
0.00778145061876247,0.727878191395112,41.6149124793233,24.8173535597786
-0.127108265728543,1.01043242673116,41.6149124793233,24.8173535597786
-0.325653803273453,0.783155415631364,41.6149124793233,24.8173535597786
-0.45202807748503,0.188906639052953,41.6149124793233,24.8173535597786
-0.288359940538922,-0.140293183910387,41.6149124793233,24.8173535597786
-0.109164360499002,-0.0159256347250509,41.6149124793233,24.8173535597786
0.201707102115768,0.4180638700611,41.6149124793233,24.8173535597786
0.20811042243513,0.559322371690428,41.6149124793233,24.8173535597786
0.107294648243513,0.856955598370672,41.6149124793233,24.8173535597786
-0.201300348782435,0.351765950916497,41.6149124793233,24.8173535597786
-0.327364195868263,0.319982167515275,41.6149124793233,24.8173535597786
-0.233773460858283,0.28255151904277,41.6149124793233,24.8173535597786
0.0627087914570858,0.241124627596741,41.6149124793233,24.8173535597786
0.171461761177645,-0.114007337270876,41.6149124793233,24.8173535597786
0.456379081357285,0.00499258742362525,41.6149124793233,24.8173535597786
0.281943383912176,0.156856025763747,41.6149124793233,24.8173535597786
-0.12007191754491,0.425597160386965,41.6149124793233,24.8173535597786
-0.330389338642715,0.609182328665988,41.6149124793233,24.8173535597786
-0.0570369505988024,0.238437712678208,41.6149124793233,24.8173535597786
0.385449526526946,-0.168583357382892,41.6149124793233,24.8173535597786
0.640431932894212,-0.492887162169043,41.6149124793233,24.8173535597786
0.575181368423154,-0.440861539358452,41.6149124793233,24.8173535597786
0.413929693612774,0.0247007670570265,41.6149124793233,24.8173535597786
0.171285243792415,0.251295190071283,41.6149124793233,24.8173535597786
0.0834039331736527,0.251152467107943,41.6149124793233,24.8173535597786
-0.0234316925349301,0.0373472626782077,41.6149124793233,24.8173535597786
0.052403828243513,-0.13563296889002,41.6149124793233,24.8173535597786
0.405475119540918,-0.228464948523422,41.6149124793233,24.8173535597786
0.577439573592814,-0.232678378615071,41.6149124793233,24.8173535597786
0.373927202035928,-0.406949322199593,41.6149124793233,24.8173535597786
-0.136676725369261,-0.231412487983707,41.6149124793233,24.8173535597786
-0.505744143852295,0.0168882361507128,41.6149124793233,24.8173535597786
-0.597137541756487,0.191878999898167,41.6149124793233,24.8173535597786
-0.295883233233533,0.220547699490835,41.6149124793233,24.8173535597786
-0.0922308651297405,0.136570748930754,41.6149124793233,24.8173535597786
-0.0380704618962076,-0.259777125610998,41.6149124793233,24.8173535597786
0.010575294750499,-0.124779818329939,41.6149124793233,24.8173535597786
-0.221015514670659,-0.11595581598778,41.6149124793233,24.8173535597786
-0.603820855169661,-0.19981486496945,41.6149124793233,24.8173535597786
-0.902689135588822,-0.367129615427699,41.6149124793233,24.8173535597786
-0.788957158243513,-0.198673081262729,41.6149124793233,24.8173535597786
-0.303351744670659,0.199648093380855,41.6149124793233,24.8173535597786
0.129030633852295,0.363860170723014,41.6149124793233,24.8173535597786
0.234581943413174,-0.12842856191446,41.6149124793233,24.8173535597786
-0.0655706531536926,-0.841317353105906,41.6149124793233,24.8173535597786
-0.564335742135728,-1.35772626654786,41.6149124793233,24.8173535597786
-0.736446279540918,-1.07061730707739,41.6149124793233,24.8173535597786
-0.599182708702595,-0.273484735437882,41.6149124793233,24.8173535597786
-0.115318121756487,0.0789354931262729,41.6149124793233,24.8173535597786
0.323930174371257,-0.0180230417515275,41.6149124793233,24.8173535597786
0.384627807664671,-0.370412243584521,41.6149124793233,24.8173535597786
0.265624655988024,-0.763893248167006,41.6149124793233,24.8173535597786
-0.0417895005988024,-1.01197057983707,41.6149124793233,24.8173535597786
-0.278980171896208,-0.978585817107943,41.6149124793233,24.8173535597786
-0.344821156586826,-1.09384391802444,41.6149124793233,24.8173535597786
-0.0460259178443114,-0.936352230651731,41.6149124793233,24.8173535597786
0.469654406087824,-0.323884557535642,41.6149124793233,24.8173535597786
0.707715490698603,0.128119067362525,41.6149124793233,24.8173535597786
0.709620661097804,0.000754335947046843,41.6149124793233,24.8173535597786
0.384755630598802,-0.271120498523422,41.6149124793233,24.8173535597786
-0.106906155329341,-0.947670782179226,41.6149124793233,24.8173535597786
-0.245910552794411,-1.17172721858452,41.6149124793233,24.8173535597786
0.0757649911576846,-0.674790681619145,41.6149124793233,24.8173535597786
0.543572582854291,-0.168484071843177,41.6149124793233,24.8173535597786
0.814374599021956,0.13397070885947,41.6149124793233,24.8173535597786
0.636335512195609,0.385144508299389,41.6149124793233,24.8173535597786
0.348551306207585,0.421334087525458,41.6149124793233,24.8173535597786
0.149196223413174,0.348079975254583,41.6149124793233,24.8173535597786
-0.0443581328942116,-0.0298566370162933,41.6149124793233,24.8173535597786
-0.172473233732535,-0.545347159215886,41.6149124793233,24.8173535597786
-0.110235638423154,-0.769099533655805,41.6149124793233,24.8173535597786
0.110191968083832,-0.195570408146639,41.6149124793233,24.8173535597786
0.321300674011976,0.693035172301426,41.6149124793233,24.8173535597786
0.17739639740519,1.19497321832994,41.6149124793233,24.8173535597786
-0.199583869381238,0.934621711812627,41.6149124793233,24.8173535597786
-0.450305511277445,0.252753446435845,41.6149124793233,24.8173535597786
-0.372899594451098,-0.276376426782077,41.6149124793233,24.8173535597786
-0.339586503093812,-0.158375562830957,41.6149124793233,24.8173535597786
-0.317905298742515,0.0728542538187373,41.6149124793233,24.8173535597786
-0.167055976047904,0.380031303004073,41.6149124793233,24.8173535597786
-0.187063308642715,0.444976456670061,41.6149124793233,24.8173535597786
-0.322123455568862,0.365064007892057,41.6149124793233,24.8173535597786
-0.202042939161677,0.251468939765784,41.6149124793233,24.8173535597786
0.0553254953093812,-0.0314327949592668,41.6149124793233,24.8173535597786
0.160438554810379,-0.376003260539715,41.6149124793233,24.8173535597786
0.0814987627744511,-0.555970711965377,41.6149124793233,24.8173535597786
-0.0875196769860279,-0.327402988849287,41.6149124793233,24.8173535597786
-0.138752326347305,0.263097758604888,41.6149124793233,24.8173535597786
0.0443570701996008,0.553998184623218,41.6149124793233,24.8173535597786
0.252337157644711,0.29710305595723,41.6149124793233,24.8173535597786
0.215931968642715,-0.301799730295316,41.6149124793233,24.8173535597786
0.301147258063872,-0.683397496843177,41.6149124793233,24.8173535597786
0.303910668163673,-0.532427628360489,41.6149124793233,24.8173535597786
-0.0071494854491018,-0.264294617668024,41.6149124793233,24.8173535597786
-0.222038098143713,-0.0925430446537678,41.6149124793233,24.8173535597786
-0.194580514530938,0.192220293940937,41.6149124793233,24.8173535597786
-0.00200613405189621,0.448172209979633,41.6149124793233,24.8173535597786
0.215493718582834,0.609467774592668,41.6149124793233,24.8173535597786
0.189028284411178,0.306547592922607,41.6149124793233,24.8173535597786
-0.0980255048103792,-0.483361955702648,41.6149124793233,24.8173535597786
-0.193716188023952,-1.0178966854888,41.6149124793233,24.8173535597786
-0.13299420750499,-0.507457315122199,41.6149124793233,24.8173535597786
-0.261407561856287,0.334670222046843,41.6149124793233,24.8173535597786
-0.283289630818363,0.912803714460285,41.6149124793233,24.8173535597786
0.113570145628742,1.05602310549898,41.6149124793233,24.8173535597786
0.314659968243513,0.7062587651222,41.6149124793233,24.8173535597786
0.221373573552894,-0.0460029479124236,41.6149124793233,24.8173535597786
-0.113437298582834,-0.664018200560081,41.6149124793233,24.8173535597786
-0.333408394610778,-0.851736129429735,41.6149124793233,24.8173535597786
-0.0346070690618762,-0.268886573879837,41.6149124793233,24.8173535597786
0.187804836327345,0.526458858044807,41.6149124793233,24.8173535597786
0.134721797824351,0.937097644959267,41.6149124793233,24.8173535597786
0.133936599800399,0.521959982026477,41.6149124793233,24.8173535597786
0.4172530899002,-0.0839610508146639,41.6149124793233,24.8173535597786
0.42644416754491,-0.697980060488798,41.6149124793233,24.8173535597786
0.121896896766467,-0.915589142158859,41.6149124793233,24.8173535597786
-0.0400547607784431,-0.708324372657841,41.6149124793233,24.8173535597786
0.0511864669660679,-0.24565996293279,41.6149124793233,24.8173535597786
0.191262142355289,0.218506140580448,41.6149124793233,24.8173535597786
0.378060143572854,0.0725315758146639,41.6149124793233,24.8173535597786
0.44880100740519,-0.542343771639511,41.6149124793233,24.8173535597786
0.382558293493014,-1.06600052948065,41.6149124793233,24.8173535597786
0.100812199441118,-1.1679233413442,41.6149124793233,24.8173535597786
0.0567558948103792,-0.825357202596741,41.6149124793233,24.8173535597786
0.0949262576646707,-0.45033710305499,41.6149124793233,24.8173535597786
0.0248427689221557,-0.699165281619145,41.6149124793233,24.8173535597786
0.143322455249501,-0.913138030397149,41.6149124793233,24.8173535597786
0.154090015748503,-1.03566879709776,41.6149124793233,24.8173535597786
0.0940801915768463,-0.832890492922607,41.6149124793233,24.8173535597786
0.187153548043912,-0.25078557892057,41.6149124793233,24.8173535597786
0.180348498502994,0.142285872810591,41.6149124793233,24.8173535597786
0.116808326626746,-0.205064587881874,41.6149124793233,24.8173535597786
-0.148199049860279,-0.812797581822811,41.6149124793233,24.8173535597786
-0.199090838063872,-1.34177852673116,41.6149124793233,24.8173535597786
-0.00567647830339321,-1.19791377968432,41.6149124793233,24.8173535597786
0.0281539915968064,-0.384765209419552,41.6149124793233,24.8173535597786
0.134259200538922,0.486043438034623,41.6149124793233,24.8173535597786
-0.0340896905189621,0.382724423268839,41.6149124793233,24.8173535597786
0.0232906332934132,0.228496748014257,41.6149124793233,24.8173535597786
-0.0278507139720559,-0.208061770112016,41.6149124793233,24.8173535597786
-0.0875988054690619,-0.644297610234216,41.6149124793233,24.8173535597786
-0.131490766327345,-0.954298091955193,41.6149124793233,24.8173535597786
-0.0161214380638723,-0.697117517362525,41.6149124793233,24.8173535597786
0.0641331041516966,0.0163607817209776,41.6149124793233,24.8173535597786
0.0592819194610778,0.482636702953157,41.6149124793233,24.8173535597786
0.287634547884232,0.636144558044807,41.6149124793233,24.8173535597786
0.430747539660679,0.109385127087576,41.6149124793233,24.8173535597786
0.27596614003992,-0.485993022505092,41.6149124793233,24.8173535597786
0.124337706127745,-0.789117980600815,41.6149124793233,24.8173535597786
0.229042949600798,-0.249724464714868,41.6149124793233,24.8173535597786
0.269422823173653,0.138339272606925,41.6149124793233,24.8173535597786
0.379338372914172,0.535282860386965,41.6149124793233,24.8173535597786
0.348520872175649,0.252697598319756,41.6149124793233,24.8173535597786
0.390501575828343,0.0768318807535641,41.6149124793233,24.8173535597786
0.349324330618762,-0.300720000050916,41.6149124793233,24.8173535597786
0.399236142994012,-0.219336884215886,41.6149124793233,24.8173535597786
0.166744486227545,-0.415165200610998,41.6149124793233,24.8173535597786
0.0403032571457086,-0.210233641293279,41.6149124793233,24.8173535597786
0.00359981463073852,0.0965090336558045,41.6149124793233,24.8173535597786
-0.0256838108982036,0.599309622810591,41.6149124793233,24.8173535597786
-0.0811102698602794,0.296972743686354,41.6149124793233,24.8173535597786
0.0355677217764471,-0.11305171395112,41.6149124793233,24.8173535597786
0.00126248097804391,-0.686332625610998,41.6149124793233,24.8173535597786
-0.0527274916766467,-0.535468248014257,41.6149124793233,24.8173535597786
-0.14613562249501,0.00540834562118126,41.6149124793233,24.8173535597786
-0.129829068183633,0.483697817158859,41.6149124793233,24.8173535597786
-0.0267063943712575,0.412460442413442,41.6149124793233,24.8173535597786
0.0239540951896208,0.254112417260692,41.6149124793233,24.8173535597786
-0.0491545363273453,0.156551963798371,41.6149124793233,24.8173535597786
-0.135690662734531,0.210215798014257,41.6149124793233,24.8173535597786
0.00683190882235529,0.222595463747454,41.6149124793233,24.8173535597786
0.194080333712575,0.283885668482688,41.6149124793233,24.8173535597786
0.111482371037924,0.288204589460285,41.6149124793233,24.8173535597786
0.0588862770459082,0.446720158961304,41.6149124793233,24.8173535597786
0.108871131097804,0.569356416547862,41.6149124793233,24.8173535597786
0.17910679,0.594134364052953,41.6149124793233,24.8173535597786
0.0494456403393214,0.296774172606925,41.6149124793233,24.8173535597786
-0.00770338483033932,0.229117282637475,41.6149124793233,24.8173535597786
0.0575106588023952,0.26848399913442,41.6149124793233,24.8173535597786
0.227143866007984,0.598273329989817,41.6149124793233,24.8173535597786
0.213034648802395,0.654667516547861,41.6149124793233,24.8173535597786
0.0607914474451098,0.335396247556008,41.6149124793233,24.8173535597786
0.0855586626347305,0.0609461943991853,41.6149124793233,24.8173535597786
0.19529769499002,0.0514458093177189,41.6149124793233,24.8173535597786
0.268144593832335,0.343171546384929,41.6149124793233,24.8173535597786
0.118177858063872,0.732978985997963,41.6149124793233,24.8173535597786
-0.0692714314371257,0.598800784419552,41.6149124793233,24.8173535597786
-0.149245980558882,0.000133801323828921,41.6149124793233,24.8173535597786
0.0993939735528942,-0.277847093839104,41.6149124793233,24.8173535597786
0.144850243652695,-0.286174668482688,41.6149124793233,24.8173535597786
0.0805735682035928,-0.0834708284623218,41.6149124793233,24.8173535597786
0.175028629720559,0.318592169959267,41.6149124793233,24.8173535597786
0.13575655491018,0.64996386410387,41.6149124793233,24.8173535597786
-0.114502489700599,0.418616145875764,41.6149124793233,24.8173535597786
-0.0750660711177645,0.270997164358452,41.6149124793233,24.8173535597786
-0.0600560065668663,-0.186398906415479,41.6149124793233,24.8173535597786
-0.0096268156487026,-0.519415017311609,41.6149124793233,24.8173535597786
0.105724252195609,-0.590639981364562,41.6149124793233,24.8173535597786
0.114227520718563,-0.382525079429735,41.6149124793233,24.8173535597786
0.108986780419162,-0.0542436477087576,41.6149124793233,24.8173535597786
0.29509697251497,0.397064978411405,41.6149124793233,24.8173535597786
0.245306896267465,0.182403436201629,41.6149124793233,24.8173535597786
0.0315930372055888,-0.444659211252546,41.6149124793233,24.8173535597786
-0.193247503932136,-0.886064104786151,41.6149124793233,24.8173535597786
0.0756249946107784,-0.570677382535641,41.6149124793233,24.8173535597786
0.147333660658683,-0.300099465427699,41.6149124793233,24.8173535597786
0.216400652734531,-0.0563720814663951,41.6149124793233,24.8173535597786
0.0893081353692615,-0.383704095213849,41.6149124793233,24.8173535597786
0.0588741034331337,-0.672786354786151,41.6149124793233,24.8173535597786
-0.0182092126546906,-0.562598021741344,41.6149124793233,24.8173535597786
0.0479300255489022,-0.178046510386965,41.6149124793233,24.8173535597786
-0.139354920179641,-0.21311292194501,41.6149124793233,24.8173535597786
-0.309718544151697,-0.516088951731161,41.6149124793233,24.8173535597786
-0.297721448762475,-0.452118037423625,41.6149124793233,24.8173535597786
-0.206814995369261,-0.373310140274949,41.6149124793233,24.8173535597786
0.0357990204191617,-0.159324980804481,41.6149124793233,24.8173535597786
0.0924915351097804,-0.132679224083503,41.6149124793233,24.8173535597786
-0.0361226838522954,-0.0636509525967413,41.6149124793233,24.8173535597786
-0.545363166626747,-0.480724683553971,41.6149124793233,24.8173535597786
-0.524150646367265,-0.362655560794297,41.6149124793233,24.8173535597786
-0.250329574231537,-0.391181537423625,41.6149124793233,24.8173535597786
0.0231202027145709,-0.361848865784114,41.6149124793233,24.8173535597786
-0.0487467202994012,-0.404429951629328,41.6149124793233,24.8173535597786
0.0252627585628742,-0.196408129887984,41.6149124793233,24.8173535597786
0.00789101313373253,-0.0305764571792261,41.6149124793233,24.8173535597786
0.0956140667864271,0.217438821028513,41.6149124793233,24.8173535597786
0.056883717744511,0.563455132281059,41.6149124793233,24.8173535597786
-0.101318467065868,0.428662601425662,41.6149124793233,24.8173535597786
-0.0266637867265469,0.245201540071283,41.6149124793233,24.8173535597786
0.112255395449102,-0.00663623141547861,41.6149124793233,24.8173535597786
0.281352963692615,-0.0235706212830957,41.6149124793233,24.8173535597786
0.286758047764471,-0.28179369404277,41.6149124793233,24.8173535597786
0.415786169560878,-0.090712467515275,41.6149124793233,24.8173535597786
0.345191389081836,0.232195134368635,41.6149124793233,24.8173535597786
0.16585581249501,0.601233280142566,41.6149124793233,24.8173535597786
-0.0120189305588822,0.654661311201629,41.6149124793233,24.8173535597786
0.0548507244111776,0.617944277545825,41.6149124793233,24.8173535597786
0.243906930798403,0.458808173421589,41.6149124793233,24.8173535597786
0.244911253852295,0.0694785454684318,41.6149124793233,24.8173535597786
0.0269731511576846,-0.0620375625763747,41.6149124793233,24.8173535597786
-0.149081636786427,-0.157457171588595,41.6149124793233,24.8173535597786
-0.0324706000199601,-0.0145480478615071,41.6149124793233,24.8173535597786
0.00671017269461078,0.108268164765784,41.6149124793233,24.8173535597786
-0.0671593096207585,0.160126243228106,41.6149124793233,24.8173535597786
-0.129402991736527,-0.00351494226069246,41.6149124793233,24.8173535597786
-0.150463341836327,0.0257370598778004,41.6149124793233,24.8173535597786
-0.0662341150499002,0.143620022250509,41.6149124793233,24.8173535597786
-0.00322958213572855,0.192952524796334,41.6149124793233,24.8173535597786
0.0232906332934132,0.056850665885947,41.6149124793233,24.8173535597786
-0.0156649275848303,-0.0322767220468432,41.6149124793233,24.8173535597786
-0.161632631556886,-0.220187016649694,41.6149124793233,24.8173535597786
-0.0996750293413173,-0.174819730346232,41.6149124793233,24.8173535597786
-0.0849632183033932,0.225617467362525,41.6149124793233,24.8173535597786
-0.100527182235529,0.549946093533605,41.6149124793233,24.8173535597786
0.029115707005988,0.710639739562118,41.6149124793233,24.8173535597786
0.098633122754491,0.739668349236253,41.6149124793233,24.8173535597786
0.0734398311177645,0.633668624898167,41.6149124793233,24.8173535597786
0.00679538798403193,0.416313962423625,41.6149124793233,24.8173535597786
-0.252393001596806,0.306504155498982,41.6149124793233,24.8173535597786
-0.433079849201597,0.189136236863544,41.6149124793233,24.8173535597786
-0.288152989121756,0.228682908401222,41.6149124793233,24.8173535597786
-0.003673919001996,0.563331025356415,41.6149124793233,24.8173535597786
0.214197228822355,1.00539368559063,41.6149124793233,24.8173535597786
0.298469063253493,1.11259724709776,41.6149124793233,24.8173535597786
0.103819081796407,0.749460385590631,41.6149124793233,24.8173535597786
-0.161279596786427,0.216942393329939,41.6149124793233,24.8173535597786
-0.231137873692615,0.0930526558044806,41.6149124793233,24.8173535597786
-0.253129505169661,0.323419929327902,41.6149124793233,24.8173535597786
-0.134960245968064,0.698756501527495,41.6149124793233,24.8173535597786
0.0176238165469062,0.586588663034623,41.6149124793233,24.8173535597786
0.232147220858283,0.388588475458248,41.6149124793233,24.8173535597786
0.36084665510978,0.333205760336049,41.6149124793233,24.8173535597786
0.30657060255489,0.345846050610998,41.6149124793233,24.8173535597786
0.0585636763073852,0.299777560183299,41.6149124793233,24.8173535597786
-0.267768274530938,0.110185616751527,41.6149124793233,24.8173535597786
-0.274822883133733,0.184134727800407,41.6149124793233,24.8173535597786
0.000130334990019961,0.691130131008147,41.6149124793233,24.8173535597786
0.192826451596806,0.924842086150713,41.6149124793233,24.8173535597786
0.222122250738523,0.297667742464358,41.6149124793233,24.8173535597786
0.271948847824351,-0.387390070875764,41.6149124793233,24.8173535597786
0.135628731976048,-0.582343433452138,41.6149124793233,24.8173535597786
-0.0216543450698603,-0.180727219959267,41.6149124793233,24.8173535597786
-0.0426781743313373,0.393608600560081,41.6149124793233,24.8173535597786
0.100927848762475,0.52746412413442,41.6149124793233,24.8173535597786
0.236602763133733,0.219691361710794,41.6149124793233,24.8173535597786
0.265600308762475,-0.102980437016293,41.6149124793233,24.8173535597786
0.0941349728343313,-0.264046403818737,41.6149124793233,24.8173535597786
0.0475830775848303,-0.33996881496945,41.6149124793233,24.8173535597786
0.152343102315369,-0.253751734419552,41.6149124793233,24.8173535597786
0.144886764491018,-0.0404305469959267,41.6149124793233,24.8173535597786
0.0690877645508982,0.13798556787169,41.6149124793233,24.8173535597786
0.187336152235529,0.213473604786151,41.6149124793233,24.8173535597786
0.327004011596806,0.200138315733198,41.6149124793233,24.8173535597786
0.223430914111776,-0.00359561176171079,41.6149124793233,24.8173535597786
-0.099261126506986,-0.143066973676171,41.6149124793233,24.8173535597786
-0.370434437864271,-0.000114412525458248,41.6149124793233,24.8173535597786
-0.264061409441118,0.209818655855397,41.6149124793233,24.8173535597786
0.00243723461077844,0.594190212169043,41.6149124793233,24.8173535597786
0.000818144111776445,0.513688255498982,41.6149124793233,24.8173535597786
-0.135221978642715,0.150576215376782,41.6149124793233,24.8173535597786
-0.0994376438922156,-0.0581964532586558,41.6149124793233,24.8173535597786
-0.0640793855888224,0.0862764177189409,41.6149124793233,24.8173535597786
-0.248247886447106,0.116080695672098,41.6149124793233,24.8173535597786
-0.426682615688623,0.0859103022912424,41.6149124793233,24.8173535597786
-0.504806775668663,-0.0326428374745417,41.6149124793233,24.8173535597786
-0.23939766996008,-0.0558756537678208,41.6149124793233,24.8173535597786
0.0523490469860279,-0.122930625152749,41.6149124793233,24.8173535597786
0.148654497644711,-0.0570236428207739,41.6149124793233,24.8173535597786
0.0880238192215569,-0.0169557221995927,41.6149124793233,24.8173535597786
-0.0566839158283433,-0.0162607234215886,41.6149124793233,24.8173535597786
0.00343547085828343,0.0585509307535642,41.6149124793233,24.8173535597786
0.0869951489421158,0.100350142973523,41.6149124793233,24.8173535597786
0.045063139740519,-0.035385600509165,41.6149124793233,24.8173535597786
-0.049471050259481,-0.410368467973523,41.6149124793233,24.8173535597786
0.140303399281437,-0.555697676731161,41.6149124793233,24.8173535597786
0.524374795508982,-0.220962684928717,41.6149124793233,24.8173535597786
0.563506873772455,0.273659257892057,41.6149124793233,24.8173535597786
0.414100124191617,0.63772071598778,41.6149124793233,24.8173535597786
0.150547494431138,0.447173149236253,41.6149124793233,24.8173535597786
7.55537325349296e-05,-0.145648397708758,41.6149124793233,24.8173535597786
0.125323768762475,-0.498180322505092,41.6149124793233,24.8173535597786
0.299059483473054,-0.216625147912424,41.6149124793233,24.8173535597786
0.366081308602794,0.340912800356415,41.6149124793233,24.8173535597786
0.304227182095808,0.662213217566191,41.6149124793233,24.8173535597786
0.324374511237525,0.466403517209776,41.6149124793233,24.8173535597786
0.261631710998004,0.203011391038697,41.6149124793233,24.8173535597786
0.0144282431936128,0.175074922301426,41.6149124793233,24.8173535597786
-0.269539535189621,0.0579614228615071,41.6149124793233,24.8173535597786
-0.139951427205589,0.127126211965377,41.6149124793233,24.8173535597786
0.113064940698603,0.429903670672098,41.6149124793233,24.8173535597786
0.124782042994012,0.66847441191446,41.6149124793233,24.8173535597786
-0.0351548816367265,0.608357017617108,41.6149124793233,24.8173535597786
-0.138606242994012,0.335532765173116,41.6149124793233,24.8173535597786
-0.0845554022754491,-0.0162421073828921,41.6149124793233,24.8173535597786
-0.228538807365269,-0.33102691104888,41.6149124793233,24.8173535597786
-0.378414241037924,0.034827892107943,41.6149124793233,24.8173535597786
-0.262898829421158,0.639241025814664,41.6149124793233,24.8173535597786
-0.0321662597005988,0.85259323996945,41.6149124793233,24.8173535597786
0.0941897540918164,0.453794253665988,41.6149124793233,24.8173535597786
0.0528542519161677,-0.097153616904277,41.6149124793233,24.8173535597786
-0.134308957684631,-0.509380972454175,41.6149124793233,24.8173535597786
-0.269643010898204,-0.411379939409369,41.6149124793233,24.8173535597786
-0.191366680758483,-0.210624578105906,41.6149124793233,24.8173535597786
0.18520577,0.337561913391039,41.6149124793233,24.8173535597786
0.484408824770459,0.634587016140529,41.6149124793233,24.8173535597786
0.517679308483034,0.574060068991853,41.6149124793233,24.8173535597786
0.354826803592814,0.0443903306517312,41.6149124793233,24.8173535597786
0.283124224351297,-0.24474777703666,41.6149124793233,24.8173535597786
0.152026588383234,-0.323983843075356,41.6149124793233,24.8173535597786
0.133607912255489,-0.0326676588594705,41.6149124793233,24.8173535597786
0.387147745508982,0.315650835845214,41.6149124793233,24.8173535597786
0.657347167844311,0.657553002545825,41.6149124793233,24.8173535597786
0.572977944510978,0.260280531415479,41.6149124793233,24.8173535597786
0.430820581337325,-0.0152678680244399,41.6149124793233,24.8173535597786
0.292796159700599,0.123117558299389,41.6149124793233,24.8173535597786
0.0345633987225549,0.306262146995927,41.6149124793233,24.8173535597786
-0.14370089994012,0.305554737525458,41.6149124793233,24.8173535597786
-0.0641341668463074,0.571522082382892,41.6149124793233,24.8173535597786
0.0588254089820359,0.507675275,41.6149124793233,24.8173535597786
0.122797744111776,0.183197720519348,41.6149124793233,24.8173535597786
0.0954618966267465,0.0681816281059063,41.6149124793233,24.8173535597786
-0.128806484710579,-0.239572518279022,41.6149124793233,24.8173535597786
-0.225720616007984,-0.109949040835031,41.6149124793233,24.8173535597786
-0.421064493393214,0.198158810285132,41.6149124793233,24.8173535597786
-0.315513183832335,0.446856676578411,41.6149124793233,24.8173535597786
-0.0908187260479042,0.106207989816701,41.6149124793233,24.8173535597786
0.25269019241517,-0.0552489137983707,41.6149124793233,24.8173535597786
0.348295660339321,-0.231815835488798,41.6149124793233,24.8173535597786
0.035969450998004,-0.427780669501018,41.6149124793233,24.8173535597786
-0.209462756147705,-0.432447089867617,41.6149124793233,24.8173535597786
-0.0894552814171657,-0.168018670875764,41.6149124793233,24.8173535597786
0.271486250538922,0.175695456924644,41.6149124793233,24.8173535597786
0.366708249660679,0.124153851120163,41.6149124793233,24.8173535597786
0.399704827085828,-0.0816216352851324,41.6149124793233,24.8173535597786
0.400368288982036,-0.649218449796334,41.6149124793233,24.8173535597786
0.362130971257485,-0.780691120417515,41.6149124793233,24.8173535597786
0.138684308782435,-0.470194210997963,41.6149124793233,24.8173535597786
0.0665130454491018,-0.00704578426680244,41.6149124793233,24.8173535597786
0.128336737924152,0.0322216466904277,41.6149124793233,24.8173535597786
0.282472936067864,-0.24164510392057,41.6149124793233,24.8173535597786
0.509449946247505,-0.486259852393075,41.6149124793233,24.8173535597786
0.447674948223553,-0.750781351578411,41.6149124793233,24.8173535597786
0.281206880339321,-0.583907180702648,41.6149124793233,24.8173535597786
0.0194133376247505,-0.391026403767821,41.6149124793233,24.8173535597786
-0.0708235670658683,0.0234162603869654,41.6149124793233,24.8173535597786
-0.22840489762475,0.348948723727088,41.6149124793233,24.8173535597786
-0.143694813133733,0.543337399796334,41.6149124793233,24.8173535597786
-0.0736295848103792,0.0876850313136456,41.6149124793233,24.8173535597786
0.0214524177644711,-0.295687464256619,41.6149124793233,24.8173535597786
0.0855282286027944,-0.397349651578411,41.6149124793233,24.8173535597786
-0.153926734670659,-0.188080555244399,41.6149124793233,24.8173535597786
-0.419761916826347,0.135000796334012,41.6149124793233,24.8173535597786
-0.534413001936128,0.100275678818737,41.6149124793233,24.8173535597786
-0.328465907824351,0.143539352749491,41.6149124793233,24.8173535597786
-0.249130473373253,-0.0286652105397149,41.6149124793233,24.8173535597786
-0.142812226207585,-0.223916429735234,41.6149124793233,24.8173535597786
-0.179880877105788,-0.358007756466395,41.6149124793233,24.8173535597786
-0.0543952766267465,-0.216525862372709,41.6149124793233,24.8173535597786
-0.0877448888223553,-0.107231099185336,41.6149124793233,24.8173535597786
-0.150572904351297,-0.139641622556008,41.6149124793233,24.8173535597786
0.00417197443113772,-0.0466296878818737,41.6149124793233,24.8173535597786
0.210252978283433,-0.228713162372709,41.6149124793233,24.8173535597786
0.285571120518962,-0.689336013187373,41.6149124793233,24.8173535597786
0.208122596047904,-0.787858295315682,41.6149124793233,24.8173535597786
0.259519589181637,-0.473154161150713,41.6149124793233,24.8173535597786
0.181413689620758,-0.380818609215886,41.6149124793233,24.8173535597786
0.271449729700599,-0.190947425203666,41.6149124793233,24.8173535597786
0.3177155450499,-0.52195300392057,41.6149124793233,24.8173535597786
0.493806853832335,-0.983463219246436,41.6149124793233,24.8173535597786
0.650895153073852,-0.906299738849287,41.6149124793233,24.8173535597786
0.546634246467066,-0.640841232382892,41.6149124793233,24.8173535597786
0.573203156347305,-0.0835949353869654,41.6149124793233,24.8173535597786
0.257157908303393,-0.000381242413441955,41.6149124793233,24.8173535597786
0.0881029477045908,-0.24691344287169,41.6149124793233,24.8173535597786
0.160682027065868,-0.57021818691446,41.6149124793233,24.8173535597786
0.497057208443114,-0.380446288441955,41.6149124793233,24.8173535597786
0.397830090718563,-0.637713737881874,41.6149124793233,24.8173535597786
0.332293446347305,-0.376232858350305,41.6149124793233,24.8173535597786
0.10668596760479,0.114392841496945,41.6149124793233,24.8173535597786
-0.138740152734531,0.526055510539715,41.6149124793233,24.8173535597786
-0.222780688522954,0.595853244959267,41.6149124793233,24.8173535597786
-0.211982693992016,0.271400511863544,41.6149124793233,24.8173535597786
-0.249173081017964,-0.415816761965377,41.6149124793233,24.8173535597786
-0.33570920742515,-0.853213001832994,41.6149124793233,24.8173535597786
-0.0186048550698603,-0.019530940885947,41.6149124793233,24.8173535597786
-0.20407593249501,0.39218137092668,41.6149124793233,24.8173535597786
-0.243786257365269,0.500892831568228,41.6149124793233,24.8173535597786
-0.309675936506986,0.304096481160896,41.6149124793233,24.8173535597786
-0.261334520179641,0.0713339439918533,41.6149124793233,24.8173535597786
-0.357019116586826,-0.378975621384929,41.6149124793233,24.8173535597786
-0.120723205828343,-0.156935922505092,41.6149124793233,24.8173535597786
-0.092729983253493,0.03188655799389,41.6149124793233,24.8173535597786
-0.0918473963273453,0.1250288049389,41.6149124793233,24.8173535597786
0.0240940917365269,0.303990990274949,41.6149124793233,24.8173535597786
0.184396224750499,0.20769022209776,41.6149124793233,24.8173535597786
0.18647791253493,-0.11359157907332,41.6149124793233,24.8173535597786
0.167200996706587,-0.438553150560081,41.6149124793233,24.8173535597786
0.202571428622754,-0.262079309063136,41.6149124793233,24.8173535597786
0.00775101658682634,-0.0959621904276986,41.6149124793233,24.8173535597786
0.124118581097804,0.477908229124236,41.6149124793233,24.8173535597786
0.0877255657085828,0.338331376323829,41.6149124793233,24.8173535597786
0.189509142115768,0.000971523065173116,41.6149124793233,24.8173535597786
0.229487286467066,-0.479142320264766,41.6149124793233,24.8173535597786
0.262045613832335,-0.661312669602851,41.6149124793233,24.8173535597786
0.192449069600798,-0.5752010799389,41.6149124793233,24.8173535597786
0.0631287810978044,-0.208781590274949,41.6149124793233,24.8173535597786
-0.0621863888023952,0.228403667820774,41.6149124793233,24.8173535597786
-0.125434393972056,0.255930583706721,41.6149124793233,24.8173535597786
0.00765971449101796,-0.0102663589613035,41.6149124793233,24.8173535597786
0.188675249640719,-0.331002089663951,41.6149124793233,24.8173535597786
0.181444123652695,-0.556510577087576,41.6149124793233,24.8173535597786
-0.0330549334331337,-0.580711427393075,41.6149124793233,24.8173535597786
-0.165783833512974,-0.430045620875764,41.6149124793233,24.8173535597786
-0.0580473604590818,-0.0547897181771894,41.6149124793233,24.8173535597786
0.0341129750499002,0.256631787830957,41.6149124793233,24.8173535597786
0.00124422055888223,0.317425564867617,41.6149124793233,24.8173535597786
-0.0513457866267465,0.0935676995417515,41.6149124793233,24.8173535597786
-0.0590882043512974,-0.229308875610998,41.6149124793233,24.8173535597786
0.00029467876247505,-0.224108795468432,41.6149124793233,24.8173535597786
0.0315199955289421,-0.00224284628309572,41.6149124793233,24.8173535597786
0.025956654491018,0.0780108965376782,41.6149124793233,24.8173535597786
0.0551733251497006,0.0467297461812627,41.6149124793233,24.8173535597786
0.0777918976846307,-0.119263265529532,41.6149124793233,24.8173535597786
0.172082615429142,-0.300496607586558,41.6149124793233,24.8173535597786
0.194585538642715,-0.102080661812627,41.6149124793233,24.8173535597786
0.104452109660679,0.0312412019857434,41.6149124793233,24.8173535597786
0.0121213435728543,-0.00357699572301426,41.6149124793233,24.8173535597786
0.00825622151696607,-0.175303747352342,41.6149124793233,24.8173535597786
0.0712851016566866,-0.317524077647658,41.6149124793233,24.8173535597786
0.10784854762475,-0.566693550254582,41.6149124793233,24.8173535597786
0.138179103852295,-0.676273759368635,41.6149124793233,24.8173535597786
0.114531861037924,-0.576634514918534,41.6149124793233,24.8173535597786
0.0191881257884232,-0.294241618584521,41.6149124793233,24.8173535597786
-0.0922126047105788,0.0247007670570265,41.6149124793233,24.8173535597786
-0.0945438515568862,0.170228546894094,41.6149124793233,24.8173535597786
-0.123967473632735,-0.0819381079429735,41.6149124793233,24.8173535597786
-0.132695953992016,-0.580680400661914,41.6149124793233,24.8173535597786
-0.172077591317365,-0.912939459317719,41.6149124793233,24.8173535597786
-0.106005307984032,-0.679835628105906,41.6149124793233,24.8173535597786
-0.187416343413174,-0.170159515325866,41.6149124793233,24.8173535597786
-0.307009915309381,0.185611600203666,41.6149124793233,24.8173535597786
-0.217868635768463,0.163514362270876,41.6149124793233,24.8173535597786
-0.00203048127744511,0.100070902393075,41.6149124793233,24.8173535597786
0.0405223821756487,0.0190973394093686,41.6149124793233,24.8173535597786
-0.145636504371257,-0.417169527443992,41.6149124793233,24.8173535597786
-0.28059926239521,-0.693450157739308,41.6149124793233,24.8173535597786
-0.210960110518962,-0.528567903004073,41.6149124793233,24.8173535597786
-0.0120554513972056,0.0454204181262729,41.6149124793233,24.8173535597786
0.0701468688622754,0.576864885488798,41.6149124793233,24.8173535597786
0.0398163126347305,0.603125910743381,41.6149124793233,24.8173535597786
0.134484412375249,-0.0504335651221996,41.6149124793233,24.8173535597786
0.22706473752495,-0.425776342668024,41.6149124793233,24.8173535597786
0.322572816546906,-0.294340904124236,41.6149124793233,24.8173535597786
0.0648878681437126,-0.136203860743381,41.6149124793233,24.8173535597786
-0.162929121317365,-0.0676285795315682,41.6149124793233,24.8173535597786
0.00172507826347305,-0.0680629537678208,41.6149124793233,24.8173535597786
0.396101437704591,0.109949813594705,41.6149124793233,24.8173535597786
0.570591916407186,0.290593647759674,41.6149124793233,24.8173535597786
0.302023758183633,-0.0197233066191446,41.6149124793233,24.8173535597786
0.0746267583632734,-0.49772112688391,41.6149124793233,24.8173535597786
0.0342712320159681,-0.646848007535642,41.6149124793233,24.8173535597786
0.0726363726746507,-0.195986166344195,41.6149124793233,24.8173535597786
0.038452868003992,0.268421945672098,41.6149124793233,24.8173535597786
0.0627879199401198,0.270022925,41.6149124793233,24.8173535597786
0.0842256520359281,-0.0867906886965377,41.6149124793233,24.8173535597786
-0.0596847113772455,-0.507631064816701,41.6149124793233,24.8173535597786
-0.146799084391218,-0.509027267718941,41.6149124793233,24.8173535597786
-0.263440555189621,-0.320179965835031,41.6149124793233,24.8173535597786
-0.119828445289421,-0.0427513464867617,41.6149124793233,24.8173535597786
-0.0339862148103792,0.234553165936864,41.6149124793233,24.8173535597786
-0.180410429261477,0.222272785743381,41.6149124793233,24.8173535597786
-0.315653180379241,0.116328909521385,41.6149124793233,24.8173535597786
-0.266630041736527,-0.0700858966395112,41.6149124793233,24.8173535597786
-0.184610325668663,-0.186299620875764,41.6149124793233,24.8173535597786
-0.163105638702595,-0.109334711558045,41.6149124793233,24.8173535597786
-0.188305017145709,-0.0287458800407332,41.6149124793233,24.8173535597786
-0.147097337904192,0.301508851782077,41.6149124793233,24.8173535597786
-0.151230279441118,0.336885530651731,41.6149124793233,24.8173535597786
-0.148685994371257,0.0368570403258656,41.6149124793233,24.8173535597786
-0.201336869620758,-0.299919510386965,41.6149124793233,24.8173535597786
-0.160823086307385,-0.314005646334012,41.6149124793233,24.8173535597786
-0.17013590007984,-0.0507128057026477,41.6149124793233,24.8173535597786
-0.0996324216966068,0.184978654887984,41.6149124793233,24.8173535597786
0.0735859144710579,0.157644104735234,41.6149124793233,24.8173535597786
0.419937371516966,-0.0925120179226069,41.6149124793233,24.8173535597786
0.600210316287425,-0.0711594215376782,41.6149124793233,24.8173535597786
0.364803079261477,0.125866526680244,41.6149124793233,24.8173535597786
0.0809144293612774,0.147591443839104,41.6149124793233,24.8173535597786
-0.0384174098602794,0.0791526802443992,41.6149124793233,24.8173535597786
0.261528235289421,0.17329398793279,41.6149124793233,24.8173535597786
0.641551905269461,0.316035567311609,41.6149124793233,24.8173535597786
0.80381398994012,0.329997596334012,41.6149124793233,24.8173535597786
0.699650472235529,-0.111010155040733,41.6149124793233,24.8173535597786
0.465941454191617,-0.704402593839104,41.6149124793233,24.8173535597786
0.302681133273453,-0.560829498065173,41.6149124793233,24.8173535597786
0.183884933013972,0.22374965814664,41.6149124793233,24.8173535597786
0.159629009560878,0.85863104185336,41.6149124793233,24.8173535597786
0.209102571876248,0.830309841649694,41.6149124793233,24.8173535597786
0.312304374171657,0.148969030702648,41.6149124793233,24.8173535597786
0.285053741976048,-0.580984462627291,41.6149124793233,24.8173535597786
0.134861794371257,-0.838748339765784,41.6149124793233,24.8173535597786
-0.0193413586427146,-0.606699417413442,41.6149124793233,24.8173535597786
-0.262795353712575,-0.183358286761711,41.6149124793233,24.8173535597786
-0.44752992756487,0.206939375203666,41.6149124793233,24.8173535597786
-0.589419471257485,0.532837953971487,41.6149124793233,24.8173535597786
-0.553233407285429,0.55075899389002,41.6149124793233,24.8173535597786
-0.306078633932136,0.418783690224033,41.6149124793233,24.8173535597786
-0.299644879580838,0.0109807465376782,41.6149124793233,24.8173535597786
-0.51374220744511,-0.284902572505092,41.6149124793233,24.8173535597786
-0.862625775948104,-0.084308550203666,41.6149124793233,24.8173535597786
-1.02074883227545,0.36051548910387,41.6149124793233,24.8173535597786
-0.879638399800399,0.741889863187373,41.6149124793233,24.8173535597786
-0.562814040538922,0.814715806568228,41.6149124793233,24.8173535597786
-0.461626971157685,0.44084369607943,41.6149124793233,24.8173535597786
-0.220370313193613,0.254081390529532,41.6149124793233,24.8173535597786
0.0323660616167665,0.303264964765784,41.6149124793233,24.8173535597786
0.0605966696407186,0.34257583314664,41.6149124793233,24.8173535597786
-0.187538079540918,-0.0295960124745418,41.6149124793233,24.8173535597786
-0.154681498662675,-0.105859717668024,41.6149124793233,24.8173535597786
-0.108975669500998,-0.163346045162933,41.6149124793233,24.8173535597786
0.0774632101397206,-0.0142377805498982,41.6149124793233,24.8173535597786
0.452197445369261,0.0624665042260692,41.6149124793233,24.8173535597786
0.698804406147705,-0.101987581619145,41.6149124793233,24.8173535597786
0.739841654810379,-0.341793186761711,41.6149124793233,24.8173535597786
0.556184445688623,-0.519042696537678,41.6149124793233,24.8173535597786
0.304495001576846,-0.546079390071283,41.6149124793233,24.8173535597786
-0.0269194325948104,-0.772822741395112,41.6149124793233,24.8173535597786
-0.0185744210379242,-0.537832484928717,41.6149124793233,24.8173535597786
0.0624653192015968,-0.292156622250509,41.6149124793233,24.8173535597786
0.376447139880239,0.0663324349287169,41.6149124793233,24.8173535597786
0.444229815808383,0.12793290697556,41.6149124793233,24.8173535597786
0.576952629081836,-0.0478645517820774,41.6149124793233,24.8173535597786
0.339877607105788,-0.512595341802444,41.6149124793233,24.8173535597786
-0.0894857154491018,-0.833175938849287,41.6149124793233,24.8173535597786
-0.44309873251497,-0.751985188747454,41.6149124793233,24.8173535597786
-0.230383109700599,-0.031023242107943,41.6149124793233,24.8173535597786
0.0137100000399202,0.6490827049389,41.6149124793233,24.8173535597786
0.257760502135729,0.953225339816701,41.6149124793233,24.8173535597786
0.289004079321357,0.769050663645621,41.6149124793233,24.8173535597786
-0.00469041566866268,-0.15291485814664,41.6149124793233,24.8173535597786
-0.0891631147105788,-0.528505849541752,41.6149124793233,24.8173535597786
-0.223632841417166,-0.418497471537678,41.6149124793233,24.8173535597786
-0.220735521576846,0.0180176091649694,41.6149124793233,24.8173535597786
-0.103521890978044,0.493558112321792,41.6149124793233,24.8173535597786
0.295078712095808,1.03802760142566,41.6149124793233,24.8173535597786
0.245818188003992,0.952530341038696,41.6149124793233,24.8173535597786
-0.0164257783832335,0.293870070570265,41.6149124793233,24.8173535597786
-0.142051375409182,-0.486495655549898,41.6149124793233,24.8173535597786
-0.134120266686627,-0.793145250305499,41.6149124793233,24.8173535597786
0.0348920862674651,-0.34694362413442,41.6149124793233,24.8173535597786
0.268765448083832,0.283078973472505,41.6149124793233,24.8173535597786
0.373275913752495,0.745513785386965,41.6149124793233,24.8173535597786
0.205200928982036,0.56576352107943,41.6149124793233,24.8173535597786
-0.023456039760479,-0.0302041364052953,41.6149124793233,24.8173535597786
-0.230851793792415,-0.509635391649694,41.6149124793233,24.8173535597786
-0.211641832834331,-0.672550551629328,41.6149124793233,24.8173535597786
0.0398163126347305,-0.458267535539715,41.6149124793233,24.8173535597786
0.219577965668663,-0.334930073828921,41.6149124793233,24.8173535597786
0.35481462998004,0.0426714497454175,41.6149124793233,24.8173535597786
0.220332729660679,0.0455817571283096,41.6149124793233,24.8173535597786
-0.136841069141717,-0.153814633350305,41.6149124793233,24.8173535597786
-0.527553171137724,-0.500929290885947,41.6149124793233,24.8173535597786
-0.536135568143713,-0.485509005498982,41.6149124793233,24.8173535597786
-0.27011169499002,-0.297902772861507,41.6149124793233,24.8173535597786
-0.0523257624550898,0.0891681090631364,41.6149124793233,24.8173535597786
0.0806526966866267,0.0129664573319756,41.6149124793233,24.8173535597786
0.119176094311377,-0.123849016395112,41.6149124793233,24.8173535597786
-0.0803068114171657,-0.0398224230651731,41.6149124793233,24.8173535597786
-0.445545628682635,0.307503216242363,41.6149124793233,24.8173535597786
-0.864488338702595,0.443567843075356,41.6149124793233,24.8173535597786
-0.798196930339321,0.596678556008147,41.6149124793233,24.8173535597786
-0.257591134251497,0.628896713645621,41.6149124793233,24.8173535597786
0.25356669253493,0.475866670213849,41.6149124793233,24.8173535597786
0.271364514411178,0.253913846181263,41.6149124793233,24.8173535597786
-0.0578647562674651,-0.079567665682281,41.6149124793233,24.8173535597786
-0.414758561976048,-0.216792692260692,41.6149124793233,24.8173535597786
-0.515483034071856,0.230637592464358,41.6149124793233,24.8173535597786
-0.293497205129741,1.0277949854888,41.6149124793233,24.8173535597786
0.200161053293413,1.45965605651731,41.6149124793233,24.8173535597786
0.566270283872256,1.058803100611,41.6149124793233,24.8173535597786
0.807679111996008,0.387024728207739,41.6149124793233,24.8173535597786
0.659106254890219,-0.261427747708758,41.6149124793233,24.8173535597786
0.0946340909580838,-0.344883449185336,41.6149124793233,24.8173535597786
-0.224898897145709,-0.227875440631365,41.6149124793233,24.8173535597786
0.03378428750499,0.243488864511202,41.6149124793233,24.8173535597786
0.446007163273453,0.611391431924644,41.6149124793233,24.8173535597786
0.756556025149701,0.783819387678208,41.6149124793233,24.8173535597786
0.857116153473054,0.272765688034623,41.6149124793233,24.8173535597786
0.802687930758483,-0.390604440224033,41.6149124793233,24.8173535597786
0.483081900978044,-0.907398085132383,41.6149124793233,24.8173535597786
-0.152764154650699,-1.02876845208758,41.6149124793233,24.8173535597786
-0.417028940758483,-0.528723036659878,41.6149124793233,24.8173535597786
-0.031630620738523,0.223513854989817,41.6149124793233,24.8173535597786
0.491852988982036,0.790986562576375,41.6149124793233,24.8173535597786
0.373963722874251,0.139431413543788,41.6149124793233,24.8173535597786
0.238020989021956,-0.437355518737271,41.6149124793233,24.8173535597786
0.00154247407185628,-0.762739053767821,41.6149124793233,24.8173535597786
0.0282209464670659,-0.158648598065173,41.6149124793233,24.8173535597786
-0.303163053672655,0.26469873793279,41.6149124793233,24.8173535597786
-0.48013086257485,0.447607523472505,41.6149124793233,24.8173535597786
-0.457786196327345,0.29425480203666,41.6149124793233,24.8173535597786
0.0215498066666667,0.546011904022403,41.6149124793233,24.8173535597786
0.18204671748503,0.598856632535642,41.6149124793233,24.8173535597786
0.000483369760479043,0.341489897556008,41.6149124793233,24.8173535597786
-0.278578442674651,-0.0661889392057027,41.6149124793233,24.8173535597786
-0.455260171676647,0.0179555557026477,41.6149124793233,24.8173535597786
-0.443043951257485,0.691086693584521,41.6149124793233,24.8173535597786
-0.547536156506986,0.679110375356415,41.6149124793233,24.8173535597786
-0.286655634750499,0.443704360692464,41.6149124793233,24.8173535597786
-0.132062926127744,-0.140789611608961,41.6149124793233,24.8173535597786
-0.0510536199201597,-0.0528474448065173,41.6149124793233,24.8173535597786
-0.191232771017964,0.221385421232179,41.6149124793233,24.8173535597786
-0.247067046007984,0.532602150814664,41.6149124793233,24.8173535597786
-0.482322112874251,0.0533756719959267,41.6149124793233,24.8173535597786
-0.505853706367265,-0.618533012678208,41.6149124793233,24.8173535597786
-0.360799023353293,-0.56099083706721,41.6149124793233,24.8173535597786
-0.144218278483034,-0.305920080193483,41.6149124793233,24.8173535597786
0.202023616047904,0.208093569602851,41.6149124793233,24.8173535597786
0.215718930419162,0.505553046588595,41.6149124793233,24.8173535597786
-0.0750660711177645,0.290606058452138,41.6149124793233,24.8173535597786
-0.527382740558882,-0.471056754124236,41.6149124793233,24.8173535597786
-0.606632959720559,-0.835962139307536,41.6149124793233,24.8173535597786
-0.44891163261477,-0.9682415049389,41.6149124793233,24.8173535597786
-0.0745243453493014,-0.571006265885947,41.6149124793233,24.8173535597786
0.187293544590818,0.0936980118126273,41.6149124793233,24.8173535597786
0.230382047005988,0.636293486354379,41.6149124793233,24.8173535597786
-0.0385817536327345,0.419342171384929,41.6149124793233,24.8173535597786
-0.276009810379241,-0.158363152138493,41.6149124793233,24.8173535597786
-0.497733906646707,-1.11929204292261,41.6149124793233,24.8173535597786
-0.46872418740519,-1.65048829643585,41.6149124793233,24.8173535597786
-0.0886153021357285,-1.12761341221996,41.6149124793233,24.8173535597786
0.553293212654691,0.220256048217923,41.6149124793233,24.8173535597786
0.870032356626746,0.988955723421588,41.6149124793233,24.8173535597786
0.541423940199601,0.82038749302444,41.6149124793233,24.8173535597786
-0.0321297388622755,-0.207106146792261,41.6149124793233,24.8173535597786
-0.367938847245509,-1.21443861670061,41.6149124793233,24.8173535597786
-0.171182830778443,-1.41909093543788,41.6149124793233,24.8173535597786
0.423820753992016,-0.787945170162933,41.6149124793233,24.8173535597786
0.877446086806387,0.0164848886456212,41.6149124793233,24.8173535597786
1.01870868944112,0.511355045315682,41.6149124793233,24.8173535597786
0.862843838283433,0.604906845112016,41.6149124793233,24.8173535597786
0.369654263952096,0.141584668686354,41.6149124793233,24.8173535597786
-0.264207492794411,-0.755143709979633,41.6149124793233,24.8173535597786
-0.730420341217565,-1.35815443543788,41.6149124793233,24.8173535597786
-0.590216842894212,-1.18565822087576,41.6149124793233,24.8173535597786
0.101408706467066,-0.16803728691446,41.6149124793233,24.8173535597786
0.785224883233533,0.795783295213849,41.6149124793233,24.8173535597786
0.810874685349301,0.70383868009165,41.6149124793233,24.8173535597786
0.187610058522954,-0.410126459470468,41.6149124793233,24.8173535597786
-0.59491585742515,-1.45191721700611,41.6149124793233,24.8173535597786
-1.25429959335329,-1.39709918839104,41.6149124793233,24.8173535597786
-1.09482526600798,-0.591725916955193,41.6149124793233,24.8173535597786
-0.458516613093812,0.253702864409369,41.6149124793233,24.8173535597786
0.229322942694611,0.758818047708758,41.6149124793233,24.8173535597786
0.472235211996008,0.282625983197556,41.6149124793233,24.8173535597786
0.373708077005988,-0.478894106415479,41.6149124793233,24.8173535597786
-0.26346490241517,-1.05979518324847,41.6149124793233,24.8173535597786
-0.921893009740519,-1.46672317311609,41.6149124793233,24.8173535597786
-1.21567272001996,-1.26191572072301,41.6149124793233,24.8173535597786
-0.867458700219561,-0.429871871181263,41.6149124793233,24.8173535597786
-0.156489280159681,0.381743978564155,41.6149124793233,24.8173535597786
0.493496426706587,0.584745675203666,41.6149124793233,24.8173535597786
0.739166019301397,0.280373442515275,41.6149124793233,24.8173535597786
0.328221372874251,-0.465931138136456,41.6149124793233,24.8173535597786
-0.412938606866267,-1.11867150829939,41.6149124793233,24.8173535597786
-0.821296360578842,-0.785860173828921,41.6149124793233,24.8173535597786
-0.637602630618762,0.161882356211813,41.6149124793233,24.8173535597786
-0.203783765788423,0.921714591649694,41.6149124793233,24.8173535597786
0.360651877305389,1.39424550188391,41.6149124793233,24.8173535597786
0.550949792195609,1.13668019582485,41.6149124793233,24.8173535597786
0.409017640858283,0.481488713900204,41.6149124793233,24.8173535597786
0.124228143612774,0.0670956925152749,41.6149124793233,24.8173535597786
-0.299358799680639,-0.00962100295315682,41.6149124793233,24.8173535597786
-0.668992291157685,0.147113632179226,41.6149124793233,24.8173535597786
-0.449246406966068,0.693879099389002,41.6149124793233,24.8173535597786
-0.0246186197804391,1.14477196731161,41.6149124793233,24.8173535597786
0.350152136287425,1.35355084129328,41.6149124793233,24.8173535597786
0.516948891716567,1.34147523752546,41.6149124793233,24.8173535597786
0.248009438303393,0.804588681517312,41.6149124793233,24.8173535597786
-0.253780793453094,-0.0548765930244399,41.6149124793233,24.8173535597786
-0.474451872215569,-0.565018106771894,41.6149124793233,24.8173535597786
-0.481695171816367,-0.798121937983707,41.6149124793233,24.8173535597786
-0.203716810918164,-0.477137993431772,41.6149124793233,24.8173535597786
0.284292891177645,0.174100682942974,41.6149124793233,24.8173535597786
0.524636528183633,0.793245308604888,41.6149124793233,24.8173535597786
0.456762550159681,0.813077595162933,41.6149124793233,24.8173535597786
0.303642848682635,0.437232184572301,41.6149124793233,24.8173535597786
-0.0704705322954092,-0.356723249796334,41.6149124793233,24.8173535597786
-0.43710931502994,-1.13432139149694,41.6149124793233,24.8173535597786
-0.331454529760479,-1.25191270259674,41.6149124793233,24.8173535597786
-0.0724974388223553,-0.513855027087576,41.6149124793233,24.8173535597786
0.333766453493014,0.448923056873727,41.6149124793233,24.8173535597786
0.647145680339321,1.02835967199593,41.6149124793233,24.8173535597786
0.639190224391218,1.06412728767821,41.6149124793233,24.8173535597786
0.150133591596806,0.231456698167006,41.6149124793233,24.8173535597786
-0.306930786826347,-1.05654978716904,41.6149124793233,24.8173535597786
-0.43682323512974,-1.65218856130346,41.6149124793233,24.8173535597786
-0.221496372375249,-1.16848182250509,41.6149124793233,24.8173535597786
0.152513532894212,0.164705788747454,41.6149124793233,24.8173535597786
0.243809541896208,1.52312433778004,41.6149124793233,24.8173535597786
0.125579414630739,1.81396271033605,41.6149124793233,24.8173535597786
0.0448927091616766,0.784061396181263,41.6149124793233,24.8173535597786
0.0323782352295409,-0.536783781415479,41.6149124793233,24.8173535597786
-0.133590714530938,-1.38925563075356,41.6149124793233,24.8173535597786
-0.433384189520958,-1.360375949389,41.6149124793233,24.8173535597786
-0.328940678722555,-0.355035395621181,41.6149124793233,24.8173535597786
0.0563785128143713,0.935229835743381,41.6149124793233,24.8173535597786
0.266221163013972,1.73535958961303,41.6149124793233,24.8173535597786
0.0523855678243513,1.46676738329939,41.6149124793233,24.8173535597786
-0.304806491397206,0.306795806771894,41.6149124793233,24.8173535597786
-0.381226345588822,-0.925319125050917,41.6149124793233,24.8173535597786
-0.240079392275449,-1.45399600799389,41.6149124793233,24.8173535597786
-0.0502136406387226,-0.780722147148676,41.6149124793233,24.8173535597786
-0.0584064820359281,0.195993144450102,41.6149124793233,24.8173535597786
-0.0678410319361277,0.986591486507128,41.6149124793233,24.8173535597786
-0.0900091807984032,1.01263532464358,41.6149124793233,24.8173535597786
-0.139610566047904,0.306851654887984,41.6149124793233,24.8173535597786
-0.148004272055888,-0.695628234266803,41.6149124793233,24.8173535597786
-0.134601124391218,-1.29708141782077,41.6149124793233,24.8173535597786
-0.245520997185629,-1.50895055422607,41.6149124793233,24.8173535597786
-0.277744550199601,-1.24958569775967,41.6149124793233,24.8173535597786
-0.0933264902794411,-0.520600238441955,41.6149124793233,24.8173535597786
0.232524602854291,0.180448752138493,41.6149124793233,24.8173535597786
0.35913626251497,0.39161047907332,41.6149124793233,24.8173535597786
0.194342066387226,-0.146064155906314,41.6149124793233,24.8173535597786
-0.0695514245309381,-0.824904212321792,41.6149124793233,24.8173535597786
-0.27004474011976,-1.16747035106925,41.6149124793233,24.8173535597786
0.0183055388622754,-0.812251511354379,41.6149124793233,24.8173535597786
0.180305890858283,-0.356214411405295,41.6149124793233,24.8173535597786
0.12022302500998,-0.0451341994399185,41.6149124793233,24.8173535597786
0.0556359224351297,-0.0420625530549898,41.6149124793233,24.8173535597786
0.17239304255489,0.170619483706721,41.6149124793233,24.8173535597786
0.261096072035928,0.25851821308554,41.6149124793233,24.8173535597786
0.208159116886228,0.0483431362016293,41.6149124793233,24.8173535597786
-0.127698685948104,-0.743136365020367,41.6149124793233,24.8173535597786
-0.321788681217565,-1.0048034049389,41.6149124793233,24.8173535597786
-0.129609943153693,-0.336301455346232,41.6149124793233,24.8173535597786
0.0116709199001996,0.436444105600815,41.6149124793233,24.8173535597786
-0.0517718630738523,0.642318877545825,41.6149124793233,24.8173535597786
-0.0273820298802395,0.393211458401222,41.6149124793233,24.8173535597786
0.228397748123752,0.262309679633401,41.6149124793233,24.8173535597786
0.0555446203393214,-0.0428816587576375,41.6149124793233,24.8173535597786
-0.0602751315968064,-0.102055840427699,41.6149124793233,24.8173535597786
-0.19986386247505,-0.464237078615071,41.6149124793233,24.8173535597786
-0.185474652175649,-0.603013441751527,41.6149124793233,24.8173535597786
-0.0146666913373254,0.0817030775458248,41.6149124793233,24.8173535597786
0.0987852929141717,0.853207569246436,41.6149124793233,24.8173535597786
0.0717355253293413,1.04402817123218,41.6149124793233,24.8173535597786
0.0828074261477046,0.567563071486762,41.6149124793233,24.8173535597786
0.285516339261477,0.131922944602851,41.6149124793233,24.8173535597786
0.10054437996008,-0.352274016547862,41.6149124793233,24.8173535597786
-0.0595690620558882,-0.39412907688391,41.6149124793233,24.8173535597786
-0.149276414590818,-0.226820531771894,41.6149124793233,24.8173535597786
-0.0109537394411178,0.321111540529532,41.6149124793233,24.8173535597786
0.067462587245509,0.715386829429735,41.6149124793233,24.8173535597786
0.178364199620758,1.00652926395112,41.6149124793233,24.8173535597786
0.273324466067864,0.794480172505092,41.6149124793233,24.8173535597786
0.235062801117764,0.199815637729124,41.6149124793233,24.8173535597786
-0.0485702029141717,-0.348166077342159,41.6149124793233,24.8173535597786
-0.226907543253493,-0.249538304327902,41.6149124793233,24.8173535597786
-0.228331855948104,0.34585225595723,41.6149124793233,24.8173535597786
-0.0241864565269461,1.04714325504073,41.6149124793233,24.8173535597786
0.0912498266067864,1.46422939669043,41.6149124793233,24.8173535597786
-0.143901764550898,0.875701949338086,41.6149124793233,24.8173535597786
-0.160378749441118,0.158221201934827,41.6149124793233,24.8173535597786
0.00255897073852295,-0.192281574643585,41.6149124793233,24.8173535597786
0.0473091712974052,-0.00700855218940937,41.6149124793233,24.8173535597786
-0.268157830139721,0.309550980498982,41.6149124793233,24.8173535597786
-0.421113187844311,0.59449427413442,41.6149124793233,24.8173535597786
-0.237973357265469,1.04479763416497,41.6149124793233,24.8173535597786
-0.105554884311377,1.09185277464358,41.6149124793233,24.8173535597786
0.132780106586826,0.882354080498982,41.6149124793233,24.8173535597786
0.00414762720558882,0.19462176293279,41.6149124793233,24.8173535597786
0.0396215348303393,-0.199181919653768,41.6149124793233,24.8173535597786
0.0831848081437126,-0.166399075509165,41.6149124793233,24.8173535597786
0.129474970718563,0.267832437780041,41.6149124793233,24.8173535597786
0.190148256786427,0.514377048930754,41.6149124793233,24.8173535597786
0.144345038722555,0.624310962780041,41.6149124793233,24.8173535597786
0.0366755205389222,0.434135716802444,41.6149124793233,24.8173535597786
0.161558527185629,0.442947308452138,41.6149124793233,24.8173535597786
0.33873328750499,0.610535094144603,41.6149124793233,24.8173535597786
0.285278953812375,0.184693208961303,41.6149124793233,24.8173535597786
0.221318792295409,-0.361451723625255,41.6149124793233,24.8173535597786
0.105639036906188,-0.629497859470468,41.6149124793233,24.8173535597786
0.0211237302195609,-0.403288167922607,41.6149124793233,24.8173535597786
-0.0110024338922156,-0.0104090819246436,41.6149124793233,24.8173535597786
0.120423889620758,0.680214926985743,41.6149124793233,24.8173535597786
-0.00900596139720559,0.635071033146639,41.6149124793233,24.8173535597786
-0.193503149800399,0.0513465237780041,41.6149124793233,24.8173535597786
-0.2949458650499,-0.589392706771894,41.6149124793233,24.8173535597786
-0.425428733572854,-1.02287337316701,41.6149124793233,24.8173535597786
-0.26456052756487,-1.02099935860489,41.6149124793233,24.8173535597786
-0.15118158499002,-0.559023742311609,41.6149124793233,24.8173535597786
0.0934045560678643,0.321974083655804,41.6149124793233,24.8173535597786
-0.00376522109780439,0.870402583655804,41.6149124793233,24.8173535597786
-0.371870924171657,0.695511105448065,41.6149124793233,24.8173535597786
-0.487909801137725,0.111693515885947,41.6149124793233,24.8173535597786
-0.278182800259481,-0.510895076934827,41.6149124793233,24.8173535597786
-0.108768718083832,-0.827069878156823,41.6149124793233,24.8173535597786
-0.0659784691816367,-0.635237804735234,41.6149124793233,24.8173535597786
0.219864045568862,0.331406209928717,41.6149124793233,24.8173535597786
0.112809294830339,0.549114577138493,41.6149124793233,24.8173535597786
0.00886490215568862,0.444486234317719,41.6149124793233,24.8173535597786
-0.156343196806387,-0.0178927294806517,41.6149124793233,24.8173535597786
-0.136390645469062,-0.221012327698574,41.6149124793233,24.8173535597786
-0.295761497105788,-0.666816811710794,41.6149124793233,24.8173535597786
0.0441440319760479,-0.261334667515275,41.6149124793233,24.8173535597786
0.0887481491816367,0.00591718401221996,41.6149124793233,24.8173535597786
0.0686982089421158,-0.00949689602851324,41.6149124793233,24.8173535597786
0.210192110219561,0.0103229798370672,41.6149124793233,24.8173535597786
0.266373333173653,0.0320354863034623,41.6149124793233,24.8173535597786
-0.0516075193013972,-0.406558385386965,41.6149124793233,24.8173535597786
-0.331131929021956,-0.677173534572301,41.6149124793233,24.8173535597786
-0.0820232908183633,-0.208583019195519,41.6149124793233,24.8173535597786
0.167657507185629,-0.0353111363543788,41.6149124793233,24.8173535597786
0.496606784770459,0.135112492566191,41.6149124793233,24.8173535597786
0.373215045688623,-0.118351079633401,41.6149124793233,24.8173535597786
0.19330122249501,-0.367433677393075,41.6149124793233,24.8173535597786
-0.0366278887824351,-0.633016290784114,41.6149124793233,24.8173535597786
0.191420399321357,0.0626030218431772,41.6149124793233,24.8173535597786
0.164041944191617,0.158612138747454,41.6149124793233,24.8173535597786
0.252884970219561,0.151333267617108,41.6149124793233,24.8173535597786
0.282801623612774,0.00401214271894094,41.6149124793233,24.8173535597786
0.356458067704591,-0.0601139052443992,41.6149124793233,24.8173535597786
0.235616700499002,0.0365777997454175,41.6149124793233,24.8173535597786
0.0372720275648703,0.360639596028513,41.6149124793233,24.8173535597786
-0.0156892748103792,0.539812763136456,41.6149124793233,24.8173535597786
-0.182346033692615,0.567805079989817,41.6149124793233,24.8173535597786
-0.049550178742515,0.551410555244399,41.6149124793233,24.8173535597786
0.0652835105588822,0.361657272810591,41.6149124793233,24.8173535597786
0.142780729481038,0.435811160285132,41.6149124793233,24.8173535597786
-0.00214004379241517,0.405243624745418,41.6149124793233,24.8173535597786
-0.217357344031936,0.389525482739308,41.6149124793233,24.8173535597786
-0.480301293153693,0.843353479429735,41.6149124793233,24.8173535597786
-0.574811135928144,1.24423125672098,41.6149124793233,24.8173535597786
-0.480477810538922,1.29780201074338,41.6149124793233,24.8173535597786
-0.245667080538922,0.982911716191446,41.6149124793233,24.8173535597786
-0.117016340738523,0.502090463391039,41.6149124793233,24.8173535597786
-0.199790820798403,0.0600215978105906,41.6149124793233,24.8173535597786
-0.516974301636727,0.0713401493380855,41.6149124793233,24.8173535597786
-0.801830753752495,0.190644135997963,41.6149124793233,24.8173535597786
-0.689030057784431,0.429816795824847,41.6149124793233,24.8173535597786
-0.425173087704591,0.597677616751527,41.6149124793233,24.8173535597786
-0.195177021556886,0.786779337830957,41.6149124793233,24.8173535597786
-0.0422399242714571,0.597776902291242,41.6149124793233,24.8173535597786
-0.100886303812375,0.251034565529532,41.6149124793233,24.8173535597786
-0.222835469780439,0.00973347194501018,41.6149124793233,24.8173535597786
-0.402828421457086,0.00717686929735234,41.6149124793233,24.8173535597786
-0.419859305728543,0.373360555804481,41.6149124793233,24.8173535597786
-0.239677663053892,0.796397624490835,41.6149124793233,24.8173535597786
0.0245079945708583,0.844886199949083,41.6149124793233,24.8173535597786
0.392887603932136,0.578738900050917,41.6149124793233,24.8173535597786
0.535860599161677,0.33773566308554,41.6149124793233,24.8173535597786
0.322804115189621,0.137160256822811,41.6149124793233,24.8173535597786
-0.00469041566866268,0.192034133553971,41.6149124793233,24.8173535597786
-0.331643220758483,0.390431463289206,41.6149124793233,24.8173535597786
-0.415062902295409,0.595964941191446,41.6149124793233,24.8173535597786
-0.0811467906986028,0.700400918279022,41.6149124793233,24.8173535597786
0.302681133273453,0.757192246995927,41.6149124793233,24.8173535597786
0.419955631936128,0.41496119694501,41.6149124793233,24.8173535597786
0.243620850898204,-0.0136979154276986,41.6149124793233,24.8173535597786
-0.0665141081437126,-0.121664734521385,41.6149124793233,24.8173535597786
-0.282303568183633,0.078662457892057,41.6149124793233,24.8173535597786
-0.35742693261477,0.329625275560081,41.6149124793233,24.8173535597786
-0.313705402335329,0.41792114709776,41.6149124793233,24.8173535597786
-0.0435790216766467,0.15318866614053,41.6149124793233,24.8173535597786
0.373336781816367,0.0768939342158859,41.6149124793233,24.8173535597786
0.361096214171657,0.0373410573319756,41.6149124793233,24.8173535597786
0.239000964850299,0.158488031822811,41.6149124793233,24.8173535597786
0.00266244644710579,-0.123768346894094,41.6149124793233,24.8173535597786
-0.104288828582834,-0.205579631619145,41.6149124793233,24.8173535597786
-0.184902492375249,-0.422164831160896,41.6149124793233,24.8173535597786
-0.0798624745508982,-0.406794188543788,41.6149124793233,24.8173535597786
0.2550579600998,-0.0854565392566191,41.6149124793233,24.8173535597786
0.570829301856287,0.149496485132383,41.6149124793233,24.8173535597786
0.58552285247505,0.0727239415478615,41.6149124793233,24.8173535597786
0.226943001397206,-0.317269658452138,41.6149124793233,24.8173535597786
-0.333761429381237,-0.897941137474542,41.6149124793233,24.8173535597786
-0.434997193213573,-1.43463532774949,41.6149124793233,24.8173535597786
-0.131569894810379,-1.19183874572301,41.6149124793233,24.8173535597786
0.205541790139721,-0.689820030193483,41.6149124793233,24.8173535597786
0.232433300758483,-0.229991463696538,41.6149124793233,24.8173535597786
0.0791675159281437,0.0242663928207739,41.6149124793233,24.8173535597786
-0.064097646007984,-0.138617740427699,41.6149124793233,24.8173535597786
-0.273410744051896,-0.744935915427699,41.6149124793233,24.8173535597786
-0.346093299121756,-1.13149175361507,41.6149124793233,24.8173535597786
-0.350792313652695,-1.18159992443992,41.6149124793233,24.8173535597786
-0.216127809141717,-0.670862697454175,41.6149124793233,24.8173535597786
-0.0395799898802395,0.089186725101833,41.6149124793233,24.8173535597786
0.027119234510978,0.403307556720978,41.6149124793233,24.8173535597786
-0.105207936347305,0.347279485590631,41.6149124793233,24.8173535597786
-0.217180826646707,-0.0297573514765784,41.6149124793233,24.8173535597786
-0.214733930479042,-0.38305253385947,41.6149124793233,24.8173535597786
-0.292590270978044,-0.456821689867617,41.6149124793233,24.8173535597786
-0.340627346986028,-0.390058369755601,41.6149124793233,24.8173535597786
-0.207715842714571,-0.0799896292260693,41.6149124793233,24.8173535597786
-0.158479665848303,0.325753139511202,41.6149124793233,24.8173535597786
-0.0430129486826347,0.40069510595723,41.6149124793233,24.8173535597786
0.0276122658283433,0.154293217769857,41.6149124793233,24.8173535597786
-0.0828084888423154,-0.0100057344195519,41.6149124793233,24.8173535597786
-0.220023365229541,-0.263823011354379,41.6149124793233,24.8173535597786
-0.222214615528942,-0.478006741904277,41.6149124793233,24.8173535597786
-0.00993115596806387,-0.355041600967413,41.6149124793233,24.8173535597786
0.116430944630739,-0.117730545010183,41.6149124793233,24.8173535597786
0.115280538223553,0.0487278676680244,41.6149124793233,24.8173535597786
0.0646200486626746,0.384089599439919,41.6149124793233,24.8173535597786
0.0422145143512974,0.370878417311609,41.6149124793233,24.8173535597786
0.182174540419162,0.0360131132382892,41.6149124793233,24.8173535597786
0.332269099121756,-0.0917053229124236,41.6149124793233,24.8173535597786
0.273567938323353,-0.324852591547861,41.6149124793233,24.8173535597786
0.193593389201597,-0.611583024898167,41.6149124793233,24.8173535597786
0.132901842714571,-0.399837995417515,41.6149124793233,24.8173535597786
0.188900461477046,0.130055135386965,41.6149124793233,24.8173535597786
0.307288845708583,0.529456040274949,41.6149124793233,24.8173535597786
0.33724201994012,0.739407724694501,41.6149124793233,24.8173535597786
0.253810164790419,0.352814654429735,41.6149124793233,24.8173535597786
0.0775788594610778,-0.31172207892057,41.6149124793233,24.8173535597786
0.069270368742515,-0.421792510386965,41.6149124793233,24.8173535597786
0.0302174189620758,0.0325381193482688,41.6149124793233,24.8173535597786
-0.0955420878043912,0.588655043329939,41.6149124793233,24.8173535597786
-0.0910926323353293,0.954168552443992,41.6149124793233,24.8173535597786
-0.0338888259081836,0.864476478004073,41.6149124793233,24.8173535597786
0.0403580384031936,0.611416253309572,41.6149124793233,24.8173535597786
0.0215680670858283,0.207373749439919,41.6149124793233,24.8173535597786
-0.102231488023952,0.0197737221486762,41.6149124793233,24.8173535597786
-0.292407666786427,-0.143073179022403,41.6149124793233,24.8173535597786
-0.368072756986028,0.207373749439919,41.6149124793233,24.8173535597786
-0.325057296247505,0.776627391395112,41.6149124793233,24.8173535597786
-0.242441073153693,1.12632967830957,41.6149124793233,24.8173535597786
-0.0380035070259481,0.922701241700611,41.6149124793233,24.8173535597786
0.157681231516966,0.492112266649695,41.6149124793233,24.8173535597786
0.109534592994012,0.00736302968431772,41.6149124793233,24.8173535597786
-0.00487910666666666,-0.13839434796334,41.6149124793233,24.8173535597786
-0.206328050858283,0.0284736175661914,41.6149124793233,24.8173535597786
-0.215312177085828,0.279486078004073,41.6149124793233,24.8173535597786
-0.0237542932734531,0.457771880600815,41.6149124793233,24.8173535597786
0.230960293612774,0.732631486608961,41.6149124793233,24.8173535597786
0.456561685548902,0.934609301120163,41.6149124793233,24.8173535597786
0.532853716806387,0.720357311761711,41.6149124793233,24.8173535597786
0.40444036245509,0.119630153716904,41.6149124793233,24.8173535597786
0.239427041297405,-0.344684878105906,41.6149124793233,24.8173535597786
0.153694373333333,-0.268632154684318,41.6149124793233,24.8173535597786
-0.0586073466467066,0.0812004445010183,41.6149124793233,24.8173535597786
0.0288418007185629,0.387545977291242,41.6149124793233,24.8173535597786
0.530577251217565,0.560191120162933,41.6149124793233,24.8173535597786
0.789467387285429,0.393850609063136,41.6149124793233,24.8173535597786
0.50779433491018,-0.0562852066191446,41.6149124793233,24.8173535597786
0.164121072674651,-0.346844338594705,41.6149124793233,24.8173535597786
-0.264110103892216,-0.680176922148676,41.6149124793233,24.8173535597786
-0.331588439500998,-0.713239006873727,41.6149124793233,24.8173535597786
-0.17695921003992,-0.401922991751528,41.6149124793233,24.8173535597786
0.177012928602794,0.179350405855397,41.6149124793233,24.8173535597786
0.340248902295409,0.294211364613035,41.6149124793233,24.8173535597786
0.347729587345309,0.111550792922607,41.6149124793233,24.8173535597786
0.135981766746507,-0.351945133197556,41.6149124793233,24.8173535597786
-0.137912347065868,-0.632439193584521,41.6149124793233,24.8173535597786
-0.259191964331337,-0.438900649949084,41.6149124793233,24.8173535597786
-0.278748873253493,-0.231344229175153,41.6149124793233,24.8173535597786
-0.0896500592215569,0.132127721028513,41.6149124793233,24.8173535597786
0.0284826791417166,0.116297882790224,41.6149124793233,24.8173535597786
0.297324743652695,0.382774066038697,41.6149124793233,24.8173535597786
0.244886906626746,0.168739263798371,41.6149124793233,24.8173535597786
0.0980731365668663,-0.0836197567718941,41.6149124793233,24.8173535597786
-0.0307906414570858,-0.262898414765784,41.6149124793233,24.8173535597786
-0.15488845007984,-0.163488768126273,41.6149124793233,24.8173535597786
-0.433232019361277,-0.433812266038697,41.6149124793233,24.8173535597786
-0.283460061397206,-0.487054136710794,41.6149124793233,24.8173535597786
0.0841769575848303,-0.328929504022403,41.6149124793233,24.8173535597786
0.295559569800399,-0.190544077698574,41.6149124793233,24.8173535597786
0.240577447704591,-0.0320160975050916,41.6149124793233,24.8173535597786
-0.195158761137725,-0.229842535386965,41.6149124793233,24.8173535597786
-0.463276495688623,-0.887478923727088,41.6149124793233,24.8173535597786
-0.381214171976048,-1.25752233559063,41.6149124793233,24.8173535597786
-0.176636609301397,-1.06029781629328,41.6149124793233,24.8173535597786
-0.122963150578842,-0.759723255498982,41.6149124793233,24.8173535597786
0.14284159754491,-0.211307166191446,41.6149124793233,24.8173535597786
0.254157112754491,0.131991203411405,41.6149124793233,24.8173535597786
0.136553926546906,-0.125481022454175,41.6149124793233,24.8173535597786
-0.0649376252894212,-0.777358849490835,41.6149124793233,24.8173535597786
-0.0912508893013972,-1.18316987703666,41.6149124793233,24.8173535597786
-0.0627768090219561,-1.33790639068228,41.6149124793233,24.8173535597786
0.101913911397206,-0.854720900967413,41.6149124793233,24.8173535597786
0.301695070638723,-0.0644762636456212,41.6149124793233,24.8173535597786
0.428842369261477,0.611434869348269,41.6149124793233,24.8173535597786
0.807435639740519,1.04930271552953,41.6149124793233,24.8173535597786
0.890678803892216,0.765252991751528,41.6149124793233,24.8173535597786
0.549452437824351,-0.0627946148167006,41.6149124793233,24.8173535597786
0.133991381057884,-0.685780349796334,41.6149124793233,24.8173535597786
-0.00952333994011976,-0.558719680346232,41.6149124793233,24.8173535597786
0.283325088962076,0.146710284674134,41.6149124793233,24.8173535597786
0.775364256886227,0.975440479327902,41.6149124793233,24.8173535597786
1.1597095594012,1.35835998462322,41.6149124793233,24.8173535597786
0.862022119421158,0.818463835692464,41.6149124793233,24.8173535597786
0.445702822954092,0.137904898370672,41.6149124793233,24.8173535597786
0.132676630878244,-0.352987631364562,41.6149124793233,24.8173535597786
0.0705607716966068,-0.0813423947046843,41.6149124793233,24.8173535597786
0.0306982766666667,0.240684048014257,41.6149124793233,24.8173535597786
0.0343260132734531,0.690503391038697,41.6149124793233,24.8173535597786
0.0162908059481038,0.44984144811609,41.6149124793233,24.8173535597786
0.0975679316367266,0.30077662092668,41.6149124793233,24.8173535597786
0.100069609061876,-0.0687827739307536,41.6149124793233,24.8173535597786
-0.0152936323952096,-0.144097061150713,41.6149124793233,24.8173535597786
-0.511277050858283,-0.40719753604888,41.6149124793233,24.8173535597786
-0.756721431616766,-0.44056988808554,41.6149124793233,24.8173535597786
-0.627577660499002,-0.320310278105906,41.6149124793233,24.8173535597786
-0.297569278602794,0.254639871690428,41.6149124793233,24.8173535597786
-0.0591003779640719,0.423698324439919,41.6149124793233,24.8173535597786
-0.1000645849501,0.224140594959267,41.6149124793233,24.8173535597786
-0.325172945568862,-0.392776311405295,41.6149124793233,24.8173535597786
-0.222817209361277,-0.57853335086558,41.6149124793233,24.8173535597786
-0.217515600998004,-0.322078801782077,41.6149124793233,24.8173535597786
-0.274786362295409,0.141336454837067,41.6149124793233,24.8173535597786
-0.40007718497006,0.218754354429735,41.6149124793233,24.8173535597786
-0.161687412814371,0.303420098421589,41.6149124793233,24.8173535597786
0.0976166260878243,0.511274375814664,41.6149124793233,24.8173535597786
0.356105032934132,0.866567679684318,41.6149124793233,24.8173535597786
0.167468816187625,0.523064533655804,41.6149124793233,24.8173535597786
-0.132403787285429,-0.2271494151222,41.6149124793233,24.8173535597786
-0.168565504031936,-0.642386363594705,41.6149124793233,24.8173535597786
0.0168994865868263,-0.0791208807535641,41.6149124793233,24.8173535597786
-0.186911138483034,0.71896110885947,41.6149124793233,24.8173535597786
-0.111337350379242,1.13344100509165,41.6149124793233,24.8173535597786
0.161710697345309,0.934131489460285,41.6149124793233,24.8173535597786
0.316279058742515,0.358902099083503,41.6149124793233,24.8173535597786
0.383459140838323,0.340825925509165,41.6149124793233,24.8173535597786
-0.122780546387226,0.136719677240326,41.6149124793233,24.8173535597786
-0.264414444211577,-0.0866231443482688,41.6149124793233,24.8173535597786
-0.106060089241517,-0.204803963340122,41.6149124793233,24.8173535597786
0.352659900518962,0.445919669297352,41.6149124793233,24.8173535597786
0.263457752914172,0.945642406720978,41.6149124793233,24.8173535597786
0.252477154191617,1.29795714439919,41.6149124793233,24.8173535597786
0.235787131077844,0.786177419246436,41.6149124793233,24.8173535597786
0.318762475748503,-0.177047449643585,41.6149124793233,24.8173535597786
0.306156699720559,-0.785351335437882,41.6149124793233,24.8173535597786
0.218342343972056,-0.548009252749491,41.6149124793233,24.8173535597786
0.210143415768463,0.00789668946028513,41.6149124793233,24.8173535597786
0.269374128722555,0.301235816547862,41.6149124793233,24.8173535597786
0.529262501037924,0.635257193533605,41.6149124793233,24.8173535597786
0.427947608722555,0.278549070723014,41.6149124793233,24.8173535597786
0.370421201556886,-0.0894403715376782,41.6149124793233,24.8173535597786
0.292455298542914,-0.356003429633401,41.6149124793233,24.8173535597786
0.311531349760479,-0.573140904989817,41.6149124793233,24.8173535597786
0.201043640219561,-0.805233264765784,41.6149124793233,24.8173535597786
0.106308585608782,-0.657738390173116,41.6149124793233,24.8173535597786
0.193112531497006,-0.0373837219959267,41.6149124793233,24.8173535597786
0.266628979041916,0.329588043482688,41.6149124793233,24.8173535597786
0.28006864754491,0.247181045519348,41.6149124793233,24.8173535597786
0.318397267365269,-0.049719950305499,41.6149124793233,24.8173535597786
0.226267365888224,-0.213323903716904,41.6149124793233,24.8173535597786
0.0689599416167665,-0.25983917907332,41.6149124793233,24.8173535597786
-0.0355566108582834,-0.294558091242362,41.6149124793233,24.8173535597786
0.10199303988024,-0.216705817413442,41.6149124793233,24.8173535597786
0.16901486500998,0.0537604034623218,41.6149124793233,24.8173535597786
0.0531281582035928,0.367732306771894,41.6149124793233,24.8173535597786
-0.0304010858483034,0.586805850152749,41.6149124793233,24.8173535597786
-0.0282159223552894,0.445702482179226,41.6149124793233,24.8173535597786
0.0941958408982036,0.180467368177189,41.6149124793233,24.8173535597786
-0.00139136660678643,-0.0130463540733198,41.6149124793233,24.8173535597786
-0.191232771017964,0.00652530794297352,41.6149124793233,24.8173535597786
-0.363611127904192,-0.109787701832994,41.6149124793233,24.8173535597786
-0.420096691177645,-0.0729403559063136,41.6149124793233,24.8173535597786
-0.328965025948104,0.0649052052953157,41.6149124793233,24.8173535597786
-0.125428307165669,0.441048472505092,41.6149124793233,24.8173535597786
-0.00798946473053893,0.59637449404277,41.6149124793233,24.8173535597786
-0.16831594497006,0.159102361099796,41.6149124793233,24.8173535597786
-0.366745833193613,-0.38330695305499,41.6149124793233,24.8173535597786
-0.348108032035928,-0.366043679837067,41.6149124793233,24.8173535597786
-0.263148388483034,0.11053311614053,41.6149124793233,24.8173535597786
-0.200679494530938,0.525217788798371,41.6149124793233,24.8173535597786
-0.0969237928542914,0.428011040071283,41.6149124793233,24.8173535597786
0.0644496180838323,0.283165848319756,41.6149124793233,24.8173535597786
0.192041253572854,0.249539077087576,41.6149124793233,24.8173535597786
0.209577342774451,0.238958961761711,41.6149124793233,24.8173535597786
0.145568486806387,0.0492739381364562,41.6149124793233,24.8173535597786
0.0746328451696607,-0.255731239867617,41.6149124793233,24.8173535597786
0.0613757808582834,-0.17945512398167,41.6149124793233,24.8173535597786
0.295370878802395,0.291592708503055,41.6149124793233,24.8173535597786
0.546062086666667,0.718464681160896,41.6149124793233,24.8173535597786
0.471151760459082,0.453012380040733,41.6149124793233,24.8173535597786
0.264322079421158,-0.165654433961303,41.6149124793233,24.8173535597786
0.139956451317365,-0.476703619195519,41.6149124793233,24.8173535597786
0.183148429441118,-0.0754286997454175,41.6149124793233,24.8173535597786
0.359002352774451,0.546086368177189,41.6149124793233,24.8173535597786
0.349628670938124,0.602114439307536,41.6149124793233,24.8173535597786
0.295310010738523,0.168019443635438,41.6149124793233,24.8173535597786
0.245148639301397,-0.134851095264766,41.6149124793233,24.8173535597786
0.327277917884231,-0.0564279295824847,41.6149124793233,24.8173535597786
0.247528580598802,0.0739836268329939,41.6149124793233,24.8173535597786
-0.00315654045908183,-0.0612680996435845,41.6149124793233,24.8173535597786
-0.0661854205988024,-0.00810069312627291,41.6149124793233,24.8173535597786
-0.10289494992016,0.308601562525458,41.6149124793233,24.8173535597786
-0.0123171840718563,0.567687178411405,41.6149124793233,24.8173535597786
0.202327956367265,0.640916469297352,41.6149124793233,24.8173535597786
0.199801931716567,0.292480073014257,41.6149124793233,24.8173535597786
-0.0467319873852295,-0.188291537016293,41.6149124793233,24.8173535597786
-0.268084788463074,-0.13568881700611,41.6149124793233,24.8173535597786
-0.269423885868263,0.177296436252546,41.6149124793233,24.8173535597786
-0.0490754078443114,0.350959255906314,41.6149124793233,24.8173535597786
0.0779927622954092,0.298548901629328,41.6149124793233,24.8173535597786
0.0359390169660679,0.0328173599287169,41.6149124793233,24.8173535597786
-0.0406938754491018,-0.211636049541751,41.6149124793233,24.8173535597786
0.0713642301397206,0.179797190784114,41.6149124793233,24.8173535597786
0.18281365508982,0.590206379887984,41.6149124793233,24.8173535597786
-0.0689792647305389,0.213430167362525,41.6149124793233,24.8173535597786
-0.261042353473054,-0.512378154684318,41.6149124793233,24.8173535597786
-0.0120554513972056,-0.8768367549389,41.6149124793233,24.8173535597786
0.428647591457086,-0.558365975610998,41.6149124793233,24.8173535597786
0.375211518183633,-0.0580164982179226,41.6149124793233,24.8173535597786
0.00629018305389221,0.156700892107943,41.6149124793233,24.8173535597786
0.000897272594810379,-0.0082248000509165,41.6149124793233,24.8173535597786
0.172752164131736,0.104135404175153,41.6149124793233,24.8173535597786
0.279003456427146,0.326919744602851,41.6149124793233,24.8173535597786
0.157352543972056,0.185382002393075,41.6149124793233,24.8173535597786
0.0112996247105788,-0.0694839780549898,41.6149124793233,24.8173535597786
-0.0293237211177645,-0.283258155753564,41.6149124793233,24.8173535597786
0.186934423013972,-0.163910731670061,41.6149124793233,24.8173535597786
0.296198684471058,0.478361219399185,41.6149124793233,24.8173535597786
0.126133314011976,0.713469377443992,41.6149124793233,24.8173535597786
0.0577236970259481,0.517827221435845,41.6149124793233,24.8173535597786
0.0546315993812375,0.237935079633401,41.6149124793233,24.8173535597786
0.0959123202994012,0.267466322352342,41.6149124793233,24.8173535597786
0.0977322754091816,0.57359466802444,41.6149124793233,24.8173535597786
-0.0808850580239521,0.757347380651731,41.6149124793233,24.8173535597786
-0.171243698842315,0.555977690071283,41.6149124793233,24.8173535597786
-0.139987948043912,0.357474869450102,41.6149124793233,24.8173535597786
-0.01206762500998,0.232275803869654,41.6149124793233,24.8173535597786
0.123954237325349,0.237401419857434,41.6149124793233,24.8173535597786
0.103356484510978,0.0805240617617108,41.6149124793233,24.8173535597786
-0.000514866487025948,-0.0947707639511202,41.6149124793233,24.8173535597786
-0.0781764291816367,-0.336400740885947,41.6149124793233,24.8173535597786
-0.0346740239321357,-0.0435952735743381,41.6149124793233,24.8173535597786
-0.0108746109580838,0.291971234623218,41.6149124793233,24.8173535597786
-0.0314480165469062,0.19516162805499,41.6149124793233,24.8173535597786
-0.0277594118762475,-0.294998670824847,41.6149124793233,24.8173535597786
0.0832639366267465,-0.740250879022403,41.6149124793233,24.8173535597786
0.402523018443114,-0.64846760290224,41.6149124793233,24.8173535597786
0.596375628263473,-0.0874856874745418,41.6149124793233,24.8173535597786
0.360414491856287,0.234534549898167,41.6149124793233,24.8173535597786
-0.0288976446706587,-0.141149521690428,41.6149124793233,24.8173535597786
-0.0525388006786427,-0.435742128716904,41.6149124793233,24.8173535597786
0.114154479041916,-0.228837269297352,41.6149124793233,24.8173535597786
0.179277220578842,0.0124390029022403,41.6149124793233,24.8173535597786
0.0988522477844311,-0.0132138984215886,41.6149124793233,24.8173535597786
0.0154082190219561,-0.177078476374745,41.6149124793233,24.8173535597786
0.107209432954092,0.115249179276986,41.6149124793233,24.8173535597786
0.185790103413174,0.753543503411405,41.6149124793233,24.8173535597786
-0.0513762206586826,1.10140280249491,41.6149124793233,24.8173535597786
-0.371706580399202,0.843713389511202,41.6149124793233,24.8173535597786
-0.509712741616766,0.369494625101833,41.6149124793233,24.8173535597786
-0.220370313193613,0.294143105804481,41.6149124793233,24.8173535597786
0.0872568816167665,0.617820170621181,41.6149124793233,24.8173535597786
-0.0349357566067864,0.552235866293279,41.6149124793233,24.8173535597786
-0.201744685648703,0.250507111099796,41.6149124793233,24.8173535597786
-0.254553817864271,0.121274570468432,41.6149124793233,24.8173535597786
-0.205122863193613,0.484659645824847,41.6149124793233,24.8173535597786
-0.232203064810379,0.936787377647658,41.6149124793233,24.8173535597786
-0.232604794031936,0.944587497861507,41.6149124793233,24.8173535597786
-0.202134241257485,0.524541406059063,41.6149124793233,24.8173535597786
-0.0602568711776447,0.274801041598778,41.6149124793233,24.8173535597786
0.0432370978243513,0.310432139663951,41.6149124793233,24.8173535597786
-0.0573656381437126,0.0827331650203666,41.6149124793233,24.8173535597786
-0.0426173062674651,-0.0860894845723014,41.6149124793233,24.8173535597786
0.0359755378043912,-0.0655746099287169,41.6149124793233,24.8173535597786
0.0709320668862275,-0.0406415287678208,41.6149124793233,24.8173535597786
0.291974440838323,0.160045573727088,41.6149124793233,24.8173535597786
0.390714614051896,0.524125647861507,41.6149124793233,24.8173535597786
0.284883311397206,0.105593660539715,41.6149124793233,24.8173535597786
0.281797300558882,-0.421643582077393,41.6149124793233,24.8173535597786
0.24086352760479,-0.619538278767821,41.6149124793233,24.8173535597786
0.391457204431138,-0.387582436608961,41.6149124793233,24.8173535597786
0.421142559181637,-0.389127567820774,41.6149124793233,24.8173535597786
0.62814875760479,-0.088081400712831,41.6149124793233,24.8173535597786
0.857773528562874,-0.00111967861507128,41.6149124793233,24.8173535597786
0.761693289740519,0.208248703258656,41.6149124793233,24.8173535597786
0.45959291512974,0.132928210692464,41.6149124793233,24.8173535597786
0.315992978842315,0.206691161354379,41.6149124793233,24.8173535597786
0.189959565788423,-0.0979230798370672,41.6149124793233,24.8173535597786
0.13979210754491,-0.265603945723014,41.6149124793233,24.8173535597786
0.141295548722555,0.03188655799389,41.6149124793233,24.8173535597786
0.105072963912176,0.192245115325866,41.6149124793233,24.8173535597786
0.114099697784431,0.500719081873727,41.6149124793233,24.8173535597786
-0.060427301756487,0.434551475,41.6149124793233,24.8173535597786
-0.30630993257485,0.301136531008147,41.6149124793233,24.8173535597786
-0.683533671616766,0.161398339205703,41.6149124793233,24.8173535597786
-0.6212412950499,0.497442659063136,41.6149124793233,24.8173535597786
-0.634425317684631,0.45906879796334,41.6149124793233,24.8173535597786
-0.683990182095808,0.345076587678208,41.6149124793233,24.8173535597786
-0.651334465828343,0.175763715733198,41.6149124793233,24.8173535597786
-0.450597677984032,0.250835994450102,41.6149124793233,24.8173535597786
-0.52677405992016,0.476170732179226,41.6149124793233,24.8173535597786
-0.73062729263473,0.34058391700611,41.6149124793233,24.8173535597786
-0.804241129081836,0.0131836444501018,41.6149124793233,24.8173535597786
-0.622592566067864,-0.0987918283095723,41.6149124793233,24.8173535597786
-0.269709965768463,0.324828542922607,41.6149124793233,24.8173535597786
-0.140627062714571,0.439726733757637,41.6149124793233,24.8173535597786
-0.127412606047904,0.282272278462322,41.6149124793233,24.8173535597786
-0.124691803592814,-0.360843599694501,41.6149124793233,24.8173535597786
-0.084391058502994,-0.87567014984725,41.6149124793233,24.8173535597786
0.0825335198602794,-0.704235049490835,41.6149124793233,24.8173535597786
0.187944832874251,-0.311399400916497,41.6149124793233,24.8173535597786
0.337655922774451,0.124271752698574,41.6149124793233,24.8173535597786
0.501944913972056,0.149533717209776,41.6149124793233,24.8173535597786
0.508896046866267,-0.0924871965376782,41.6149124793233,24.8173535597786
0.446974965489022,-0.390697520417515,41.6149124793233,24.8173535597786
0.248745941876247,-0.564738866191446,41.6149124793233,24.8173535597786
0.0906046251297405,-0.660474947861507,41.6149124793233,24.8173535597786
0.290093617664671,-0.287328862881874,41.6149124793233,24.8173535597786
0.405450772315369,0.0109062823828921,41.6149124793233,24.8173535597786
0.53267111261477,0.403766752342159,41.6149124793233,24.8173535597786
0.460256377025948,0.400527561608961,41.6149124793233,24.8173535597786
0.22601172001996,0.0557274982179226,41.6149124793233,24.8173535597786
-0.00997985041916168,-0.161273459521385,41.6149124793233,24.8173535597786
-0.19365531996008,-0.300713794704684,41.6149124793233,24.8173535597786
-0.227674480858283,-0.0589783268839104,41.6149124793233,24.8173535597786
-0.21693126758483,0.305796746028513,41.6149124793233,24.8173535597786
0.0764588870858283,0.738818216802444,41.6149124793233,24.8173535597786
0.211519034011976,0.67553609592668,41.6149124793233,24.8173535597786
0.0827891657285429,0.412491469144603,41.6149124793233,24.8173535597786
-0.042264271497006,0.187113293991853,41.6149124793233,24.8173535597786
-0.201093397365269,0.0882931552443992,41.6149124793233,24.8173535597786
-0.221478111956088,0.304692194399185,41.6149124793233,24.8173535597786
-0.182759936526946,0.308291295213849,41.6149124793233,24.8173535597786
0.281426005369261,0.609467774592668,41.6149124793233,24.8173535597786
0.430924057045908,0.614078346843177,41.6149124793233,24.8173535597786
0.268558496666667,0.152028266395112,41.6149124793233,24.8173535597786
0.205395706786427,-0.0955340215376782,41.6149124793233,24.8173535597786
0.114470992974052,0.0368198082484725,41.6149124793233,24.8173535597786
-0.0848049613373254,-0.00730020346232179,41.6149124793233,24.8173535597786
0.0304608912175649,0.174410950254583,41.6149124793233,24.8173535597786
0.314325193892216,0.573061008248473,41.6149124793233,24.8173535597786
0.279167800199601,0.155490849592668,41.6149124793233,24.8173535597786
0.310240946806387,-0.248129690733198,41.6149124793233,24.8173535597786
0.406978560718563,-0.465794620519348,41.6149124793233,24.8173535597786
0.377591459481038,-0.326534240376782,41.6149124793233,24.8173535597786
-0.10721658245509,-0.438981319450102,41.6149124793233,24.8173535597786
-0.0634889653692615,0.0421129685845214,41.6149124793233,24.8173535597786
0.0274783560878244,0.0765464348268839,41.6149124793233,24.8173535597786
0.265612482375249,0.195813189409369,41.6149124793233,24.8173535597786
0.217502364690619,0.179890270977597,41.6149124793233,24.8173535597786
-0.0532509570259481,0.076999425101833,41.6149124793233,24.8173535597786
-0.377848168043912,-0.366713857230142,41.6149124793233,24.8173535597786
-0.314782767065868,-0.199219151731161,41.6149124793233,24.8173535597786
-0.245508823572854,0.0545857145112016,41.6149124793233,24.8173535597786
-0.205153297225549,0.282309510539715,41.6149124793233,24.8173535597786
-0.101440203193613,0.440148697301426,41.6149124793233,24.8173535597786
-0.234996908942116,0.335390042209776,41.6149124793233,24.8173535597786
-0.272022952195609,0.209477361812627,41.6149124793233,24.8173535597786
-0.422166205349301,0.291543065733198,41.6149124793233,24.8173535597786
-0.261736249401198,0.652483234674134,41.6149124793233,24.8173535597786
-0.376235164351297,0.548785693788187,41.6149124793233,24.8173535597786
-0.355667845568862,0.41632637311609,41.6149124793233,24.8173535597786
-0.245788816666667,0.0563418274949083,41.6149124793233,24.8173535597786
0.239993114291417,-0.00996229699592668,41.6149124793233,24.8173535597786
0.430035383313373,0.0114709688900204,41.6149124793233,24.8173535597786
0.357681515788423,0.274776220213849,41.6149124793233,24.8173535597786
0.02557927249501,0.322259529582485,41.6149124793233,24.8173535597786
-0.220930299381238,0.188180613543788,41.6149124793233,24.8173535597786
0.104190376986028,0.283488526323829,41.6149124793233,24.8173535597786
0.403600383173653,0.0210892555498982,41.6149124793233,24.8173535597786
0.691177637744511,-0.200435399592668,41.6149124793233,24.8173535597786
0.674585003532934,-0.580984462627291,41.6149124793233,24.8173535597786
0.501184063173653,-0.750222870417515,41.6149124793233,24.8173535597786
0.44092467994012,-0.442772785997963,41.6149124793233,24.8173535597786
0.356135466966068,0.0246573296334012,41.6149124793233,24.8173535597786
0.260956075489022,-0.00734984623217923,41.6149124793233,24.8173535597786
0.186550954211577,-0.37507866395112,41.6149124793233,24.8173535597786
0.398146604650699,-0.657781827596741,41.6149124793233,24.8173535597786
0.527046903512974,-0.76581070015275,41.6149124793233,24.8173535597786
0.459787692934132,-0.553563037627291,41.6149124793233,24.8173535597786
0.329396126506986,-0.316934569755601,41.6149124793233,24.8173535597786
0.179338088642715,-0.214968320468432,41.6149124793233,24.8173535597786
0.029115707005988,-0.240968721181263,41.6149124793233,24.8173535597786
-0.0547239641716567,-0.341786981415479,41.6149124793233,24.8173535597786
0.0364320482834331,-0.350536519602851,41.6149124793233,24.8173535597786
0.134058335928144,-0.31109533895112,41.6149124793233,24.8173535597786
0.177426831437126,-0.27812012907332,41.6149124793233,24.8173535597786
0.00891968341317365,-0.0435518361507128,41.6149124793233,24.8173535597786
-0.32329212239521,-0.135645379582485,41.6149124793233,24.8173535597786
-0.367354513832335,-0.183085251527495,41.6149124793233,24.8173535597786
-0.358461689700599,-0.266137605498982,41.6149124793233,24.8173535597786
-0.279747109500998,-0.329028789562118,41.6149124793233,24.8173535597786
-0.0864544858682635,-0.169383847046843,41.6149124793233,24.8173535597786
-0.0262498838922156,0.185810171283096,41.6149124793233,24.8173535597786
-0.0451128968862275,0.340838336201629,41.6149124793233,24.8173535597786
-0.149933789680639,0.0877470847759674,41.6149124793233,24.8173535597786
-0.236816864051896,-0.13355417790224,41.6149124793233,24.8173535597786
-0.244364503972056,-0.309860475050916,41.6149124793233,24.8173535597786
-0.140140118203593,-0.35380673706721,41.6149124793233,24.8173535597786
0.132469679461078,-0.234173867057026,41.6149124793233,24.8173535597786
0.432835314251497,0.0169130575356415,41.6149124793233,24.8173535597786
0.626620969201597,0.108460530498982,41.6149124793233,24.8173535597786
0.499911920638723,0.127771567973523,41.6149124793233,24.8173535597786
0.34483226750499,-0.272014068380855,41.6149124793233,24.8173535597786
0.407684630259481,-0.654803261405295,41.6149124793233,24.8173535597786
0.48670963758483,-0.821733280397149,41.6149124793233,24.8173535597786
0.606771893572854,-0.619414171843177,41.6149124793233,24.8173535597786
0.84328084255489,-0.271710006415479,41.6149124793233,24.8173535597786
0.810314699161677,-0.0409021533095723,41.6149124793233,24.8173535597786
0.558448737664671,-0.202086021690428,41.6149124793233,24.8173535597786
0.391219818982036,-0.444249658401222,41.6149124793233,24.8173535597786
0.334715995289421,-0.473799517158859,41.6149124793233,24.8173535597786
0.249756351736527,-0.445372826069246,41.6149124793233,24.8173535597786
-0.0399573718762475,-0.430740619653768,41.6149124793233,24.8173535597786
-0.130723828722555,-0.302345800763747,41.6149124793233,24.8173535597786
-0.0245212308782435,0.0334627159368635,41.6149124793233,24.8173535597786
-0.159362252774451,0.374247920315682,41.6149124793233,24.8173535597786
-0.686303168522954,0.334037276731161,41.6149124793233,24.8173535597786
-1.01149688656687,0.0430375651731161,41.6149124793233,24.8173535597786
-1.05050114189621,-0.0427699625254582,41.6149124793233,24.8173535597786
-0.882566153672655,0.336699370264766,41.6149124793233,24.8173535597786
-0.634364449620758,0.737825361405295,41.6149124793233,24.8173535597786
-0.564719210938124,0.718712895010183,41.6149124793233,24.8173535597786
-0.625447278263473,0.169998949083503,41.6149124793233,24.8173535597786
-0.600083556047904,-0.196439156619145,41.6149124793233,24.8173535597786
-0.549356111616766,-0.148167768279022,41.6149124793233,24.8173535597786
-0.365138916307385,0.199579834572301,41.6149124793233,24.8173535597786
-0.0738913174850299,0.304257820162933,41.6149124793233,24.8173535597786
0.170542653413174,0.254459916649695,41.6149124793233,24.8173535597786
0.303253293073852,0.117464487881874,41.6149124793233,24.8173535597786
0.429864952734531,0.138674361303462,41.6149124793233,24.8173535597786
0.32708314007984,-0.0765270460285132,41.6149124793233,24.8173535597786
0.169684413712575,-0.411342707331976,41.6149124793233,24.8173535597786
0.20411747744511,-0.564248643839104,41.6149124793233,24.8173535597786
0.239780076067864,-0.394830281008147,41.6149124793233,24.8173535597786
0.414605329121756,-0.112834526832994,41.6149124793233,24.8173535597786
0.55742006738523,0.0341949467922607,41.6149124793233,24.8173535597786
0.493721638542914,-0.279050931008147,41.6149124793233,24.8173535597786
0.125068122894212,-0.685302538136456,41.6149124793233,24.8173535597786
-0.0979768103592814,-0.623708271435845,41.6149124793233,24.8173535597786
-0.0767095088423154,-0.226721246232179,41.6149124793233,24.8173535597786
0.0919011148902196,0.0714580509164969,41.6149124793233,24.8173535597786
0.202820987684631,-0.0869768490835031,41.6149124793233,24.8173535597786
0.243724326606786,-0.524981212881874,41.6149124793233,24.8173535597786
0.417861770538922,-0.710099101680244,41.6149124793233,24.8173535597786
0.205651352654691,-0.577093710539715,41.6149124793233,24.8173535597786
-0.0763260400399201,-0.226603344653768,41.6149124793233,24.8173535597786
-0.148838164530938,-0.23290177107943,41.6149124793233,24.8173535597786
-0.0602812184031936,0.0086227149694501,41.6149124793233,24.8173535597786
0.139938190898204,0.522760471690428,41.6149124793233,24.8173535597786
0.256744005469062,0.469264181822811,41.6149124793233,24.8173535597786
0.226352581177645,0.0397859637474542,41.6149124793233,24.8173535597786
0.0105144266866267,-0.559923517515275,41.6149124793233,24.8173535597786
-0.0942334244311377,-0.66167878503055,41.6149124793233,24.8173535597786
-0.221831146726547,-0.167416752291242,41.6149124793233,24.8173535597786
-0.106352255948104,0.419931679276986,41.6149124793233,24.8173535597786
0.193721212135729,0.798780477443992,41.6149124793233,24.8173535597786
0.207964339081836,0.340819720162933,41.6149124793233,24.8173535597786
0.0576567421556886,-0.444051087321792,41.6149124793233,24.8173535597786
0.110313704211577,-0.602343264358452,41.6149124793233,24.8173535597786
0.0917185106986028,-0.417672160488798,41.6149124793233,24.8173535597786
-0.164225611077844,-0.265541892260692,41.6149124793233,24.8173535597786
-0.167622049041916,-0.200540890478615,41.6149124793233,24.8173535597786
0.22862295996008,0.044489616191446,41.6149124793233,24.8173535597786
0.470305694371257,-0.0861515380346232,41.6149124793233,24.8173535597786
0.471096979201597,-0.264350465784114,41.6149124793233,24.8173535597786
0.21348507247505,-0.741069984725051,41.6149124793233,24.8173535597786
-0.111592996247505,-1.16618584439919,41.6149124793233,24.8173535597786
-0.231271783433134,-1.02304712286151,41.6149124793233,24.8173535597786
-0.286162603433134,-0.435202263594705,41.6149124793233,24.8173535597786
-0.281445328483034,-0.186020380295316,41.6149124793233,24.8173535597786
-0.132738561636727,-0.2680116200611,41.6149124793233,24.8173535597786
0.130144519421158,-0.541723237016293,41.6149124793233,24.8173535597786
0.0573889226746507,-0.883060717209776,41.6149124793233,24.8173535597786
-0.205810672315369,-0.583708609623218,41.6149124793233,24.8173535597786
-0.581464015309381,-0.190308274541752,41.6149124793233,24.8173535597786
-1.00732742419162,-0.280980793686354,41.6149124793233,24.8173535597786
-0.982152392974052,-0.320695009572301,41.6149124793233,24.8173535597786
-0.665334120518962,-0.125114907026477,41.6149124793233,24.8173535597786
-0.258771974690619,-0.127646688289206,41.6149124793233,24.8173535597786
0.0322078046506986,-0.000542581415478615,41.6149124793233,24.8173535597786
-0.0873918540518962,0.0892177518329939,41.6149124793233,24.8173535597786
-0.41499594742515,-0.149179239714868,41.6149124793233,24.8173535597786
-0.631534084650699,-0.28552310712831,41.6149124793233,24.8173535597786
-0.563051425988024,0.012705832790224,41.6149124793233,24.8173535597786
-0.35211923744511,0.17010443996945,41.6149124793233,24.8173535597786
-0.153318054031936,0.0942006448574338,41.6149124793233,24.8173535597786
0.293258756986028,0.181081697454175,41.6149124793233,24.8173535597786
0.570506701117764,0.0901175270366599,41.6149124793233,24.8173535597786
0.843798221097804,0.22847813197556,41.6149124793233,24.8173535597786
0.503095320379242,0.0430996186354379,41.6149124793233,24.8173535597786
0.205480922075848,-0.175328568737271,41.6149124793233,24.8173535597786
0.0889490137924152,-0.465465737169043,41.6149124793233,24.8173535597786
0.356330244770459,-0.137178100101833,41.6149124793233,24.8173535597786
0.78251016758483,0.355935943584521,41.6149124793233,24.8173535597786
0.949666044590818,0.158022630855397,41.6149124793233,24.8173535597786
1.08919999421158,-0.0653760388492872,41.6149124793233,24.8173535597786
0.92405885011976,-0.370883849898167,41.6149124793233,24.8173535597786
0.490635627704591,-0.379366558197556,41.6149124793233,24.8173535597786
0.0590080131736527,-0.654542636863544,41.6149124793233,24.8173535597786
-0.106285301077844,-0.401352099898167,41.6149124793233,24.8173535597786
0.0373572428542914,-0.432546375407332,41.6149124793233,24.8173535597786
0.425196372235529,0.205859644959267,41.6149124793233,24.8173535597786
0.681134407205589,0.798333692515275,41.6149124793233,24.8173535597786
0.401768254451098,0.398442565274949,41.6149124793233,24.8173535597786
-0.114685093892216,-0.515381542260692,41.6149124793233,24.8173535597786
-0.215695645888224,-0.586352087118126,41.6149124793233,24.8173535597786
-0.426554792754491,-0.373378399083503,41.6149124793233,24.8173535597786
-0.339269989161677,0.417126862780041,41.6149124793233,24.8173535597786
-0.216833878682635,0.987112735590631,41.6149124793233,24.8173535597786
-0.146172143333333,1.23056087897149,41.6149124793233,24.8173535597786
-0.114094673672655,0.744949098879837,41.6149124793233,24.8173535597786
-0.0145023475648703,0.548978059521385,41.6149124793233,24.8173535597786
-0.188329364371257,0.275316085336049,41.6149124793233,24.8173535597786
-0.556995053632734,-0.0975817857942974,41.6149124793233,24.8173535597786
-0.588153415528942,-0.0886336765274949,41.6149124793233,24.8173535597786
-0.471481510698603,0.510033306568228,41.6149124793233,24.8173535597786
-0.228270987884232,1.06862616369654,41.6149124793233,24.8173535597786
-0.0421790562075848,1.464725824389,41.6149124793233,24.8173535597786
-0.172661924730539,0.685812149287169,41.6149124793233,24.8173535597786
-0.211976607185629,-0.0951492900712831,41.6149124793233,24.8173535597786
-0.274962879680639,-0.458037937729124,41.6149124793233,24.8173535597786
-0.246038375728543,-0.328308969399185,41.6149124793233,24.8173535597786
-0.181816481536926,-0.17612285305499,41.6149124793233,24.8173535597786
-0.00592603736526946,0.06844845799389,41.6149124793233,24.8173535597786
-0.037461781257485,-0.152790751221996,41.6149124793233,24.8173535597786
-0.04245296249501,-0.0622733657331976,41.6149124793233,24.8173535597786
-0.111952117824351,0.205350806568228,41.6149124793233,24.8173535597786
-0.197441313532934,0.165897215224033,41.6149124793233,24.8173535597786
-0.0834962979640719,-0.434246640274949,41.6149124793233,24.8173535597786
0.116832673852295,-0.854714695621181,41.6149124793233,24.8173535597786
0.126961119680639,-0.998343639511202,41.6149124793233,24.8173535597786
-0.122756199161677,-0.866759272657841,41.6149124793233,24.8173535597786
-0.398141580538922,-0.249736875407332,41.6149124793233,24.8173535597786
-0.475486629301397,0.333007189256619,41.6149124793233,24.8173535597786
-0.301805695848303,0.362172316547862,41.6149124793233,24.8173535597786
-0.0518692519760479,0.390977533757637,41.6149124793233,24.8173535597786
0.00356329379241517,-0.0907559049389002,41.6149124793233,24.8173535597786
0.0359755378043912,-0.688442443329939,41.6149124793233,24.8173535597786
-0.0733435049101796,-0.749465818177189,41.6149124793233,24.8173535597786
-0.303820428762475,-0.541146139816701,41.6149124793233,24.8173535597786
-0.326457261716567,0.251692332230143,41.6149124793233,24.8173535597786
-0.103205377045908,1.15592917983707,41.6149124793233,24.8173535597786
0.292887461796407,1.33626895203666,41.6149124793233,24.8173535597786
0.503710087824351,0.547861097199593,41.6149124793233,24.8173535597786
0.735300897245509,-0.278324905498982,41.6149124793233,24.8173535597786
0.478370712834331,-0.542536137372709,41.6149124793233,24.8173535597786
0.0092179369261477,-0.368085238747454,41.6149124793233,24.8173535597786
-0.0665810630139721,0.154305628462322,41.6149124793233,24.8173535597786
0.0428110213772455,0.89761302688391,41.6149124793233,24.8173535597786
0.361917933033932,0.85424386206721,41.6149124793233,24.8173535597786
0.655277653672655,0.65779501104888,41.6149124793233,24.8173535597786
0.579582129441118,0.0905767226578411,41.6149124793233,24.8173535597786
0.352952067225549,-1.0083900950611,41.6149124793233,24.8173535597786
0.104263418662675,-1.31226590005092,41.6149124793233,24.8173535597786
-0.125671779421158,-0.488915740580448,41.6149124793233,24.8173535597786
-0.63322013001996,-0.219187955906314,41.6149124793233,24.8173535597786
-0.336786572155689,0.524231138747454,41.6149124793233,24.8173535597786
-0.176533133592814,0.420068196894094,41.6149124793233,24.8173535597786
0.153627418463074,-0.375779868075356,41.6149124793233,24.8173535597786
0.231958529860279,-1.0691342293279,41.6149124793233,24.8173535597786
0.00447022794411177,-1.44594146858452,41.6149124793233,24.8173535597786
-0.39053307255489,-1.42596645906314,41.6149124793233,24.8173535597786
-0.499639077045908,-0.983339112321792,41.6149124793233,24.8173535597786
-0.309462898283433,-0.0434401399185336,41.6149124793233,24.8173535597786
-0.141296611417166,0.14453220814664,41.6149124793233,24.8173535597786
0.0471387407185629,-0.278343521537678,41.6149124793233,24.8173535597786
0.117727434391218,-0.775968851934827,41.6149124793233,24.8173535597786
0.390769395309381,-0.84269493996945,41.6149124793233,24.8173535597786
0.311634825469062,-0.640487527647658,41.6149124793233,24.8173535597786
0.0292070091017964,-0.161242432790224,41.6149124793233,24.8173535597786
-0.409432606387226,-0.343685817362525,41.6149124793233,24.8173535597786
-0.304374328143713,-0.192213315835031,41.6149124793233,24.8173535597786
-0.051899686007984,0.179319379124236,41.6149124793233,24.8173535597786
0.230984640838323,0.595853244959267,41.6149124793233,24.8173535597786
0.174602553273453,0.428190995112016,41.6149124793233,24.8173535597786
-0.130212536986028,0.112283023778004,41.6149124793233,24.8173535597786
-0.420017562694611,0.0232797427698574,41.6149124793233,24.8173535597786
-0.857792851676647,0.253156793940937,41.6149124793233,24.8173535597786
-0.842995825349301,0.681927602545825,41.6149124793233,24.8173535597786
-0.668274048003992,0.880182209317719,41.6149124793233,24.8173535597786
-0.24332366007984,1.16219037418534,41.6149124793233,24.8173535597786
-0.112633840139721,1.51736577647658,41.6149124793233,24.8173535597786
-0.19753870243513,1.51635430504073,41.6149124793233,24.8173535597786
-0.266630041736527,1.13491167214868,41.6149124793233,24.8173535597786
-0.477939612275449,0.268558463289206,41.6149124793233,24.8173535597786
-0.72426657996008,-0.478236339714868,41.6149124793233,24.8173535597786
-0.553592528862275,-0.253385618991853,41.6149124793233,24.8173535597786
0.0359329301596806,0.625911942107943,41.6149124793233,24.8173535597786
0.78112846253493,1.48023918996945,41.6149124793233,24.8173535597786
1.01303578588822,1.47291067606925,41.6149124793233,24.8173535597786
0.563336443193613,0.602362653156823,41.6149124793233,24.8173535597786
-0.204769828423154,-0.691650607331976,41.6149124793233,24.8173535597786
-0.565419193672655,-1.28328693314664,41.6149124793233,24.8173535597786
-0.23994548253493,-0.911555667107943,41.6149124793233,24.8173535597786
0.388060766467066,-0.0530832479633401,41.6149124793233,24.8173535597786
0.778444180918164,0.668852938034623,41.6149124793233,24.8173535597786
0.918897238303393,0.738253530295316,41.6149124793233,24.8173535597786
0.745453690299401,0.389612357586558,41.6149124793233,24.8173535597786
0.272989691716567,-0.158387973523422,41.6149124793233,24.8173535597786
-0.503248553233533,-1.03346589918534,41.6149124793233,24.8173535597786
-0.948510614071856,-1.34664972352342,41.6149124793233,24.8173535597786
-0.631783643712575,-0.869073866802444,41.6149124793233,24.8173535597786
0.216747600698603,0.235136468482688,41.6149124793233,24.8173535597786
1.06356236570858,0.989458356466395,41.6149124793233,24.8173535597786
1.18874971267465,1.00283708294297,41.6149124793233,24.8173535597786
0.452392223173653,0.109279636201629,41.6149124793233,24.8173535597786
-0.680891997644711,-0.770905289409369,41.6149124793233,24.8173535597786
-1.14279538714571,-0.738550614154786,41.6149124793233,24.8173535597786
-0.957403438203593,0.0676914057535642,41.6149124793233,24.8173535597786
-0.175145341736527,0.80973911889002,41.6149124793233,24.8173535597786
0.675838885648703,1.23193846583503,41.6149124793233,24.8173535597786
1.07131087023952,1.06695692556008,41.6149124793233,24.8173535597786
0.702450403173653,0.396463059826884,41.6149124793233,24.8173535597786
-0.111416478862275,-0.0679636682281059,41.6149124793233,24.8173535597786
-0.79080754738523,0.0268850489307536,41.6149124793233,24.8173535597786
-1.22323862035928,0.146493097556008,41.6149124793233,24.8173535597786
-0.826208413333333,0.638992811965377,41.6149124793233,24.8173535597786
0.11430056239521,1.16335077393075,41.6149124793233,24.8173535597786
0.879168653013972,1.22629160076375,41.6149124793233,24.8173535597786
1.03713953918164,0.896527091293279,41.6149124793233,24.8173535597786
0.335160332155689,0.0917309170570265,41.6149124793233,24.8173535597786
-0.63826609251497,-0.755236790173116,41.6149124793233,24.8173535597786
-1.25195008608782,-0.835614639918534,41.6149124793233,24.8173535597786
-1.01365770283433,-0.0592451567718941,41.6149124793233,24.8173535597786
-0.201951637065868,0.598813195112016,41.6149124793233,24.8173535597786
0.61823335,0.824731235386965,41.6149124793233,24.8173535597786
0.850688485928144,0.122261220519348,41.6149124793233,24.8173535597786
0.749513590159681,-0.557782673065173,41.6149124793233,24.8173535597786
0.264078607165669,-0.833151117464358,41.6149124793233,24.8173535597786
-0.541522391796407,-0.863184993228106,41.6149124793233,24.8173535597786
-1.04862640552894,-1.08093679786151,41.6149124793233,24.8173535597786
-0.762954321357285,-1.15759764521385,41.6149124793233,24.8173535597786
0.271522771377246,-0.436002753258656,41.6149124793233,24.8173535597786
1.2094509411976,0.542971284368636,41.6149124793233,24.8173535597786
1.31515442091816,0.825885429786151,41.6149124793233,24.8173535597786
0.582175108962076,-0.0449852711303462,41.6149124793233,24.8173535597786
-0.336208325548902,-1.13968901598778,41.6149124793233,24.8173535597786
-0.930962351257485,-1.60204936374745,41.6149124793233,24.8173535597786
-0.899097919820359,-1.02315881909369,41.6149124793233,24.8173535597786
-0.34685414992016,-0.20986752586558,41.6149124793233,24.8173535597786
0.437430853073852,0.356891566904277,41.6149124793233,24.8173535597786
0.888201473692615,0.58626598503055,41.6149124793233,24.8173535597786
0.639786731417166,0.318480473727088,41.6149124793233,24.8173535597786
0.00112857123752495,-0.0567071701629328,41.6149124793233,24.8173535597786
-0.695926409421158,-0.792388198065173,41.6149124793233,24.8173535597786
-1.28502579199601,-1.5209889259165,41.6149124793233,24.8173535597786
-1.17975447552894,-1.42203226955193,41.6149124793233,24.8173535597786
-0.365930201137725,-0.197754690020367,41.6149124793233,24.8173535597786
0.600958993473054,1.20994671878819,41.6149124793233,24.8173535597786
0.999772634770459,1.83646950112016,41.6149124793233,24.8173535597786
0.460956359760479,0.911078628207739,41.6149124793233,24.8173535597786
-0.458431397804391,-0.676782597759674,41.6149124793233,24.8173535597786
-1.05604622251497,-1.50412900020367,41.6149124793233,24.8173535597786
-1.04664210664671,-1.04451762082485,41.6149124793233,24.8173535597786
-0.458358356127745,-0.143513758604888,41.6149124793233,24.8173535597786
0.333760366686627,0.87440503197556,41.6149124793233,24.8173535597786
0.944723557804391,1.59694313655804,41.6149124793233,24.8173535597786
1.01449053261477,1.80289857800407,41.6149124793233,24.8173535597786
0.263469926526946,0.816689106670061,41.6149124793233,24.8173535597786
-0.614624936506986,-0.732016384572301,41.6149124793233,24.8173535597786
-1.00009021139721,-1.96610461649695,41.6149124793233,24.8173535597786
-0.487118516307385,-1.45650296787169,41.6149124793233,24.8173535597786
0.231447238123752,0.153343799796334,41.6149124793233,24.8173535597786
0.941978408123752,1.73845605738289,41.6149124793233,24.8173535597786
1.1679024007984,1.82548603828921,41.6149124793233,24.8173535597786
0.732391403792415,0.768560441293279,41.6149124793233,24.8173535597786
-0.0528248805788423,-0.589659536659878,41.6149124793233,24.8173535597786
-0.649891892714571,-1.55026574943992,41.6149124793233,24.8173535597786
-0.606261664530938,-1.64456219078411,41.6149124793233,24.8173535597786
-0.0806233253493014,-0.834441829480652,41.6149124793233,24.8173535597786
0.644473572335329,0.26185048401222,41.6149124793233,24.8173535597786
1.11152031323353,1.33754725336049,41.6149124793233,24.8173535597786
0.836737525688623,1.47875611221996,41.6149124793233,24.8173535597786
0.112115398902196,0.566166868584521,41.6149124793233,24.8173535597786
-0.814363488103792,-0.976655954429735,41.6149124793233,24.8173535597786
-1.06753202616766,-1.63890291502037,41.6149124793233,24.8173535597786
-0.750859837065868,-1.12582006715886,41.6149124793233,24.8173535597786
-0.0978429006187625,0.284040802138493,41.6149124793233,24.8173535597786
0.462849356546906,1.4023434787169,41.6149124793233,24.8173535597786
0.377731456027944,1.66397328655804,41.6149124793233,24.8173535597786
-0.118483261077844,1.06041649063136,41.6149124793233,24.8173535597786
-0.893309366946108,0.150216305295316,41.6149124793233,24.8173535597786
-1.31491809816367,-0.559501553971487,41.6149124793233,24.8173535597786
-1.18441088241517,-0.846753236405295,41.6149124793233,24.8173535597786
-0.580289261676647,-0.494351623879837,41.6149124793233,24.8173535597786
0.0814257210978044,0.352312021384929,41.6149124793233,24.8173535597786
0.56784067992016,1.40339838757637,41.6149124793233,24.8173535597786
0.566483322095808,1.70109366771894,41.6149124793233,24.8173535597786
0.0236193208383234,1.01486304394094,41.6149124793233,24.8173535597786
-0.758657036047904,-0.243754921639511,41.6149124793233,24.8173535597786
-1.02771213878244,-1.11193250229124,41.6149124793233,24.8173535597786
-0.503595501197605,-0.752506437830957,41.6149124793233,24.8173535597786
0.370573371716567,-0.0230866042769857,41.6149124793233,24.8173535597786
0.923791030638722,0.457554693482688,41.6149124793233,24.8173535597786
0.802328809181637,0.53427138895112,41.6149124793233,24.8173535597786
0.323498011117764,0.486930802545825,41.6149124793233,24.8173535597786
-0.212451378083832,0.196148278105906,41.6149124793233,24.8173535597786
-0.456867088562874,-0.232883155040733,41.6149124793233,24.8173535597786
-0.394294718902196,-0.891946773014257,41.6149124793233,24.8173535597786
-0.0879822742714571,-1.17746095850306,41.6149124793233,24.8173535597786
0.400070035469062,-0.630689285947047,41.6149124793233,24.8173535597786
0.777549420379242,0.53538214592668,41.6149124793233,24.8173535597786
0.377676674770459,0.851662438034623,41.6149124793233,24.8173535597786
-0.161297857205589,0.343394938849287,41.6149124793233,24.8173535597786
-0.53835725247505,-0.367117204735234,41.6149124793233,24.8173535597786
-0.355911317824351,-0.704160585336049,41.6149124793233,24.8173535597786
0.0115309233532934,-0.525285274847251,41.6149124793233,24.8173535597786
0.357005880279441,-0.41460051410387,41.6149124793233,24.8173535597786
0.459793779740519,-0.289370421792261,41.6149124793233,24.8173535597786
0.117362226007984,-0.232113692107943,41.6149124793233,24.8173535597786
-0.0259272831536926,0.635368889765784,41.6149124793233,24.8173535597786
-0.408148290239521,0.733463003004073,41.6149124793233,24.8173535597786
-0.620291753253493,0.261955974898167,41.6149124793233,24.8173535597786
-0.393107791656687,-0.679270941598778,41.6149124793233,24.8173535597786
0.141916402974052,-1.12206583268839,41.6149124793233,24.8173535597786
0.436341314730539,-0.900857650203666,41.6149124793233,24.8173535597786
0.335580321796407,-0.0967564747454175,41.6149124793233,24.8173535597786
-0.0863449233532934,0.497759131720978,41.6149124793233,24.8173535597786
-0.59107508259481,0.524150469246436,41.6149124793233,24.8173535597786
-0.687678786766467,0.252033626272912,41.6149124793233,24.8173535597786
-0.311142856846307,0.00791530549898167,41.6149124793233,24.8173535597786
0.104963401397206,-0.44321957092668,41.6149124793233,24.8173535597786
0.428586723393214,-0.88976249114053,41.6149124793233,24.8173535597786
0.591268797704591,-0.834857587678208,41.6149124793233,24.8173535597786
0.279624310678643,-0.45264549185336,41.6149124793233,24.8173535597786
-0.241954128642715,0.278617329531568,41.6149124793233,24.8173535597786
-0.517936017045908,0.694536866089613,41.6149124793233,24.8173535597786
-0.373295236866267,0.567457580600815,41.6149124793233,24.8173535597786
-0.070707917744511,-0.381935571537678,41.6149124793233,24.8173535597786
0.345039218922156,-1.06246348212831,41.6149124793233,24.8173535597786
0.675899753712575,-0.887261736608961,41.6149124793233,24.8173535597786
0.590958370578842,-0.0305702518329939,41.6149124793233,24.8173535597786
0.0337477666666667,0.485342233910387,41.6149124793233,24.8173535597786
-0.592955905768463,0.267503554429735,41.6149124793233,24.8173535597786
-0.739806196666667,9.0363900203666e-05,41.6149124793233,24.8173535597786
-0.610978939481038,-0.153076197148676,41.6149124793233,24.8173535597786
-0.0966133657285429,0.250581575254582,41.6149124793233,24.8173535597786
0.153676112914172,0.340720434623218,41.6149124793233,24.8173535597786
0.119766514530938,0.0828262452138493,41.6149124793233,24.8173535597786
-0.103540151397206,-0.0202011182790224,41.6149124793233,24.8173535597786
-0.587009095928144,0.0853766425152749,41.6149124793233,24.8173535597786
-0.911636740978044,0.505404118279022,41.6149124793233,24.8173535597786
-0.966290175528942,0.644856864154786,41.6149124793233,24.8173535597786
-0.525100188163673,0.617435439154786,41.6149124793233,24.8173535597786
0.0458483377644711,0.759903983299389,41.6149124793233,24.8173535597786
0.328805706287425,0.880660020977597,41.6149124793233,24.8173535597786
0.0374607185628743,0.274068810743381,41.6149124793233,24.8173535597786
-0.183155578942116,-0.414786674490835,41.6149124793233,24.8173535597786
-0.21072272506986,-0.68198267790224,41.6149124793233,24.8173535597786
-0.249130473373253,-0.480433032281059,41.6149124793233,24.8173535597786
-0.0785112035329341,0.192971140835031,41.6149124793233,24.8173535597786
0.316066020518962,0.793077764256619,41.6149124793233,24.8173535597786
0.612962175668663,0.596939180549898,41.6149124793233,24.8173535597786
0.703813847804391,-0.124395086863544,41.6149124793233,24.8173535597786
0.495480725588822,-0.580674195315682,41.6149124793233,24.8173535597786
0.039962395988024,-1.09301860697556,41.6149124793233,24.8173535597786
-0.165509927225549,-0.972200515835031,41.6149124793233,24.8173535597786
-0.0620281318363273,-0.260174267769857,41.6149124793233,24.8173535597786
0.372460281696607,0.633408000356416,41.6149124793233,24.8173535597786
0.597678204830339,1.05750618324847,41.6149124793233,24.8173535597786
0.304781081477046,0.717912405346232,41.6149124793233,24.8173535597786
0.024690598762475,0.120883633655804,41.6149124793233,24.8173535597786
-0.472394531656687,-0.826269388492872,41.6149124793233,24.8173535597786
-0.569046930279441,-0.915955257586558,41.6149124793233,24.8173535597786
-0.412634266546906,-0.296090811761711,41.6149124793233,24.8173535597786
-0.125708300259481,0.585769557331976,41.6149124793233,24.8173535597786
-0.109413919560878,0.975955523065173,41.6149124793233,24.8173535597786
-0.0336453536526946,1.25023803187373,41.6149124793233,24.8173535597786
-0.243488003852295,0.90003311191446,41.6149124793233,24.8173535597786
-0.7659490300998,0.189043156670061,41.6149124793233,24.8173535597786
-1.06661900520958,-0.547742422861507,41.6149124793233,24.8173535597786
-0.787642408063872,-0.789682667107943,41.6149124793233,24.8173535597786
-0.209882745788423,-0.203078877087576,41.6149124793233,24.8173535597786
0.0926437052694611,0.497939086761711,41.6149124793233,24.8173535597786
0.341265398962076,1.36666273788187,41.6149124793233,24.8173535597786
-0.113948590319361,1.05998211639511,41.6149124793233,24.8173535597786
-0.391677392155689,0.435097545468432,41.6149124793233,24.8173535597786
-0.569424312275449,-0.244480947148676,41.6149124793233,24.8173535597786
-0.392298246407186,-0.523144430397149,41.6149124793233,24.8173535597786
-0.0263837936327345,-0.692693105498982,41.6149124793233,24.8173535597786
0.604611077305389,-0.13685542209776,41.6149124793233,24.8173535597786
0.713528390798403,0.219654129633401,41.6149124793233,24.8173535597786
0.423406851157685,0.477647604582485,41.6149124793233,24.8173535597786
0.0703842543113772,0.37341640392057,41.6149124793233,24.8173535597786
-0.160646568922156,-0.261229176629328,41.6149124793233,24.8173535597786
-0.0607377288822355,-0.720468235234216,41.6149124793233,24.8173535597786
0.192193423732535,-0.86809342209776,41.6149124793233,24.8173535597786
0.642063197005988,-0.687654364358452,41.6149124793233,24.8173535597786
0.723096850439122,-0.523628447403259,41.6149124793233,24.8173535597786
0.445495871536926,-0.328644058095723,41.6149124793233,24.8173535597786
0.00742841584830339,-0.477280716395112,41.6149124793233,24.8173535597786
-0.241369795229541,-0.285907838594705,41.6149124793233,24.8173535597786
-0.31567752760479,-0.305938696232179,41.6149124793233,24.8173535597786
0.0463109350499002,-0.218629474745417,41.6149124793233,24.8173535597786
0.35580069261477,-0.0779418649694501,41.6149124793233,24.8173535597786
0.343596645808383,-0.226528880498982,41.6149124793233,24.8173535597786
0.180896311077844,-0.422499919857434,41.6149124793233,24.8173535597786
0.0273809671856287,-0.140020148676171,41.6149124793233,24.8173535597786
-0.338722176586826,0.227069518380855,41.6149124793233,24.8173535597786
-0.691483040758483,0.32984866802444,41.6149124793233,24.8173535597786
-0.463763440199601,0.601438056568228,41.6149124793233,24.8173535597786
-0.0252699080638723,0.661871923523422,41.6149124793233,24.8173535597786
0.293094413213573,0.156198259063136,41.6149124793233,24.8173535597786
0.234728026766467,-0.177550082688391,41.6149124793233,24.8173535597786
-0.176758345429142,-0.292231086405295,41.6149124793233,24.8173535597786
-0.375303882974052,-0.174248838492872,41.6149124793233,24.8173535597786
-0.446300392674651,0.198320149287169,41.6149124793233,24.8173535597786
-0.363178964650699,0.612688349287169,41.6149124793233,24.8173535597786
-0.188548489401198,0.287571644144603,41.6149124793233,24.8173535597786
0.226833438882236,-0.117004519501018,41.6149124793233,24.8173535597786
0.574755291976048,-0.26476622398167,41.6149124793233,24.8173535597786
0.434953522874252,-0.423945765529532,41.6149124793233,24.8173535597786
-0.139884472335329,-0.521599299185336,41.6149124793233,24.8173535597786
-0.517942103852295,-0.255725034521385,41.6149124793233,24.8173535597786
-0.367464076347305,0.109831912016293,41.6149124793233,24.8173535597786
0.116345729341317,0.421129311099796,41.6149124793233,24.8173535597786
0.395644927225549,0.324871980346232,41.6149124793233,24.8173535597786
0.419000003333333,-0.200528479786151,41.6149124793233,24.8173535597786
0.338069825608782,-0.50076795188391,41.6149124793233,24.8173535597786
0.168716611497006,-0.270369651629328,41.6149124793233,24.8173535597786
-0.19275447261477,-0.191934075254582,41.6149124793233,24.8173535597786
-0.52188026758483,-0.192778002342159,41.6149124793233,24.8173535597786
-0.481342137045908,-0.0370982760692464,41.6149124793233,24.8173535597786
-0.100466314171657,0.178618175,41.6149124793233,24.8173535597786
0.335020335608782,0.472112435743381,41.6149124793233,24.8173535597786
0.353116410998004,0.391641505804481,41.6149124793233,24.8173535597786
-0.0578951902994012,-0.0748702185845214,41.6149124793233,24.8173535597786
-0.441327471856287,-0.344629029989817,41.6149124793233,24.8173535597786
-0.679668549560878,-0.0099560916496945,41.6149124793233,24.8173535597786
-0.70607920247505,0.195397431211813,41.6149124793233,24.8173535597786
-0.336250933193613,0.42643488212831,41.6149124793233,24.8173535597786
0.248733768263473,0.775758642922607,41.6149124793233,24.8173535597786
0.48528532489022,0.885270593228106,41.6149124793233,24.8173535597786
0.170609608283433,0.567972624338086,41.6149124793233,24.8173535597786
-0.353531376526946,0.0283370999490835,41.6149124793233,24.8173535597786
-0.520072486087824,-0.238244574185336,41.6149124793233,24.8173535597786
-0.286673895169661,0.0195317136456212,41.6149124793233,24.8173535597786
-0.108074822155689,0.391740791344195,41.6149124793233,24.8173535597786
0.277719140279441,0.776583953971487,41.6149124793233,24.8173535597786
0.74108945011976,0.706016756619145,41.6149124793233,24.8173535597786
0.817223224411178,0.521624893329939,41.6149124793233,24.8173535597786
0.503746608662675,0.154466967464358,41.6149124793233,24.8173535597786
0.0976835809580838,-0.332075614562118,41.6149124793233,24.8173535597786
-0.0818711206586826,-0.697173365478615,41.6149124793233,24.8173535597786
0.0294687417764471,-0.696770017973523,41.6149124793233,24.8173535597786
0.58185859502994,-0.108714176934827,41.6149124793233,24.8173535597786
0.989863313972056,0.335594818635438,41.6149124793233,24.8173535597786
1.15038457201597,0.409649420570265,41.6149124793233,24.8173535597786
1.04505847429142,0.246374350509165,41.6149124793233,24.8173535597786
0.631904317145708,-0.207441235488798,41.6149124793233,24.8173535597786
0.184110144850299,-0.691414804175153,41.6149124793233,24.8173535597786
-0.0284837418363273,-1.0116106697556,41.6149124793233,24.8173535597786
0.112687558702595,-0.887590619959267,41.6149124793233,24.8173535597786
0.49309469748503,-0.24329572601833,41.6149124793233,24.8173535597786
0.604970198882235,0.192586409368635,41.6149124793233,24.8173535597786
0.343645340259481,0.265970833910387,41.6149124793233,24.8173535597786
-0.181658224570858,-0.0504335651221996,41.6149124793233,24.8173535597786
-0.546361402874252,-0.374209915478615,41.6149124793233,24.8173535597786
-0.68008245239521,-0.532638610132383,41.6149124793233,24.8173535597786
-0.709944324530938,-0.545775328105906,41.6149124793233,24.8173535597786
-0.776473118343313,-0.549815008503055,41.6149124793233,24.8173535597786
-0.799329076327345,-0.154621328360489,41.6149124793233,24.8173535597786
-0.719695388363273,0.557280812780041,41.6149124793233,24.8173535597786
-0.624735121916168,0.998077582382892,41.6149124793233,24.8173535597786
-0.631235831137725,0.7582285398167,41.6149124793233,24.8173535597786
-0.794873534051896,0.232244777138493,41.6149124793233,24.8173535597786
-0.866916974451098,-0.312820425203666,41.6149124793233,24.8173535597786
-0.60050963249501,-0.193249608655804,41.6149124793233,24.8173535597786
-0.193180549061876,0.26068387892057,41.6149124793233,24.8173535597786
0.013758694491018,0.820027582942974,41.6149124793233,24.8173535597786
-0.182035606566866,0.911903939256619,41.6149124793233,24.8173535597786
-0.277628900878243,0.62664417296334,41.6149124793233,24.8173535597786
0.0399989168263473,0.267578018584521,41.6149124793233,24.8173535597786
0.467822277365269,0.0108876663441955,41.6149124793233,24.8173535597786
0.540930908882235,-0.289091181211813,41.6149124793233,24.8173535597786
0.262362127764471,-0.603801520723014,41.6149124793233,24.8173535597786
0.321848486586826,-0.405882002647658,41.6149124793233,24.8173535597786
0.402571712894212,0.0553799988289206,41.6149124793233,24.8173535597786
0.266963753393214,0.223569703105906,41.6149124793233,24.8173535597786
0.202522734171657,-0.0968991977087576,41.6149124793233,24.8173535597786
0.457584269021956,-0.641436945621181,41.6149124793233,24.8173535597786
0.664462644510978,-0.968272531670061,41.6149124793233,24.8173535597786
0.608098817365269,-1.10410756069246,41.6149124793233,24.8173535597786
0.442543770439122,-0.856669379684318,41.6149124793233,24.8173535597786
0.187713534231537,-0.597689254684318,41.6149124793233,24.8173535597786
0.0417884379041916,-0.217146396995927,41.6149124793233,24.8173535597786
0.0761362863473054,-0.133442481670061,41.6149124793233,24.8173535597786
0.146621504311377,-0.10590315509165,41.6149124793233,24.8173535597786
0.392650218483034,-0.284455787576375,41.6149124793233,24.8173535597786
0.547309881976048,-0.653965539663951,41.6149124793233,24.8173535597786
0.438465610159681,-0.86262651206721,41.6149124793233,24.8173535597786
0.116771805788423,-0.746623769602851,41.6149124793233,24.8173535597786
-0.082960659001996,-0.103886417566191,41.6149124793233,24.8173535597786
-0.0678897263872256,0.865450717362525,41.6149124793233,24.8173535597786
0.159860308203593,1.5308686098778,41.6149124793233,24.8173535597786
0.292510079800399,1.07491838477597,41.6149124793233,24.8173535597786
0.241733940918164,-0.0650099234215886,41.6149124793233,24.8173535597786
0.285388516327345,-0.69781251614053,41.6149124793233,24.8173535597786
0.163834992774451,-0.495512023625255,41.6149124793233,24.8173535597786
-0.0649741461277445,0.234956513441955,41.6149124793233,24.8173535597786
-0.170281983433134,0.89883548009165,41.6149124793233,24.8173535597786
-0.0438955356087824,1.17916199613035,41.6149124793233,24.8173535597786
0.117404833652695,1.12704949847251,41.6149124793233,24.8173535597786
0.160176822135729,0.953219134470468,41.6149124793233,24.8173535597786
-0.0691618689221557,0.377412646894094,41.6149124793233,24.8173535597786
-0.269758660219561,-0.188614215020367,41.6149124793233,24.8173535597786
-0.350841008103792,-0.233485073625255,41.6149124793233,24.8173535597786
-0.554213383113772,0.0788237968940937,41.6149124793233,24.8173535597786
-0.524290642914172,0.490877402749491,41.6149124793233,24.8173535597786
-0.417345454690619,0.365448739358452,41.6149124793233,24.8173535597786
-0.261011919441118,-0.180745835997963,41.6149124793233,24.8173535597786
-0.129597769540918,-0.387774802342159,41.6149124793233,24.8173535597786
-0.213017451077844,-0.0675665260692464,41.6149124793233,24.8173535597786
-0.494580940938124,-0.00469395804480652,41.6149124793233,24.8173535597786
-0.541717169600798,-0.395692824134419,41.6149124793233,24.8173535597786
-0.344200302335329,-0.712773605906314,41.6149124793233,24.8173535597786
-0.460993943293413,-1.1875942889002,41.6149124793233,24.8173535597786
-0.397258993612774,-1.04045311904277,41.6149124793233,24.8173535597786
-0.101586286546906,-0.506594771995927,41.6149124793233,24.8173535597786
0.244040840538922,0.202328802953157,41.6149124793233,24.8173535597786
0.123923803293413,0.163166862881874,41.6149124793233,24.8173535597786
-0.00917030516966068,0.199579834572301,41.6149124793233,24.8173535597786
-0.192389264231537,-0.382816730702648,41.6149124793233,24.8173535597786
0.0545402972854291,-0.711036108961304,41.6149124793233,24.8173535597786
0.26776112502994,-0.636745703869654,41.6149124793233,24.8173535597786
0.16941050742515,-0.35525878808554,41.6149124793233,24.8173535597786
0.132360116946108,0.0960684540733198,41.6149124793233,24.8173535597786
0.264285558582834,0.579024345977597,41.6149124793233,24.8173535597786
0.526681695129741,0.893126561558045,41.6149124793233,24.8173535597786
0.582540317345309,0.424734617260693,41.6149124793233,24.8173535597786
0.420558225768463,-0.258343690631365,41.6149124793233,24.8173535597786
0.271327993572854,-0.711011287576375,41.6149124793233,24.8173535597786
0.204531380279441,-0.332522399490835,41.6149124793233,24.8173535597786
0.246244264451098,0.478764566904277,41.6149124793233,24.8173535597786
0.42971278257485,1.32336803721996,41.6149124793233,24.8173535597786
0.5783039000998,0.945121157637475,41.6149124793233,24.8173535597786
0.647048291437126,0.356544067515275,41.6149124793233,24.8173535597786
0.44713322245509,-0.133796186405295,41.6149124793233,24.8173535597786
0.160578551357285,-0.396580188645621,41.6149124793233,24.8173535597786
-0.0402251913572854,-0.151531065936864,41.6149124793233,24.8173535597786
-0.0545352731736527,0.275911798574338,41.6149124793233,24.8173535597786
-0.00490345389221557,0.296494932026477,41.6149124793233,24.8173535597786
0.0665434794810379,0.464852180651731,41.6149124793233,24.8173535597786
0.0515638489620758,0.382761655346232,41.6149124793233,24.8173535597786
0.0347216556886228,-0.247962146384929,41.6149124793233,24.8173535597786
0.00639365876247505,-0.73750811598778,41.6149124793233,24.8173535597786
-0.150201609161677,-0.856359112372709,41.6149124793233,24.8173535597786
-0.449575094510978,-0.839579856160896,41.6149124793233,24.8173535597786
-0.601757427804391,-0.295836392566191,41.6149124793233,24.8173535597786
-0.488457613712575,0.0880387360488798,41.6149124793233,24.8173535597786
-0.0607255552694611,0.0907070349287169,41.6149124793233,24.8173535597786
0.0446370632934132,-0.606451203564155,41.6149124793233,24.8173535597786
-0.0471702374451098,-0.978536174338086,41.6149124793233,24.8173535597786
-0.275681122834331,-1.307884925611,41.6149124793233,24.8173535597786
-0.290027725489022,-0.83907722311609,41.6149124793233,24.8173535597786
-0.211751395349301,-0.340061895162933,41.6149124793233,24.8173535597786
0.116473552275449,0.229936388340122,41.6149124793233,24.8173535597786
0.31317478748503,0.463170531822811,41.6149124793233,24.8173535597786
0.298962094570858,0.426676890631365,41.6149124793233,24.8173535597786
0.31600515245509,-0.170351881059063,41.6149124793233,24.8173535597786
0.31005834261477,-0.644005958961304,41.6149124793233,24.8173535597786
0.166318409780439,-0.521996441344196,41.6149124793233,24.8173535597786
0.151016178522954,-0.0933249182790224,41.6149124793233,24.8173535597786
0.172867813453094,0.447588907433809,41.6149124793233,24.8173535597786
0.217447583433134,0.67200525392057,41.6149124793233,24.8173535597786
0.389059002714571,0.463977226832994,41.6149124793233,24.8173535597786
0.460731147924152,0.286833207942974,41.6149124793233,24.8173535597786
0.291962267225549,0.381868085488798,41.6149124793233,24.8173535597786
-0.152441553912176,0.182428257586558,41.6149124793233,24.8173535597786
-0.376356900479042,-0.0590714070773931,41.6149124793233,24.8173535597786
-0.129567335508982,0.11144530203666,41.6149124793233,24.8173535597786
0.026388817744511,0.0814796850814664,41.6149124793233,24.8173535597786
0.0147143230938124,-0.0180850952138493,41.6149124793233,24.8173535597786
-0.0591977668662675,-0.0913081807535641,41.6149124793233,24.8173535597786
-0.0455754941716567,0.273249705040733,41.6149124793233,24.8173535597786
-0.0505118941516966,0.753152566598778,41.6149124793233,24.8173535597786
-0.0318619193812375,1.24989053248472,41.6149124793233,24.8173535597786
-0.128459536746507,0.822087757892057,41.6149124793233,24.8173535597786
-0.374256952275449,-0.274291430448065,41.6149124793233,24.8173535597786
-0.179978266007984,-0.782769911405295,41.6149124793233,24.8173535597786
0.143024201736527,-0.459533426171079,41.6149124793233,24.8173535597786
0.295437833672655,0.333633929226069,41.6149124793233,24.8173535597786
0.336359433013972,1.00860184959267,41.6149124793233,24.8173535597786
0.283258134091816,0.998350617617108,41.6149124793233,24.8173535597786
0.0994365811976048,0.383549734317719,41.6149124793233,24.8173535597786
0.207355658443114,0.00436584745417515,41.6149124793233,24.8173535597786
0.141794666846307,-0.640071769450102,41.6149124793233,24.8173535597786
0.21276074251497,-0.773021312474542,41.6149124793233,24.8173535597786
0.192035166766467,-0.651104875050917,41.6149124793233,24.8173535597786
0.470762204850299,0.451467248828921,41.6149124793233,24.8173535597786
0.515579360279441,0.871519545977597,41.6149124793233,24.8173535597786
0.576252646347305,0.835559564562118,41.6149124793233,24.8173535597786
0.371504653093812,-0.0664743851323829,41.6149124793233,24.8173535597786
0.0793318597005988,-1.07106409200611,41.6149124793233,24.8173535597786
-0.0384965383433134,-1.10334430310591,41.6149124793233,24.8173535597786
-0.049903213512974,-0.163780419399185,41.6149124793233,24.8173535597786
0.105182526427146,0.744955304226069,41.6149124793233,24.8173535597786
-0.0330427598203593,0.683435501680244,41.6149124793233,24.8173535597786
0.0224567408183633,0.502946801171079,41.6149124793233,24.8173535597786
-0.155813644650699,-0.105679762627291,41.6149124793233,24.8173535597786
-0.32976239758483,-0.46745144796334,41.6149124793233,24.8173535597786
-0.389753961337325,-0.544825910132383,41.6149124793233,24.8173535597786
-0.326487695748503,-0.171059290529532,41.6149124793233,24.8173535597786
-0.405920519101796,0.104631831873727,41.6149124793233,24.8173535597786
-0.497776514291417,0.567941597606925,41.6149124793233,24.8173535597786
-0.389090499441118,0.755343053818737,41.6149124793233,24.8173535597786
-0.195049198622754,0.319814623167006,41.6149124793233,24.8173535597786
-0.181341710638723,-0.121677145213849,41.6149124793233,24.8173535597786
-0.366691051936128,-0.485993022505092,41.6149124793233,24.8173535597786
-0.270957761077844,-0.186498191955193,41.6149124793233,24.8173535597786
0.0209532996407186,0.421867747301426,41.6149124793233,24.8173535597786
0.215992836706587,0.755926356364562,41.6149124793233,24.8173535597786
0.329323084830339,0.489201959266802,41.6149124793233,24.8173535597786
0.215798058902196,0.0321037451120163,41.6149124793233,24.8173535597786
0.11829350738523,-0.196519826120163,41.6149124793233,24.8173535597786
0.252495414610778,-0.13472078299389,41.6149124793233,24.8173535597786
0.394707559041916,0.10985052805499,41.6149124793233,24.8173535597786
0.426255476546906,0.189483736252546,41.6149124793233,24.8173535597786
0.452380049560878,0.147485952953157,41.6149124793233,24.8173535597786
0.421994712075848,0.0800586607942973,41.6149124793233,24.8173535597786
0.468388350359281,0.00586754124236252,41.6149124793233,24.8173535597786
0.505791775608782,-0.180603113034623,41.6149124793233,24.8173535597786
0.37543673001996,-0.258455386863544,41.6149124793233,24.8173535597786
0.200867122834331,-0.26055279389002,41.6149124793233,24.8173535597786
0.0130161041117764,-0.353558523217923,41.6149124793233,24.8173535597786
0.0718450878443114,-0.333689004582485,41.6149124793233,24.8173535597786
0.297056924171657,-0.239231224236253,41.6149124793233,24.8173535597786
0.234198474610778,-0.355333252240326,41.6149124793233,24.8173535597786
0.0460248551497006,-0.43954600595723,41.6149124793233,24.8173535597786
-0.0167118582834331,-0.263245914154786,41.6149124793233,24.8173535597786
-0.0338401314570858,-0.00223664093686354,41.6149124793233,24.8173535597786
0.00490239119760479,0.279523310081466,41.6149124793233,24.8173535597786
-0.12511788003992,0.045389391395112,41.6149124793233,24.8173535597786
-0.198823018582834,-0.451323753105906,41.6149124793233,24.8173535597786
-0.207697582295409,-0.754113622505092,41.6149124793233,24.8173535597786
-0.0199256920558882,-0.435071951323829,41.6149124793233,24.8173535597786
-0.0850545203992016,0.152009650356415,41.6149124793233,24.8173535597786
-0.152593724071856,0.489673565580448,41.6149124793233,24.8173535597786
-0.0782129500199601,0.513514505804481,41.6149124793233,24.8173535597786
-0.109194794530938,0.13078116089613,41.6149124793233,24.8173535597786
-0.198969101936128,-0.0736601760692464,41.6149124793233,24.8173535597786
-0.331363227664671,-0.154602712321792,41.6149124793233,24.8173535597786
-0.303966512115768,0.0094604367107943,41.6149124793233,24.8173535597786
-0.0810067941516966,0.251996394195519,41.6149124793233,24.8173535597786
-0.0845432286626746,0.486905981160896,41.6149124793233,24.8173535597786
-0.167135104530938,0.600854754022403,41.6149124793233,24.8173535597786
-0.209298412375249,0.54264240101833,41.6149124793233,24.8173535597786
-0.356915640878243,0.13137687413442,41.6149124793233,24.8173535597786
-0.330005869840319,-0.41861537311609,41.6149124793233,24.8173535597786
-0.198780410938124,-0.543814438696538,41.6149124793233,24.8173535597786
-0.0402069309381238,-0.104674496537678,41.6149124793233,24.8173535597786
0.0534446721357285,0.554035416700611,41.6149124793233,24.8173535597786
0.125122904151697,1.06558554404277,41.6149124793233,24.8173535597786
0.0376920172055888,0.877824177749491,41.6149124793233,24.8173535597786
0.0440831639121756,0.541835706008147,41.6149124793233,24.8173535597786
0.131294925828343,0.318908642617108,41.6149124793233,24.8173535597786
0.174444296307385,0.272809125458248,41.6149124793233,24.8173535597786
0.160505509680639,0.171078679327902,41.6149124793233,24.8173535597786
0.269355868303393,0.0983334054480652,41.6149124793233,24.8173535597786
0.37848622001996,0.195118190631365,41.6149124793233,24.8173535597786
0.377579285868264,0.475457117362525,41.6149124793233,24.8173535597786
0.352739029001996,0.540979368228106,41.6149124793233,24.8173535597786
0.329487428602794,0.41162892601833,41.6149124793233,24.8173535597786
0.307398408223553,0.178835362118126,41.6149124793233,24.8173535597786
0.319675496706587,0.348030332484725,41.6149124793233,24.8173535597786
0.116723111337325,0.569995567209776,41.6149124793233,24.8173535597786
0.00247984225548902,0.513551737881874,41.6149124793233,24.8173535597786
0.0974035878642715,0.228105811201629,41.6149124793233,24.8173535597786
0.219809264311377,-0.0355407341649694,41.6149124793233,24.8173535597786
0.268735014051896,-0.0478459357433809,41.6149124793233,24.8173535597786
0.1732938899002,0.0417902905804481,41.6149124793233,24.8173535597786
0.138666048363273,0.129806921537678,41.6149124793233,24.8173535597786
0.122980348303393,0.120331357841141,41.6149124793233,24.8173535597786
0.0717720461676647,0.0786934846232179,41.6149124793233,24.8173535597786
-0.00746599938123753,0.0445764910386965,41.6149124793233,24.8173535597786
0.16469323247505,0.100703847708758,41.6149124793233,24.8173535597786
0.536700578443114,0.184885574694501,41.6149124793233,24.8173535597786
0.611336998363273,0.0846940544297352,41.6149124793233,24.8173535597786
0.322584990159681,-0.184531097199593,41.6149124793233,24.8173535597786
-0.0812259191816367,-0.396350590835031,41.6149124793233,24.8173535597786
-0.218562531696607,-0.16843442907332,41.6149124793233,24.8173535597786
0.00883446812375249,0.256364957942974,41.6149124793233,24.8173535597786
0.294555246746507,0.601922073574338,41.6149124793233,24.8173535597786
0.381681793373253,0.67186253095723,41.6149124793233,24.8173535597786
0.167645333572854,0.507377418380855,41.6149124793233,24.8173535597786
-0.084147586247505,0.281434556720978,41.6149124793233,24.8173535597786
-0.351242737325349,0.104849018991853,41.6149124793233,24.8173535597786
-0.575705896467066,0.0941758234725051,41.6149124793233,24.8173535597786
-0.614819714311377,0.279796345315682,41.6149124793233,24.8173535597786
-0.438649277045908,0.666798968431772,41.6149124793233,24.8173535597786
-0.193892705409182,0.866313260488798,41.6149124793233,24.8173535597786
-0.133018554730539,0.521246367209776,41.6149124793233,24.8173535597786
-0.166471642634731,0.133747316395112,41.6149124793233,24.8173535597786
-0.395968590658683,-0.0915998320264766,41.6149124793233,24.8173535597786
-0.774707944491018,-0.0669149647148676,41.6149124793233,24.8173535597786
-0.874848083173653,0.175503091191446,41.6149124793233,24.8173535597786
-0.620291753253493,0.396332747556008,41.6149124793233,24.8173535597786
-0.122810980419162,0.636175584775967,41.6149124793233,24.8173535597786
0.230625519261477,0.494054540020367,41.6149124793233,24.8173535597786
0.350310393253493,0.110483473370672,41.6149124793233,24.8173535597786
0.17998329011976,-0.342835684928717,41.6149124793233,24.8173535597786
0.00683799562874251,-0.516858414663951,41.6149124793233,24.8173535597786
0.0926010976247505,-0.0705326815682281,41.6149124793233,24.8173535597786
0.214446787884232,0.359609508553972,41.6149124793233,24.8173535597786
0.499826705349301,0.322036137118126,41.6149124793233,24.8173535597786
0.720071707664671,-0.0563162333503055,41.6149124793233,24.8173535597786
0.679430101417166,-0.560053829786151,41.6149124793233,24.8173535597786
0.54443082255489,-0.752705008910387,41.6149124793233,24.8173535597786
0.522707010558882,-0.645259438900204,41.6149124793233,24.8173535597786
0.663409627005988,-0.41904354200611,41.6149124793233,24.8173535597786
0.83674361249501,-0.383691684521385,41.6149124793233,24.8173535597786
0.886138046327345,-0.363183015224033,41.6149124793233,24.8173535597786
0.786302247964072,-0.484373427138493,41.6149124793233,24.8173535597786
0.586600217205589,-0.702410677698574,41.6149124793233,24.8173535597786
0.45399914005988,-0.670080823828921,41.6149124793233,24.8173535597786
0.323345840958084,-0.458162044653768,41.6149124793233,24.8173535597786
0.241837416626747,-0.311666230804481,41.6149124793233,24.8173535597786
0.32903700493014,-0.0980161600305499,41.6149124793233,24.8173535597786
0.380805293253493,-0.175018301425662,41.6149124793233,24.8173535597786
0.429152796387226,-0.342699167311609,41.6149124793233,24.8173535597786
0.221671827065868,-0.212995020366599,41.6149124793233,24.8173535597786
-0.248783525409182,0.0208286310081466,41.6149124793233,24.8173535597786
-0.52736448013972,0.216799670366599,41.6149124793233,24.8173535597786
-0.603899983652695,0.565186423879837,41.6149124793233,24.8173535597786
-0.52993311243513,0.816198884317719,41.6149124793233,24.8173535597786
-0.424783532095808,0.528382515376782,41.6149124793233,24.8173535597786
-0.329184150978044,0.329631480906314,41.6149124793233,24.8173535597786
-0.358011266027944,0.0628202089613035,41.6149124793233,24.8173535597786
-0.459593977824351,0.166213687881874,41.6149124793233,24.8173535597786
-0.699712402994012,0.417908736405295,41.6149124793233,24.8173535597786
-0.64559460740519,0.696299184419552,41.6149124793233,24.8173535597786
-0.610692859580838,0.254286166955194,41.6149124793233,24.8173535597786
-0.354925255189621,-0.0345354680753564,41.6149124793233,24.8173535597786
-0.0501345121556886,-0.413210516547862,41.6149124793233,24.8173535597786
0.131885346047904,-0.598334610692464,41.6149124793233,24.8173535597786
0.148015382974052,-0.259324135336049,41.6149124793233,24.8173535597786
0.12792283508982,0.183805844450102,41.6149124793233,24.8173535597786
0.0908420105788423,0.205803796843177,41.6149124793233,24.8173535597786
0.126681126586826,0.189769182179226,41.6149124793233,24.8173535597786
0.338508075668663,0.123353361456212,41.6149124793233,24.8173535597786
0.344777486247505,-0.418063097301426,41.6149124793233,24.8173535597786
0.446713232814371,-0.648281442515275,41.6149124793233,24.8173535597786
0.490574759640719,-0.510082176578411,41.6149124793233,24.8173535597786
0.424429434630739,0.0115206116598778,41.6149124793233,24.8173535597786
0.1269793800998,0.154305628462322,41.6149124793233,24.8173535597786
0.212833784191617,0.366249229022403,41.6149124793233,24.8173535597786
0.304154140419162,0.0637696269348269,41.6149124793233,24.8173535597786
0.343359260359281,-0.167329877443992,41.6149124793233,24.8173535597786
0.403204740758483,-0.119517684725051,41.6149124793233,24.8173535597786
0.110228488922156,0.111327400458248,41.6149124793233,24.8173535597786
0.0442049000399202,0.367601994501018,41.6149124793233,24.8173535597786
0.00300939441117764,0.219486585285132,41.6149124793233,24.8173535597786
0.0318243358483034,0.324766489460285,41.6149124793233,24.8173535597786
-0.0509623178243513,0.302191439867617,41.6149124793233,24.8173535597786
-0.0343757704191617,0.122894165835031,41.6149124793233,24.8173535597786
0.0774936441716567,0.0438876976069246,41.6149124793233,24.8173535597786
0.197391556387226,0.326466754327902,41.6149124793233,24.8173535597786
-0.0225795396407186,0.599892925356415,41.6149124793233,24.8173535597786
-0.373490014670659,0.521680741446028,41.6149124793233,24.8173535597786
-0.392286072794411,0.317648957331976,41.6149124793233,24.8173535597786
-0.225623227105788,0.192263731364562,41.6149124793233,24.8173535597786
-0.141978333732535,0.134913921486762,41.6149124793233,24.8173535597786
0.0471387407185629,0.0904898478105906,41.6149124793233,24.8173535597786
0.286934565149701,0.410145848268839,41.6149124793233,24.8173535597786
0.103362571317365,0.365250168279022,41.6149124793233,24.8173535597786
-0.2298109499002,0.118444932586558,41.6149124793233,24.8173535597786
-0.420011475888224,-0.0135427817718941,41.6149124793233,24.8173535597786
-0.219591201976048,0.0959629631873727,41.6149124793233,24.8173535597786
0.0305643669261477,-0.00973890453156823,41.6149124793233,24.8173535597786
0.186222266666667,-0.218834251171079,41.6149124793233,24.8173535597786
0.304854123153693,-0.308135388798371,41.6149124793233,24.8173535597786
0.429840605508982,-0.351169464918534,41.6149124793233,24.8173535597786
0.358107592235529,-0.215415105397149,41.6149124793233,24.8173535597786
0.0324817109381237,-0.214211268228106,41.6149124793233,24.8173535597786
-0.263324905868263,-0.441990912372709,41.6149124793233,24.8173535597786
-0.153165883872255,-0.72566211003055,41.6149124793233,24.8173535597786
0.40909068253493,-0.273025539816701,41.6149124793233,24.8173535597786
0.534430199660679,0.00841173319755601,41.6149124793233,24.8173535597786
0.161850693892216,-0.290481178767821,41.6149124793233,24.8173535597786
-0.153701522834331,-0.704849378767821,41.6149124793233,24.8173535597786
-0.13354202007984,-0.805574558808554,41.6149124793233,24.8173535597786
-0.0797285648103792,-0.272640808350305,41.6149124793233,24.8173535597786
-0.256276384071856,-0.0752611553971487,41.6149124793233,24.8173535597786
-0.211416620998004,0.0807970969959267,41.6149124793233,24.8173535597786
0.0458179037325349,-0.00672310626272912,41.6149124793233,24.8173535597786
0.137022610638723,-0.0752363340122199,41.6149124793233,24.8173535597786
-0.167354229560878,-0.309550207739308,41.6149124793233,24.8173535597786
-0.351340126227545,-0.422468893126273,41.6149124793233,24.8173535597786
-0.328496341856287,-0.387886498574338,41.6149124793233,24.8173535597786
-0.336457884610778,-0.249265269093686,41.6149124793233,24.8173535597786
0.0657704550698603,0.326050996130346,41.6149124793233,24.8173535597786
0.170597434670659,0.351008898676171,41.6149124793233,24.8173535597786
0.381261803732535,0.357971297148676,41.6149124793233,24.8173535597786
0.284268543952096,0.0933815391547861,41.6149124793233,24.8173535597786
0.148380591357285,-0.239628366395112,41.6149124793233,24.8173535597786
0.0326947491616766,-0.6495783598778,41.6149124793233,24.8173535597786
0.352866851936128,-0.237195870672098,41.6149124793233,24.8173535597786
0.620595030878244,0.0542754471995927,41.6149124793233,24.8173535597786
0.557700060479042,-0.127255751476578,41.6149124793233,24.8173535597786
0.524033934351297,-0.105977619246436,41.6149124793233,24.8173535597786
0.714027508922156,-0.238120467260692,41.6149124793233,24.8173535597786
0.570342357345309,-0.26932094811609,41.6149124793233,24.8173535597786
0.171979139720559,-0.327502274389002,41.6149124793233,24.8173535597786
0.116911802335329,-0.55634923808554,41.6149124793233,24.8173535597786
0.277055678383234,-0.824364347199593,41.6149124793233,24.8173535597786
0.570153666347305,-0.655287278411405,41.6149124793233,24.8173535597786
0.476495976467066,-0.567593325458248,41.6149124793233,24.8173535597786
0.276167004650699,-0.348066791802444,41.6149124793233,24.8173535597786
-0.169971556307385,-0.612507621486762,41.6149124793233,24.8173535597786
-0.137254971976048,-0.477380001934827,41.6149124793233,24.8173535597786
-0.261431909081836,-0.348029559725051,41.6149124793233,24.8173535597786
-0.232927394770459,-0.0706071457230143,41.6149124793233,24.8173535597786
-0.198342160878243,-0.0713579926171079,41.6149124793233,24.8173535597786
-0.240225475628742,-0.256866818228106,41.6149124793233,24.8173535597786
-0.493546183852295,-0.245815096588595,41.6149124793233,24.8173535597786
-0.628740240518962,0.104588394450102,41.6149124793233,24.8173535597786
-0.739806196666667,0.427527023065173,41.6149124793233,24.8173535597786
-0.721825770598802,0.280125228665988,41.6149124793233,24.8173535597786
-0.479631744451098,0.228105811201629,41.6149124793233,24.8173535597786
-0.392432156147705,0.0483555468940937,41.6149124793233,24.8173535597786
-0.368072756986028,0.14350832601833,41.6149124793233,24.8173535597786
-0.465626002954092,0.0207851935845214,41.6149124793233,24.8173535597786
-0.418069784650699,0.0848864201629328,41.6149124793233,24.8173535597786
-0.311410676327345,0.266423824185336,41.6149124793233,24.8173535597786
-0.217515600998004,0.568984095773931,41.6149124793233,24.8173535597786
-0.218032979540918,0.583454963187373,41.6149124793233,24.8173535597786
-0.0251238247105788,0.342476547606925,41.6149124793233,24.8173535597786
0.230248137265469,0.118854485437882,41.6149124793233,24.8173535597786
0.332877779760479,0.0224234049898167,41.6149124793233,24.8173535597786
0.226425622854291,0.125382509674134,41.6149124793233,24.8173535597786
0.0573889226746507,0.22084555610998,41.6149124793233,24.8173535597786
-0.0382591528942116,0.291239003767821,41.6149124793233,24.8173535597786
0.124349879740519,0.368054984775967,41.6149124793233,24.8173535597786
0.349178247265469,0.229309648370672,41.6149124793233,24.8173535597786
0.436852606467066,0.0065935667515275,41.6149124793233,24.8173535597786
0.238197506407186,-0.409319764460285,41.6149124793233,24.8173535597786
0.121422125868263,-0.508605304175153,41.6149124793233,24.8173535597786
0.255873592155689,-0.0325063198574338,41.6149124793233,24.8173535597786
0.434381363073852,0.520172842311609,41.6149124793233,24.8173535597786
0.530029438642715,0.359255803818737,41.6149124793233,24.8173535597786
0.341995815728543,-0.214782160081466,41.6149124793233,24.8173535597786
0.0494273799201597,-0.803328223472505,41.6149124793233,24.8173535597786
0.0614975169860279,-0.660499769246436,41.6149124793233,24.8173535597786
0.203314019001996,-0.00677274903258656,41.6149124793233,24.8173535597786
0.252854536187625,0.490635394246436,41.6149124793233,24.8173535597786
0.386192116906188,0.545019048625255,41.6149124793233,24.8173535597786
0.416163551556886,0.459478350814664,41.6149124793233,24.8173535597786
0.271997542275449,0.239492621537678,41.6149124793233,24.8173535597786
0.0513447239321357,-0.0466979466904277,41.6149124793233,24.8173535597786
-0.0844701869860279,-0.238505198727088,41.6149124793233,24.8173535597786
-0.21550695489022,-0.239442206008147,41.6149124793233,24.8173535597786
-0.231320477884232,0.15555290305499,41.6149124793233,24.8173535597786
-0.0655584795409182,0.622865117107943,41.6149124793233,24.8173535597786
0.130887109800399,0.667047182281059,41.6149124793233,24.8173535597786
0.185321419321357,0.073816082484725,41.6149124793233,24.8173535597786
-0.0157501428742515,-0.621778408757637,41.6149124793233,24.8173535597786
-0.300119650479042,-0.629832948167006,41.6149124793233,24.8173535597786
-0.494915715289421,-0.0720033486252546,41.6149124793233,24.8173535597786
-0.445223027944112,0.413881466700611,41.6149124793233,24.8173535597786
-0.199255181836327,0.407018353767821,41.6149124793233,24.8173535597786
0.0738537339520958,0.0439807778004073,41.6149124793233,24.8173535597786
-0.00223743269461078,-0.619159752647658,41.6149124793233,24.8173535597786
-0.199723865928144,-1.05879612250509,41.6149124793233,24.8173535597786
-0.356118269241517,-1.0379523645112,41.6149124793233,24.8173535597786
-0.353860064071856,-0.660270171435845,41.6149124793233,24.8173535597786
-0.374281299500998,-0.155912040376782,41.6149124793233,24.8173535597786
-0.208707992155689,0.216793465020367,41.6149124793233,24.8173535597786
0.087865562255489,0.0856248563645621,41.6149124793233,24.8173535597786
0.15321960243513,-0.597887825763747,41.6149124793233,24.8173535597786
-0.159502249321357,-1.37407114852342,41.6149124793233,24.8173535597786
-0.422263594251497,-1.58665389974542,41.6149124793233,24.8173535597786
-0.39103827748503,-0.834677632637475,41.6149124793233,24.8173535597786
-0.14929467500998,0.165295296639511,41.6149124793233,24.8173535597786
0.141161638982036,0.425901222352342,41.6149124793233,24.8173535597786
0.225129133093812,-0.23375810885947,41.6149124793233,24.8173535597786
0.196551577105788,-1.11901900768839,41.6149124793233,24.8173535597786
0.102157383652695,-1.35598876960285,41.6149124793233,24.8173535597786
-0.190672784830339,-1.06836476639511,41.6149124793233,24.8173535597786
-0.291032048542914,-0.482803474541751,41.6149124793233,24.8173535597786
-0.102012362994012,-0.155713469297352,41.6149124793233,24.8173535597786
0.236882756227545,-0.139678854633401,41.6149124793233,24.8173535597786
0.671736378143713,-0.213516269450102,41.6149124793233,24.8173535597786
0.694519294451098,-0.688082533248472,41.6149124793233,24.8173535597786
0.438806471317365,-1.05972071909369,41.6149124793233,24.8173535597786
0.00210854706586826,-0.968229094246436,41.6149124793233,24.8173535597786
-0.190952777924152,-0.46944336410387,41.6149124793233,24.8173535597786
-0.0142771357285429,0.158022630855397,41.6149124793233,24.8173535597786
0.534655411497006,0.449574618228106,41.6149124793233,24.8173535597786
0.973148943632735,0.0933567177698574,41.6149124793233,24.8173535597786
0.821234429820359,-0.672333364511202,41.6149124793233,24.8173535597786
0.551394129061876,-1.07520926328921,41.6149124793233,24.8173535597786
0.254193633592814,-0.868819447606925,41.6149124793233,24.8173535597786
0.0776397275249501,-0.216674790682281,41.6149124793233,24.8173535597786
0.00677712756487026,0.386869594551935,41.6149124793233,24.8173535597786
0.148155379520958,0.402643584674134,41.6149124793233,24.8173535597786
0.50601698744511,-0.0435952735743381,41.6149124793233,24.8173535597786
0.696534027365269,-0.594710688492872,41.6149124793233,24.8173535597786
0.602091139461078,-0.857835984775967,41.6149124793233,24.8173535597786
0.176830324411178,-0.704613575610998,41.6149124793233,24.8173535597786
-0.299809223353293,-0.49715023503055,41.6149124793233,24.8173535597786
-0.371877010978044,-0.0443957632382892,41.6149124793233,24.8173535597786
-0.117710236666667,0.289569765631365,41.6149124793233,24.8173535597786
0.157620363453094,0.352156887729124,41.6149124793233,24.8173535597786
0.255824897704591,-0.00383762026476578,41.6149124793233,24.8173535597786
0.121543861996008,-0.529914463136456,41.6149124793233,24.8173535597786
-0.149872921616766,-0.781355092464358,41.6149124793233,24.8173535597786
-0.380678533013972,-0.285274893279022,41.6149124793233,24.8173535597786
-0.519378590159681,0.376159166955193,41.6149124793233,24.8173535597786
-0.499432125628743,0.705526534266802,41.6149124793233,24.8173535597786
-0.201635123133733,0.653103769297352,41.6149124793233,24.8173535597786
0.151150088263473,0.436890890529532,41.6149124793233,24.8173535597786
0.100921761956088,0.281602101069246,41.6149124793233,24.8173535597786
-0.092243038742515,0.200845725203666,41.6149124793233,24.8173535597786
-0.312938464730539,0.317295252596741,41.6149124793233,24.8173535597786
-0.306224717285429,0.280125228665988,41.6149124793233,24.8173535597786
-0.319372219081836,0.314509052138493,41.6149124793233,24.8173535597786
-0.213102666367265,0.335898880600815,41.6149124793233,24.8173535597786
0.0442779417165669,0.517274945621181,41.6149124793233,24.8173535597786
0.241770461756487,0.437046024185336,41.6149124793233,24.8173535597786
0.304513261996008,0.437902361965377,41.6149124793233,24.8173535597786
0.294518725908184,0.307304645162933,41.6149124793233,24.8173535597786
0.270725399740519,0.350531087016293,41.6149124793233,24.8173535597786
0.143827660179641,0.145810509470468,41.6149124793233,24.8173535597786
-0.0205282858882236,-0.16880674984725,41.6149124793233,24.8173535597786
-0.0645785037125748,-0.589696768737271,41.6149124793233,24.8173535597786
0.142981594091816,-0.146237905600815,41.6149124793233,24.8173535597786
0.236901016646707,0.404077019653768,41.6149124793233,24.8173535597786
0.263317756367265,0.803918504124236,41.6149124793233,24.8173535597786
0.230698560938124,0.571677216038696,41.6149124793233,24.8173535597786
0.105474693133733,-0.0270580258655804,41.6149124793233,24.8173535597786
0.00247984225548902,-0.579805446843177,41.6149124793233,24.8173535597786
-0.0994376438922156,-0.425050317158859,41.6149124793233,24.8173535597786
-0.286132169401198,-0.426099020672098,41.6149124793233,24.8173535597786
-0.329573706586826,-0.0857606012219959,41.6149124793233,24.8173535597786
-0.0186170286826347,0.628586446334012,41.6149124793233,24.8173535597786
0.305432369760479,1.08993532265784,41.6149124793233,24.8173535597786
0.282716408323353,0.670367042515275,41.6149124793233,24.8173535597786
0.21370419750499,-0.122552099032587,41.6149124793233,24.8173535597786
0.0118656977045908,-1.12214029684318,41.6149124793233,24.8173535597786
0.0329990894810379,-0.943233959623218,41.6149124793233,24.8173535597786
0.00840839167664671,-0.0199280830448065,41.6149124793233,24.8173535597786
0.133863558123752,0.910302959928717,41.6149124793233,24.8173535597786
0.372435934471058,1.04699432673116,41.6149124793233,24.8173535597786
0.619262020279441,0.503474255600815,41.6149124793233,24.8173535597786
0.712189293393213,-0.22874418910387,41.6149124793233,24.8173535597786
0.257614418782435,-1.0824012595723,41.6149124793233,24.8173535597786
0.0210689489620758,-1.25915434164969,41.6149124793233,24.8173535597786
0.0502977932335329,-0.79519921990835,41.6149124793233,24.8173535597786
0.321574580299401,0.17634081293279,41.6149124793233,24.8173535597786
0.374791528542914,0.709026349541751,41.6149124793233,24.8173535597786
0.443517659461078,0.58379005188391,41.6149124793233,24.8173535597786
0.126955032874251,-0.63266258604888,41.6149124793233,24.8173535597786
-0.0355870448902196,-1.57819601283096,41.6149124793233,24.8173535597786
0.0472056955888224,-1.64929066461303,41.6149124793233,24.8173535597786
0.219060587125748,-0.553296207739307,41.6149124793233,24.8173535597786
0.130661897964072,0.111457712729124,41.6149124793233,24.8173535597786
0.236694065229541,0.375029793940937,41.6149124793233,24.8173535597786
0.0404432536926148,-0.0774578479633401,41.6149124793233,24.8173535597786
-0.177220942714571,-0.878437734266802,41.6149124793233,24.8173535597786
-0.0919021775848304,-1.26220116664969,41.6149124793233,24.8173535597786
-0.150530296706587,-1.10914630183299,41.6149124793233,24.8173535597786
-0.00761816954091816,-0.774684345264766,41.6149124793233,24.8173535597786
0.185613586027944,-0.455394460234216,41.6149124793233,24.8173535597786
0.415506176467066,0.0533136185336049,41.6149124793233,24.8173535597786
0.244302573213573,-0.224059152698574,41.6149124793233,24.8173535597786
-0.0111180832135729,-0.685358386252546,41.6149124793233,24.8173535597786
-0.342593385449102,-1.12617997724033,41.6149124793233,24.8173535597786
-0.413011648542914,-1.04507610198574,41.6149124793233,24.8173535597786
0.0323721484231537,-0.447315099439918,41.6149124793233,24.8173535597786
0.477378563393214,0.260032317566191,41.6149124793233,24.8173535597786
0.454479997764471,-0.112698009215886,41.6149124793233,24.8173535597786
0.292954416666667,-0.915036866344196,41.6149124793233,24.8173535597786
-0.0937525667265469,-1.18230733391039,41.6149124793233,24.8173535597786
-0.638077401516966,-0.53849645697556,41.6149124793233,24.8173535597786
-0.818922506087824,0.382401745264766,41.6149124793233,24.8173535597786
-0.576576309780439,1.18352435453157,41.6149124793233,24.8173535597786
-0.284793071996008,1.0295697145112,41.6149124793233,24.8173535597786
-0.250834779161677,0.405218803360489,41.6149124793233,24.8173535597786
-0.488768040838323,-0.335575429837067,41.6149124793233,24.8173535597786
-0.566338301437126,-0.619209395417515,41.6149124793233,24.8173535597786
-0.706182678183633,-0.497224699185336,41.6149124793233,24.8173535597786
-0.753020653333333,0.254943933655804,41.6149124793233,24.8173535597786
-0.756806646906187,1.09022076858452,41.6149124793233,24.8173535597786
-0.408196984690619,1.54980732657841,41.6149124793233,24.8173535597786
-0.136244562115768,0.993746250712831,41.6149124793233,24.8173535597786
0.101250449500998,-0.106709850101833,41.6149124793233,24.8173535597786
0.0837995755888224,-0.982426926425662,41.6149124793233,24.8173535597786
-0.0604029545309381,-1.03111407296334,41.6149124793233,24.8173535597786
-0.149440758363273,-0.3631768098778,41.6149124793233,24.8173535597786
0.0170394831337325,0.332616252443992,41.6149124793233,24.8173535597786
0.325190143293413,0.416059543228106,41.6149124793233,24.8173535597786
0.608129251397206,0.265927396486762,41.6149124793233,24.8173535597786
0.54355432243513,-0.432018920977597,41.6149124793233,24.8173535597786
0.507556949461078,-0.849433945977597,41.6149124793233,24.8173535597786
0.234648898283433,-1.00406496873727,41.6149124793233,24.8173535597786
0.0557333113373253,-0.530857675763747,41.6149124793233,24.8173535597786
0.0983470428542914,-0.0162421073828921,41.6149124793233,24.8173535597786
0.285723290678643,0.420564624592668,41.6149124793233,24.8173535597786
0.488529592694611,0.467030257179226,41.6149124793233,24.8173535597786
0.496971993153693,0.0147039542769857,41.6149124793233,24.8173535597786
0.356652845508982,-0.540978595468432,41.6149124793233,24.8173535597786
0.203253150938124,-0.549194473879837,41.6149124793233,24.8173535597786
0.072563330998004,-0.135881182739308,41.6149124793233,24.8173535597786
0.0293226584231537,0.416034721843177,41.6149124793233,24.8173535597786
-0.234820391556886,0.610479246028513,41.6149124793233,24.8173535597786
-0.0959438170259481,0.739494599541751,41.6149124793233,24.8173535597786
0.153560463592814,0.720543472148676,41.6149124793233,24.8173535597786
0.186222266666667,0.663106787423625,41.6149124793233,24.8173535597786
-0.045368542754491,0.45095220509165,41.6149124793233,24.8173535597786
-0.143122653333333,0.379472821843177,41.6149124793233,24.8173535597786
-0.274920272035928,0.598707704226069,41.6149124793233,24.8173535597786
-0.453750643692615,0.779308100967413,41.6149124793233,24.8173535597786
-0.446391694770459,0.804892743482688,41.6149124793233,24.8173535597786
-0.369028385588822,0.310320443431772,41.6149124793233,24.8173535597786
-0.165552534870259,0.401613497199593,41.6149124793233,24.8173535597786
-0.0961812024750499,0.568816551425662,41.6149124793233,24.8173535597786
-0.124813539720559,0.754914884928717,41.6149124793233,24.8173535597786
-0.268273479461078,0.618769588594705,41.6149124793233,24.8173535597786
-0.176247053692615,0.586222547606925,41.6149124793233,24.8173535597786
-0.415087249520958,-0.00118173207739308,41.6149124793233,24.8173535597786
-0.291433777764471,-0.128763650610998,41.6149124793233,24.8173535597786
-0.238515083033932,-0.0898995671588595,41.6149124793233,24.8173535597786
0.0401510869860279,0.165047082790224,41.6149124793233,24.8173535597786
0.171242636147705,0.253566346792261,41.6149124793233,24.8173535597786
0.137661725309381,0.186771999949084,41.6149124793233,24.8173535597786
-0.00989463512974052,-0.151400753665988,41.6149124793233,24.8173535597786
-0.20506199512974,-0.810470576985743,41.6149124793233,24.8173535597786
-0.0635620070459082,-0.789794363340122,41.6149124793233,24.8173535597786
-0.105950526726547,-0.79408846293279,41.6149124793233,24.8173535597786
0.0946462645708583,-0.289600019602851,41.6149124793233,24.8173535597786
0.323820611856287,0.200951216089613,41.6149124793233,24.8173535597786
0.340151513393214,0.313720973167006,41.6149124793233,24.8173535597786
0.0190055215968064,-0.181639405855397,41.6149124793233,24.8173535597786
-0.467044228842315,-1.0994287296334,41.6149124793233,24.8173535597786
-0.532830432275449,-1.41027934378819,41.6149124793233,24.8173535597786
-0.236743822375249,-0.824308499083503,41.6149124793233,24.8173535597786
0.0763736717964072,0.254354425763747,41.6149124793233,24.8173535597786
0.200812341576846,0.86865267601833,41.6149124793233,24.8173535597786
-0.0574143325948104,0.685210230702648,41.6149124793233,24.8173535597786
-0.462716509500998,-0.206200166242362,41.6149124793233,24.8173535597786
-0.716840676167665,-0.993553112219959,41.6149124793233,24.8173535597786
-0.709341730698603,-1.14342463441955,41.6149124793233,24.8173535597786
-0.680484181616766,-0.741442305498982,41.6149124793233,24.8173535597786
-0.408708276427146,0.0270215665478615,41.6149124793233,24.8173535597786
0.00363024866267465,0.791011383961303,41.6149124793233,24.8173535597786
0.0895029131736527,0.988738536303462,41.6149124793233,24.8173535597786
-0.0621559547704591,0.438305709470468,41.6149124793233,24.8173535597786
-0.239081156027944,-0.46218310901222,41.6149124793233,24.8173535597786
-0.47214497259481,-0.842086816038697,41.6149124793233,24.8173535597786
-0.539568526946108,-0.808577946384929,41.6149124793233,24.8173535597786
-0.155807557844311,-0.0616031883401222,41.6149124793233,24.8173535597786
0.272271448562874,0.69991069592668,41.6149124793233,24.8173535597786
0.679953566766467,0.880486271283096,41.6149124793233,24.8173535597786
0.861370831137725,0.49722547194501,41.6149124793233,24.8173535597786
0.494725961596806,-0.319540815173116,41.6149124793233,24.8173535597786
-0.0474684909580838,-1.00134702708758,41.6149124793233,24.8173535597786
-0.172862789341317,-0.881639692922607,41.6149124793233,24.8173535597786
0.00173116506986028,-0.146231700254582,41.6149124793233,24.8173535597786
0.385053884111776,0.484349378513238,41.6149124793233,24.8173535597786
0.770172211037924,0.503188809674134,41.6149124793233,24.8173535597786
0.906437545628742,0.0499441155295316,41.6149124793233,24.8173535597786
0.675041514011976,-0.459514810132383,41.6149124793233,24.8173535597786
0.327350959560878,-0.744433282382892,41.6149124793233,24.8173535597786
-0.058808211257485,-0.6452780549389,41.6149124793233,24.8173535597786
-0.268809118423154,-0.319317422708758,41.6149124793233,24.8173535597786
-0.208111485129741,0.168354532331976,41.6149124793233,24.8173535597786
0.10036786257485,0.678129930651731,41.6149124793233,24.8173535597786
0.472277819640719,0.61841588385947,41.6149124793233,24.8173535597786
0.642964044351297,0.143303549592668,41.6149124793233,24.8173535597786
0.415177488922156,-0.278957850814664,41.6149124793233,24.8173535597786
-0.202335105868263,-0.598024343380855,41.6149124793233,24.8173535597786
-0.719683214750499,-0.397957775509165,41.6149124793233,24.8173535597786
-0.898154464830339,0.211096957179226,41.6149124793233,24.8173535597786
-0.77694180243513,0.573458150407332,41.6149124793233,24.8173535597786
-0.350974917844311,0.821094902494908,41.6149124793233,24.8173535597786
0.0342468847904192,0.827945604735234,41.6149124793233,24.8173535597786
0.136706096706587,0.607841973879837,41.6149124793233,24.8173535597786
-0.194282261017964,0.091160025203666,41.6149124793233,24.8173535597786
-0.724948302275449,-0.264319439052953,41.6149124793233,24.8173535597786
-1.12630622864271,-0.364783994551935,41.6149124793233,24.8173535597786
-1.19071681383234,0.0527675480651731,41.6149124793233,24.8173535597786
-0.806633243992016,0.852171276425662,41.6149124793233,24.8173535597786
-0.238186395489022,1.42013420636456,41.6149124793233,24.8173535597786
0.197975889800399,1.30186651252546,41.6149124793233,24.8173535597786
0.275850490718563,0.751346810845214,41.6149124793233,24.8173535597786
-0.135021114031936,-0.0398658604887984,41.6149124793233,24.8173535597786
-0.676844271397205,-0.535722667209776,41.6149124793233,24.8173535597786
-0.916786179181637,-0.497994162118126,41.6149124793233,24.8173535597786
-0.811752248163673,0.271586672250509,41.6149124793233,24.8173535597786
-0.351358386646707,0.988142823065173,41.6149124793233,24.8173535597786
0.278583466786427,1.39450612642566,41.6149124793233,24.8173535597786
0.577433486786427,1.3973295589613,41.6149124793233,24.8173535597786
0.320338958602794,0.596138690885947,41.6149124793233,24.8173535597786
-0.207441936427146,-0.641399713543788,41.6149124793233,24.8173535597786
-0.615684040818363,-1.16796677876782,41.6149124793233,24.8173535597786
-0.752205021277445,-0.917121862678208,41.6149124793233,24.8173535597786
-0.509304925588822,-0.0761361092158859,41.6149124793233,24.8173535597786
0.0262244739720559,0.979821453767821,41.6149124793233,24.8173535597786
0.601634628982036,1.4835466395112,41.6149124793233,24.8173535597786
0.844406901736527,0.991810182688391,41.6149124793233,24.8173535597786
0.523406993293413,0.0216167099796334,41.6149124793233,24.8173535597786
-0.114423361217565,-1.15520238156823,41.6149124793233,24.8173535597786
-0.307265561177645,-1.56409746619145,41.6149124793233,24.8173535597786
-0.147998185249501,-0.672147204124236,41.6149124793233,24.8173535597786
0.147698869041916,0.477449033503055,41.6149124793233,24.8173535597786
0.629986973133733,1.3286984296334,41.6149124793233,24.8173535597786
0.898159488942116,1.45916583416497,41.6149124793233,24.8173535597786
0.80159839241517,0.669386597810591,41.6149124793233,24.8173535597786
0.378717518662675,-0.528313483808554,41.6149124793233,24.8173535597786
-0.116967646287425,-1.35171328604888,41.6149124793233,24.8173535597786
-0.29516499007984,-1.40676711782077,41.6149124793233,24.8173535597786
-0.112883399201597,-0.661120303869654,41.6149124793233,24.8173535597786
0.119431740179641,0.586712769959267,41.6149124793233,24.8173535597786
0.326310115668663,1.38924399282077,41.6149124793233,24.8173535597786
0.493325996127745,1.20590083304481,41.6149124793233,24.8173535597786
0.200301049840319,0.163830834928717,41.6149124793233,24.8173535597786
-0.539885040878244,-1.28339862937882,41.6149124793233,24.8173535597786
-0.857178084231537,-1.85723802219959,41.6149124793233,24.8173535597786
-0.61114937005988,-1.31145920504073,41.6149124793233,24.8173535597786
-0.1377540900998,-0.189340240529532,41.6149124793233,24.8173535597786
0.0292557035528942,0.719594054175153,41.6149124793233,24.8173535597786
-0.0314723637724551,0.896285082790224,41.6149124793233,24.8173535597786
0.0205637440319361,0.593501418737271,41.6149124793233,24.8173535597786
-0.208805381057884,-0.137029171792261,41.6149124793233,24.8173535597786
-0.575590247145709,-1.12174936003055,41.6149124793233,24.8173535597786
-0.788378911636726,-1.76224658207739,41.6149124793233,24.8173535597786
-0.695098603752495,-1.54702655870672,41.6149124793233,24.8173535597786
-0.0645967641317365,-0.392006848472505,41.6149124793233,24.8173535597786
0.43504482497006,0.984072115936864,41.6149124793233,24.8173535597786
0.433346605988024,1.44228729241344,41.6149124793233,24.8173535597786
0.0150308370259481,0.663050939307536,41.6149124793233,24.8173535597786
-0.435824998882236,-0.365125288594705,41.6149124793233,24.8173535597786
-0.703401007664671,-1.30320609455193,41.6149124793233,24.8173535597786
-0.556295070898204,-1.26720888105906,41.6149124793233,24.8173535597786
-0.0741408765469062,-0.53844060885947,41.6149124793233,24.8173535597786
0.310758325349301,0.334142767617108,41.6149124793233,24.8173535597786
0.413594919261477,1.29577906787169,41.6149124793233,24.8173535597786
0.081279637744511,1.48168503564155,41.6149124793233,24.8173535597786
-0.363903294610778,0.937010770112016,41.6149124793233,24.8173535597786
-0.633457515469062,0.127082774541752,41.6149124793233,24.8173535597786
-0.644012037744511,-0.676850856568228,41.6149124793233,24.8173535597786
-0.365211957984032,-0.789347578411405,41.6149124793233,24.8173535597786
0.0166986219760479,-0.220646212270876,41.6149124793233,24.8173535597786
0.390714614051896,0.60836322296334,41.6149124793233,24.8173535597786
0.339092409081836,1.3606125253055,41.6149124793233,24.8173535597786
-0.0460259178443114,1.28612975448065,41.6149124793233,24.8173535597786
-0.279138428862275,0.470542483146639,41.6149124793233,24.8173535597786
-0.383703675788423,-0.636205838747454,41.6149124793233,24.8173535597786
-0.0839710688622754,-1.18969790127291,41.6149124793233,24.8173535597786
0.302474181856287,-0.960155938798371,41.6149124793233,24.8173535597786
0.600417267704591,-0.276146828971487,41.6149124793233,24.8173535597786
0.634619032794411,0.239114095417515,41.6149124793233,24.8173535597786
0.571675367944112,0.516027671028513,41.6149124793233,24.8173535597786
0.385772127265469,0.389171778004073,41.6149124793233,24.8173535597786
0.00607714483033932,-0.0698252720977597,41.6149124793233,24.8173535597786
-0.13742540255489,-0.614822215631365,41.6149124793233,24.8173535597786
0.0429631915369261,-0.783160848217923,41.6149124793233,24.8173535597786
0.439469933213573,-0.499024249592668,41.6149124793233,24.8173535597786
0.487567877285429,0.031712808299389,41.6149124793233,24.8173535597786
0.388919006167665,0.527699927291242,41.6149124793233,24.8173535597786
0.00235810612774451,0.537007946639511,41.6149124793233,24.8173535597786
-0.0766486407784431,0.240913645824847,41.6149124793233,24.8173535597786
-0.132616825508982,0.0456934533604888,41.6149124793233,24.8173535597786
-0.3054760400998,-0.134069221639511,41.6149124793233,24.8173535597786
-0.448223823493014,-0.0723260266293279,41.6149124793233,24.8173535597786
-0.403284931936128,0.362557048014257,41.6149124793233,24.8173535597786
-0.310686346367265,0.865568618940937,41.6149124793233,24.8173535597786
-0.280331442914172,0.983147519348269,41.6149124793233,24.8173535597786
-0.389358318922156,0.847219410132383,41.6149124793233,24.8173535597786
-0.713760752135729,0.34323359984725,41.6149124793233,24.8173535597786
-0.720791013512974,-0.0304957876782077,41.6149124793233,24.8173535597786
-0.294051104510978,0.0949204650203666,41.6149124793233,24.8173535597786
-0.0157136220359281,0.682014477393075,41.6149124793233,24.8173535597786
-0.211714874510978,0.591137181822811,41.6149124793233,24.8173535597786
-0.294775434471058,0.676206273319756,41.6149124793233,24.8173535597786
-0.272552504351297,0.727785111201629,41.6149124793233,24.8173535597786
-0.0799598634530938,0.58877294490835,41.6149124793233,24.8173535597786
0.114227520718563,0.223234614409369,41.6149124793233,24.8173535597786
0.387184266347305,0.0175149761201629,41.6149124793233,24.8173535597786
0.585711543473054,-0.158083911558045,41.6149124793233,24.8173535597786
0.67766492756487,-0.117252733350306,41.6149124793233,24.8173535597786
0.625348826666667,0.163712933350306,41.6149124793233,24.8173535597786
0.342050596986028,0.0657429270366599,41.6149124793233,24.8173535597786
0.237114054870259,-0.202588654735234,41.6149124793233,24.8173535597786
0.32947525499002,-0.312503952545825,41.6149124793233,24.8173535597786
0.698847013792415,-0.097743124796334,41.6149124793233,24.8173535597786
0.828562944710579,-0.207372976680244,41.6149124793233,24.8173535597786
0.753956958822355,-0.640127617566192,41.6149124793233,24.8173535597786
0.582643793053892,-0.91040767805499,41.6149124793233,24.8173535597786
0.260657821976048,-1.00991040488798,41.6149124793233,24.8173535597786
0.0739815568862275,-0.527401297912424,41.6149124793233,24.8173535597786
-0.122932716546906,0.124948135437882,41.6149124793233,24.8173535597786
-0.0281185334530938,0.417108246741344,41.6149124793233,24.8173535597786
0.12788022744511,0.175745099694501,41.6149124793233,24.8173535597786
0.270402799001996,-0.131425744144603,41.6149124793233,24.8173535597786
0.0755519529341317,-0.509207222759674,41.6149124793233,24.8173535597786
-0.286771284071856,-0.514072214205703,41.6149124793233,24.8173535597786
-0.699888920379242,-0.297319470315682,41.6149124793233,24.8173535597786
-0.71250687001996,0.187907578309572,41.6149124793233,24.8173535597786
-0.56979560746507,0.600668593635438,41.6149124793233,24.8173535597786
-0.321240868642715,0.73675804185336,41.6149124793233,24.8173535597786
-0.206023710538922,0.509735449949083,41.6149124793233,24.8173535597786
-0.390289600299401,-0.0989221405804481,41.6149124793233,24.8173535597786
-0.485140304231537,-0.516523325967413,41.6149124793233,24.8173535597786
-0.683643234131736,-0.492322475661914,41.6149124793233,24.8173535597786
-0.722361409560878,-0.13907693604888,41.6149124793233,24.8173535597786
-0.610656338742515,0.300733183503055,41.6149124793233,24.8173535597786
-0.361444224830339,0.426248721741344,41.6149124793233,24.8173535597786
-0.0567265234730539,0.259244238594705,41.6149124793233,24.8173535597786
0.0683451741716567,-0.133647258095723,41.6149124793233,24.8173535597786
0.149561431796407,-0.172827814205703,41.6149124793233,24.8173535597786
-0.186046811976048,-0.481835440529532,41.6149124793233,24.8173535597786
-0.364445020379242,-0.418559525,41.6149124793233,24.8173535597786
-0.291634642375249,-0.453228794399185,41.6149124793233,24.8173535597786
0.0995339700998004,-0.21103413095723,41.6149124793233,24.8173535597786
0.462861530159681,0.149297914052953,41.6149124793233,24.8173535597786
0.624350590419162,0.535500047505092,41.6149124793233,24.8173535597786
0.263402971656687,-0.132828152393075,41.6149124793233,24.8173535597786
0.0711511919161677,-0.657732184826884,41.6149124793233,24.8173535597786
0.145404143033932,-0.710719636303462,41.6149124793233,24.8173535597786
-0.0367557117165669,-0.770309576171079,41.6149124793233,24.8173535597786
0.0277096547305389,-0.680524421537678,41.6149124793233,24.8173535597786
0.160657679840319,-0.528121118075356,41.6149124793233,24.8173535597786
0.535872772774451,0.0437139479124236,41.6149124793233,24.8173535597786
0.331861283093812,0.0837942792260692,41.6149124793233,24.8173535597786
0.264522944031936,0.540613252800407,41.6149124793233,24.8173535597786
-0.189163256846307,-0.0935917481670061,41.6149124793233,24.8173535597786
-0.286150429820359,-0.942365211150713,41.6149124793233,24.8173535597786
0.0322869331337325,-1.02623667082485,41.6149124793233,24.8173535597786
0.268887184211577,-0.429052765478615,41.6149124793233,24.8173535597786
0.17427995253493,0.0559446853360489,41.6149124793233,24.8173535597786
0.202973157844311,0.453148897657841,41.6149124793233,24.8173535597786
0.13419833247505,0.568313918380855,41.6149124793233,24.8173535597786
-0.00539039840319362,0.159536735336049,41.6149124793233,24.8173535597786
-0.116894604610778,-0.0955526375763747,41.6149124793233,24.8173535597786
-0.0309610720359281,-0.302643657382892,41.6149124793233,24.8173535597786
0.13957298251497,-0.449151881924644,41.6149124793233,24.8173535597786
0.235987995688623,-0.406285350152749,41.6149124793233,24.8173535597786
0.353171192255489,0.266641011303462,41.6149124793233,24.8173535597786
0.239000964850299,0.397989575,41.6149124793233,24.8173535597786
0.247303368762475,0.697912574439918,41.6149124793233,24.8173535597786
0.0187011812774451,0.0979238525967413,41.6149124793233,24.8173535597786
0.0508516926147705,-0.608567226629328,41.6149124793233,24.8173535597786
0.206448724291417,-0.86499074898167,41.6149124793233,24.8173535597786
0.492242544590818,-0.267080818126273,41.6149124793233,24.8173535597786
0.342799274171657,0.152202016089613,41.6149124793233,24.8173535597786
0.0470413518163673,0.340422578004073,41.6149124793233,24.8173535597786
-0.0800329051297405,0.403983939460285,41.6149124793233,24.8173535597786
-0.0972890012375249,0.158537674592668,41.6149124793233,24.8173535597786
0.0920228510179641,-0.201248299949083,41.6149124793233,24.8173535597786
0.0903611528742515,-0.570720819959267,41.6149124793233,24.8173535597786
-0.160573527245509,-0.965039546283096,41.6149124793233,24.8173535597786
-0.442526572714571,-0.772859973472505,41.6149124793233,24.8173535597786
-0.567409579361277,0.128863708910387,41.6149124793233,24.8173535597786
-0.567823482195609,0.885431932230142,41.6149124793233,24.8173535597786
-0.557293307145709,0.772960031771894,41.6149124793233,24.8173535597786
-0.612251082015968,0.0684236366089613,41.6149124793233,24.8173535597786
-0.5805022999002,-0.799276132382892,41.6149124793233,24.8173535597786
-0.433974609740519,-1.00747790916497,41.6149124793233,24.8173535597786
-0.499900809720559,-0.570205776221996,41.6149124793233,24.8173535597786
-0.752101545568862,0.0336488763238289,41.6149124793233,24.8173535597786
-0.829860497165669,0.54526105712831,41.6149124793233,24.8173535597786
-0.688957016107784,0.6935316,41.6149124793233,24.8173535597786
-0.402883202714571,0.5345568348778,41.6149124793233,24.8173535597786
-0.162521305289421,0.0392460986252546,41.6149124793233,24.8173535597786
-0.0518266443313373,-0.334210253665988,41.6149124793233,24.8173535597786
-0.00977289900199601,-0.410393289358452,41.6149124793233,24.8173535597786
0.0170942643912176,-0.155961683146639,41.6149124793233,24.8173535597786
0.072319858742515,0.399621581059063,41.6149124793233,24.8173535597786
-0.0807511482834331,0.677012968329939,41.6149124793233,24.8173535597786
0.105334696586826,0.482146480600815,41.6149124793233,24.8173535597786
0.400520459141717,0.221025511150713,41.6149124793233,24.8173535597786
0.686935133692615,-0.0871754201629328,41.6149124793233,24.8173535597786
0.683155226926148,-0.109514666598778,41.6149124793233,24.8173535597786
0.336621165688623,-0.255706418482688,41.6149124793233,24.8173535597786
0.00815274580838323,-0.441109753207739,41.6149124793233,24.8173535597786
0.19279601756487,-0.481128031059063,41.6149124793233,24.8173535597786
0.476502063273453,-0.252740262983707,41.6149124793233,24.8173535597786
0.622914104111776,0.0667916305498982,41.6149124793233,24.8173535597786
0.554230580838323,0.269954666191446,41.6149124793233,24.8173535597786
0.382333081656687,-0.0830736863034623,41.6149124793233,24.8173535597786
0.191207361097804,-0.326788659572301,41.6149124793233,24.8173535597786
-0.0232673487624751,-0.751327422046843,41.6149124793233,24.8173535597786
-0.0553630788423154,-0.551831746028513,41.6149124793233,24.8173535597786
-0.10416709245509,-0.318603807892057,41.6149124793233,24.8173535597786
-0.0573838985628743,-0.126827582586558,41.6149124793233,24.8173535597786
0.131227970958084,0.0697453753564155,41.6149124793233,24.8173535597786
0.190391729041916,0.274453542209776,41.6149124793233,24.8173535597786
0.143267673992016,0.349432740733198,41.6149124793233,24.8173535597786
-0.0658749934730539,0.257742544806517,41.6149124793233,24.8173535597786
-0.365266739241517,-0.220596569501018,41.6149124793233,24.8173535597786
-0.437577999121756,-0.434395568584521,41.6149124793233,24.8173535597786
-0.358449516087824,-0.0310915009164969,41.6149124793233,24.8173535597786
-0.0595142807984032,0.773561950356415,41.6149124793233,24.8173535597786
0.0585088950499002,0.836788223116089,41.6149124793233,24.8173535597786
0.148910143512974,0.428557110539715,41.6149124793233,24.8173535597786
0.0274540088622754,-0.0587301130346232,41.6149124793233,24.8173535597786
-0.189564986067864,-0.249060492668024,41.6149124793233,24.8173535597786
-0.391525221996008,-0.120827012780041,41.6149124793233,24.8173535597786
-0.36210159992016,0.146989525254582,41.6149124793233,24.8173535597786
-0.272248164031936,0.0668785053971487,41.6149124793233,24.8173535597786
-0.158844874231537,0.284059418177189,41.6149124793233,24.8173535597786
-0.0380522014770459,0.523387211659878,41.6149124793233,24.8173535597786
-0.100551529461078,0.530715725560082,41.6149124793233,24.8173535597786
-0.126572626766467,0.192673284215886,41.6149124793233,24.8173535597786
-0.29595627491018,-0.296562418075356,41.6149124793233,24.8173535597786
-0.447499493532934,-0.628045808452138,41.6149124793233,24.8173535597786
-0.37633864005988,-0.387911319959267,41.6149124793233,24.8173535597786
-0.314161912814371,-0.157221368431772,41.6149124793233,24.8173535597786
-0.211654006447106,-0.0187242458757637,41.6149124793233,24.8173535597786
-0.119603233453094,0.0331834753564155,41.6149124793233,24.8173535597786
0.0202959245508982,0.28989864898167,41.6149124793233,24.8173535597786
0.0053102072255489,0.286926288136456,41.6149124793233,24.8173535597786
-0.124430070918164,-0.248309645773931,41.6149124793233,24.8173535597786
-0.236664693892216,-0.83446665086558,41.6149124793233,24.8173535597786
-0.160165711217565,-0.809713524745418,41.6149124793233,24.8173535597786
0.0511195120958084,-0.166833449745418,41.6149124793233,24.8173535597786
0.210484276926148,0.69507052586558,41.6149124793233,24.8173535597786
0.243419986287425,0.905704798370672,41.6149124793233,24.8173535597786
0.189326537924152,0.430083625712831,41.6149124793233,24.8173535597786
0.138641701137725,-0.223748885386965,41.6149124793233,24.8173535597786
0.10969284996008,-0.468103009317719,41.6149124793233,24.8173535597786
0.0474856886826347,-0.441779930600815,41.6149124793233,24.8173535597786
-0.000727904710578845,-0.136483101323829,41.6149124793233,24.8173535597786
0.0443144625548902,0.148789075661914,41.6149124793233,24.8173535597786
0.180068505409182,0.539248076629328,41.6149124793233,24.8173535597786
0.259671759341317,0.644633471690428,41.6149124793233,24.8173535597786
0.196582011137725,0.141888730651731,41.6149124793233,24.8173535597786
0.180019810958084,-0.497168851069246,41.6149124793233,24.8173535597786
-0.0383139341516966,-0.837525886558045,41.6149124793233,24.8173535597786
-0.168577677644711,-0.613748690733197,41.6149124793233,24.8173535597786
-0.243080187824351,0.0497393391038696,41.6149124793233,24.8173535597786
-0.0979768103592814,0.517461106008147,41.6149124793233,24.8173535597786
0.140565131956088,0.530734341598778,41.6149124793233,24.8173535597786
0.0564941621357285,-0.0572284192464358,41.6149124793233,24.8173535597786
-0.00223134588822355,-0.42872388212831,41.6149124793233,24.8173535597786
0.0118596108982036,-0.575393445672098,41.6149124793233,24.8173535597786
-0.0553448184231537,-0.269159609114053,41.6149124793233,24.8173535597786
-0.245995768083832,-0.172219690274949,41.6149124793233,24.8173535597786
-0.296047577005988,0.0340087864052953,41.6149124793233,24.8173535597786
-0.276423713213573,-0.01125300901222,41.6149124793233,24.8173535597786
-0.0960412059281437,0.201677241598778,41.6149124793233,24.8173535597786
0.222621368862275,0.309439284266802,41.6149124793233,24.8173535597786
0.249086803033932,0.215006325305499,41.6149124793233,24.8173535597786
-0.00980941984031936,-0.366267072301426,41.6149124793233,24.8173535597786
-0.405896171876247,-0.658507853105906,41.6149124793233,24.8173535597786
-0.498683448443114,-0.534630526272912,41.6149124793233,24.8173535597786
-0.284336561516966,-0.391938589663951,41.6149124793233,24.8173535597786
-0.100868043393214,-0.0589162734215886,41.6149124793233,24.8173535597786
0.119376958922156,0.0738533145621181,41.6149124793233,24.8173535597786
0.255301432355289,0.140238108553971,41.6149124793233,24.8173535597786
0.256579661696607,0.231276743126273,41.6149124793233,24.8173535597786
-0.0436703237724551,-0.0220689274949083,41.6149124793233,24.8173535597786
-0.183599915808383,-0.42237581293279,41.6149124793233,24.8173535597786
-0.20157425506986,-0.66825645203666,41.6149124793233,24.8173535597786
-0.0128710834530938,-0.358988201171079,41.6149124793233,24.8173535597786
0.383270449840319,0.508711567820774,41.6149124793233,24.8173535597786
0.620552423233533,0.942490090835031,41.6149124793233,24.8173535597786
0.793149905149701,1.01348545707739,41.6149124793233,24.8173535597786
0.754869979780439,0.615238746588595,41.6149124793233,24.8173535597786
0.579454306506986,0.186319009674134,41.6149124793233,24.8173535597786
0.231654189540918,-0.0230493721995927,41.6149124793233,24.8173535597786
-0.121143195469062,0.000686077138492872,41.6149124793233,24.8173535597786
0.205791349201597,0.288167357382892,41.6149124793233,24.8173535597786
0.788950008742515,1.01900821522403,41.6149124793233,24.8173535597786
0.886868463093812,1.19352116731161,41.6149124793233,24.8173535597786
0.719505634670659,1.09229335422607,41.6149124793233,24.8173535597786
0.279551269001996,0.314446998676171,41.6149124793233,24.8173535597786
-0.00741121812375249,-0.0857047531059063,41.6149124793233,24.8173535597786
-0.270227344311377,-0.20118004114053,41.6149124793233,24.8173535597786
-0.335112700399202,0.217488463798371,41.6149124793233,24.8173535597786
-0.273057709281437,0.621344807281059,41.6149124793233,24.8173535597786
0.0200098446506986,1.07233075539715,41.6149124793233,24.8173535597786
0.100538293153693,0.894814415733197,41.6149124793233,24.8173535597786
-0.146439962814371,0.559589201578411,41.6149124793233,24.8173535597786
-0.532635654471058,0.0517871033604888,41.6149124793233,24.8173535597786
-0.745527794670659,-0.194391392362525,41.6149124793233,24.8173535597786
-0.577410202255489,-0.0575759186354379,41.6149124793233,24.8173535597786
-0.497058271137724,0.290115836099796,41.6149124793233,24.8173535597786
-0.227151015508982,0.709026349541751,41.6149124793233,24.8173535597786
-0.268419562814371,0.653432652647658,41.6149124793233,24.8173535597786
-0.222348525269461,0.554780058248472,41.6149124793233,24.8173535597786
-0.314886242774451,0.176688312321792,41.6149124793233,24.8173535597786
-0.358845158502994,0.0421936380855397,41.6149124793233,24.8173535597786
-0.409286523033932,-0.0819008758655805,41.6149124793233,24.8173535597786
-0.133146377664671,0.11753895203666,41.6149124793233,24.8173535597786
0.179271133772455,0.434663171232179,41.6149124793233,24.8173535597786
0.228580352315369,0.639073481466395,41.6149124793233,24.8173535597786
0.220454465788423,0.622517617718941,41.6149124793233,24.8173535597786
0.105821641097804,0.422724085081466,41.6149124793233,24.8173535597786
-0.00781294734530938,0.144321226374745,41.6149124793233,24.8173535597786
0.183069300958084,-0.12384281104888,41.6149124793233,24.8173535597786
0.253584952954092,-0.0889563545315682,41.6149124793233,24.8173535597786
0.46093201253493,0.150265948065173,41.6149124793233,24.8173535597786
0.593040058363273,0.446800828462322,41.6149124793233,24.8173535597786
0.602450261037924,0.58490080885947,41.6149124793233,24.8173535597786
0.313801728542914,0.374806401476578,41.6149124793233,24.8173535597786
0.2292803350499,0.428786708350306,41.6149124793233,24.8173535597786
0.324283209141717,0.476083857331976,41.6149124793233,24.8173535597786
0.363007471377245,0.455730321690428,41.6149124793233,24.8173535597786
0.336042919081836,0.0841541893075356,41.6149124793233,24.8173535597786
0.253816251596806,-0.141739029582485,41.6149124793233,24.8173535597786
0.163993249740519,0.0320416916496945,41.6149124793233,24.8173535597786
0.231416804091816,0.583008178258656,41.6149124793233,24.8173535597786
0.271875806147705,1.03464568772912,41.6149124793233,24.8173535597786
0.141490326526946,0.965108577851324,41.6149124793233,24.8173535597786
-0.0319775687025948,0.347633190325866,41.6149124793233,24.8173535597786
-0.0112215589221557,-0.032928283401222,41.6149124793233,24.8173535597786
0.150614449301397,-0.013226309114053,41.6149124793233,24.8173535597786
0.319225073033932,0.191593553971487,41.6149124793233,24.8173535597786
0.205273970658683,0.155943839867617,41.6149124793233,24.8173535597786
-0.00801381195608782,0.165723465529532,41.6149124793233,24.8173535597786
0.0890159686626746,0.376562514460285,41.6149124793233,24.8173535597786
0.219444055928144,0.530467511710794,41.6149124793233,24.8173535597786
0.284116373792415,0.286249905397149,41.6149124793233,24.8173535597786
0.288316270199601,-0.199982409317719,41.6149124793233,24.8173535597786
0.145690222934132,-0.810154104327902,41.6149124793233,24.8173535597786
-0.0531292208982036,-0.901112069399185,41.6149124793233,24.8173535597786
0.00983270437125748,-0.371796035794297,41.6149124793233,24.8173535597786
3.29460878243503e-05,0.165611769297352,41.6149124793233,24.8173535597786
0.0477595949700599,0.286076155702648,41.6149124793233,24.8173535597786
0.0910307015768463,-0.0329468994399185,41.6149124793233,24.8173535597786
0.172332174491018,-0.449530408044806,41.6149124793233,24.8173535597786
0.15786992251497,-0.644465154582485,41.6149124793233,24.8173535597786
-0.0349722774451098,-0.445112201527495,41.6149124793233,24.8173535597786
-0.290417281097804,-0.354210084572301,41.6149124793233,24.8173535597786
-0.489078467964072,-0.309239940427699,41.6149124793233,24.8173535597786
-0.4660033849501,-0.0490435675661914,41.6149124793233,24.8173535597786
-0.0913604518163673,0.332957546486762,41.6149124793233,24.8173535597786
0.155252595768463,0.418367932026477,41.6149124793233,24.8173535597786
0.0984809525948104,0.361433880346232,41.6149124793233,24.8173535597786
-0.173106261596806,-0.246131569246436,41.6149124793233,24.8173535597786
-0.312792381377246,-0.48530422907332,41.6149124793233,24.8173535597786
-0.493607051916168,-0.222818083452138,41.6149124793233,24.8173535597786
-0.431582494830339,0.382227995570265,41.6149124793233,24.8173535597786
-0.462296519860279,0.167163105855397,41.6149124793233,24.8173535597786
-0.308117714071856,0.00488089119144603,41.6149124793233,24.8173535597786
0.00814057219560878,-0.154466194704684,41.6149124793233,24.8173535597786
0.218604076646707,-0.0342065847250509,41.6149124793233,24.8173535597786
-0.00478171776447106,0.140691098828921,41.6149124793233,24.8173535597786
-0.285462620698603,-0.092685767617108,41.6149124793233,24.8173535597786
-0.404557074471058,-0.558707269653768,41.6149124793233,24.8173535597786
-0.236634259860279,-0.352627721283096,41.6149124793233,24.8173535597786
0.0449414036127744,0.205040539256619,41.6033529231172,24.8249844766772
0.223473521756487,0.337897002087576,41.6033529231172,24.8249844766772
0.376757567005988,0.106096293584521,41.6033529231172,24.8249844766772
0.520460979001996,-0.441879216140529,41.6033529231172,24.8249844766772
0.571870145748503,-0.254254367464358,41.6033529231172,24.8249844766772
0.0244410397005988,-0.141577690580448,41.6033529231172,24.8249844766772
0.0351659925548902,0.130179242311609,41.6033529231172,24.8249844766772
0.280537331636727,0.333832500305499,41.6033529231172,24.8249844766772
0.643864891696607,0.562555357077393,41.6033529231172,24.8249844766772
0.792875998862275,0.905593102138493,41.6033529231172,24.8249844766772
0.770494811776447,1.10176891792261,41.6033529231172,24.8249844766772
0.420552138962076,0.597745875560082,41.6033529231172,24.8249844766772
0.173786921217565,-0.145977281059063,41.6033529231172,24.8249844766772
0.0806770439121756,-0.325975759215886,41.6033529231172,24.8249844766772
-0.0375226493213573,-0.30007464404277,41.6033529231172,24.8249844766772
0.244180837085828,0.311648387525458,41.6033529231172,24.8249844766772
0.648022180459082,0.775988240733197,41.6033529231172,24.8249844766772
0.844875585828343,1.16629210804481,41.6033529231172,24.8249844766772
0.183811891337325,0.626458012576375,41.6033529231172,24.8249844766772
-0.504021577644711,0.0735616632892057,41.6033529231172,24.8249844766772
-0.687301404770459,-0.310716812830957,41.6033529231172,24.8249844766772
-0.519104683872255,-0.127677715020367,41.6033529231172,24.8249844766772
-0.323645157165669,0.180901742413442,41.6033529231172,24.8249844766772
-0.168194208842315,0.514321200814664,41.6033529231172,24.8249844766772
0.00642409279441118,0.717794503767821,41.6033529231172,24.8249844766772
0.0776762483632735,0.65827902805499,41.6033529231172,24.8249844766772
-0.267013510538922,0.182651650050916,41.6033529231172,24.8249844766772
-0.793741388063872,-0.192722154226069,41.6033529231172,24.8249844766772
-0.967093633972056,-0.398894782790224,41.6033529231172,24.8249844766772
-0.698050704850299,-0.0463504473014257,41.6033529231172,24.8249844766772
-0.239628968602794,0.563151070315682,41.6033529231172,24.8249844766772
0.188845680219561,0.639619551934827,41.6033529231172,24.8249844766772
0.394871902814371,0.380527730702648,41.6033529231172,24.8249844766772
0.365046551516966,0.0799655806008147,41.6033529231172,24.8249844766772
0.0238993139321357,-0.217909654582485,41.6033529231172,24.8249844766772
-0.338478704331337,-0.180987844501018,41.6033529231172,24.8249844766772
-0.304873446267465,0.059134233299389,41.6033529231172,24.8249844766772
0.0447527126147705,0.402835950407332,41.6033529231172,24.8249844766772
0.362410964351297,0.620569139002037,41.6033529231172,24.8249844766772
0.479320254630738,0.356482014052953,41.6033529231172,24.8249844766772
0.447437562774451,-0.0299621279022403,41.6033529231172,24.8249844766772
0.367164760139721,-0.178096153156823,41.6033529231172,24.8249844766772
0.0838665304590818,-0.0547897181771894,41.6033529231172,24.8249844766772
-0.248953955988024,0.00346607225050916,41.6033529231172,24.8249844766772
-0.336488318642715,-0.0945039340631365,41.6033529231172,24.8249844766772
-0.0864605726746507,0.0834716012219959,41.6033529231172,24.8249844766772
0.0610957877644711,0.331226254887984,41.6033529231172,24.8249844766772
0.197257646646707,0.274906532484725,41.6033529231172,24.8249844766772
0.136535666127745,0.0518243354378819,41.6033529231172,24.8249844766772
-0.0908004656287425,-0.263593413543788,41.6033529231172,24.8249844766772
-0.412993388123752,-0.536423871334012,41.6033529231172,24.8249844766772
-0.498762576926148,-0.527519199490835,41.6033529231172,24.8249844766772
-0.291811159760479,-0.0984070968431772,41.6033529231172,24.8249844766772
0.0960827508782435,0.118835869399185,41.6033529231172,24.8249844766772
0.295669132315369,0.289389810590631,41.6033529231172,24.8249844766772
0.172599993972056,0.23229441990835,41.6033529231172,24.8249844766772
-0.0739217515169661,-0.168273090071283,41.6033529231172,24.8249844766772
-0.0798503009381238,-0.563479180906314,41.6033529231172,24.8249844766772
0.0165951462674651,-0.481804413798371,41.6033529231172,24.8249844766772
0.188535253093812,-0.514959578716904,41.6033529231172,24.8249844766772
0.325938820479042,-0.157246189816701,41.6033529231172,24.8249844766772
0.461540693173653,-0.0200211632382892,41.6033529231172,24.8249844766772
0.555898365788423,-0.0714200460794297,41.6033529231172,24.8249844766772
0.471456100778443,-0.142880813289206,41.6033529231172,24.8249844766772
0.184980558163673,-0.388438774389002,41.6033529231172,24.8249844766772
0.00876751325349301,-0.788919409521385,41.6033529231172,24.8249844766772
0.0802266202395209,-0.96607583910387,41.6033529231172,24.8249844766772
0.407502026067864,-0.694970467566192,41.6033529231172,24.8249844766772
0.696594895429142,-0.447395768940937,41.6033529231172,24.8249844766772
0.623267138882236,-0.237406852443992,41.6033529231172,24.8249844766772
0.334022099361277,-0.219957418839104,41.6033529231172,24.8249844766772
0.0329260478043912,-0.411671590682281,41.6033529231172,24.8249844766772
-0.266855253572854,-0.493737294602851,41.6033529231172,24.8249844766772
-0.322579966047904,-0.475785227953157,41.6033529231172,24.8249844766772
-0.0776894846706587,-0.404156916395112,41.6033529231172,24.8249844766772
0.223552650239521,-0.372881971384929,41.6033529231172,24.8249844766772
0.363798756207585,-0.16766496614053,41.6033529231172,24.8249844766772
0.18160846742515,-0.0303840914460285,41.6033529231172,24.8249844766772
-0.22182505992016,0.0380236454175153,41.6033529231172,24.8249844766772
-0.510790106347305,0.111811417464358,41.6033529231172,24.8249844766772
-0.588804703812375,0.323233768940937,41.6033529231172,24.8249844766772
-0.267293503632735,0.191754892973523,41.6033529231172,24.8249844766772
0.00174333868263473,0.291797484928717,41.6033529231172,24.8249844766772
0.102723456646707,0.239778067464358,41.6033529231172,24.8249844766772
-0.0666236706586826,-0.0961731721995927,41.6033529231172,24.8249844766772
-0.290575538063872,-0.324989109164969,41.6033529231172,24.8249844766772
-0.20890276996008,-0.0563472600814664,41.6033529231172,24.8249844766772
-0.106973110199601,0.403233092566191,41.6033529231172,24.8249844766772
-0.0681818930938124,0.498156273879837,41.6033529231172,24.8249844766772
0.0726546330938124,0.178543710845214,41.6033529231172,24.8249844766772
0.380318348742515,-0.306217936812627,41.6033529231172,24.8249844766772
0.534746713592814,-0.392472249439918,41.6033529231172,24.8249844766772
0.368162996387226,0.0432919843686354,41.6033529231172,24.8249844766772
0.0762762828942116,0.234559371283096,41.6033529231172,24.8249844766772
0.120210851397206,0.193045604989817,41.6033529231172,24.8249844766772
0.42600591748503,0.186083206517312,41.6033529231172,24.8249844766772
0.801361006966068,0.25555826293279,41.6033529231172,24.8249844766772
0.838502699540918,0.335005310743381,41.6033529231172,24.8249844766772
0.850493708123752,0.391740791344195,41.6033529231172,24.8249844766772
0.664462644510978,0.170209930855397,41.6033529231172,24.8249844766772
0.308378384051896,0.0848615987780041,41.6033529231172,24.8249844766772
0.132676630878244,0.1694777,41.6033529231172,24.8249844766772
0.272052323532934,0.368123243584521,41.6033529231172,24.8249844766772
0.526876472934132,0.322873858859471,41.6033529231172,24.8249844766772
0.613631724371257,0.0271394681262729,41.6033529231172,24.8249844766772
0.425342455588822,-0.00285097021384929,41.6033529231172,24.8249844766772
0.131422748762475,0.300422916191446,41.6033529231172,24.8249844766772
-0.244674931097804,0.513588969959267,41.6033529231172,24.8249844766772
-0.288548631536926,0.492900345621181,41.6033529231172,24.8249844766772
-0.262996218323353,0.217227839256619,41.6033529231172,24.8249844766772
-0.310382006047904,0.0856372670570265,41.6033529231172,24.8249844766772
-0.309408117025948,0.135788875305499,41.6033529231172,24.8249844766772
-0.198926494291417,0.322147833350306,41.6033529231172,24.8249844766772
-0.207746276746507,0.482090632484725,41.6033529231172,24.8249844766772
-0.404392730698603,0.457852550101833,41.6033529231172,24.8249844766772
-0.625775965808383,0.599731586354379,41.6033529231172,24.8249844766772
-0.788080658123752,0.503039881364562,41.6033529231172,24.8249844766772
-0.582681376586826,0.357685851221996,41.6033529231172,24.8249844766772
-0.226517987644711,0.12474335901222,41.6033529231172,24.8249844766772
0.00209028664670659,0.082851066598778,41.6033529231172,24.8249844766772
-0.0163770839321357,0.116781899796334,41.6033529231172,24.8249844766772
-0.127418692854291,0.272492652800407,41.6033529231172,24.8249844766772
-0.220498136127744,0.356221389511202,41.6033529231172,24.8249844766772
-0.257232012674651,0.174293048676171,41.6033529231172,24.8249844766772
-0.0374800416766467,0.117203863340122,41.6033529231172,24.8249844766772
0.179496345608782,0.11922060086558,41.6033529231172,24.8249844766772
0.335750752375249,0.0254516139511202,41.6033529231172,24.8249844766772
0.384372161796407,-0.262910825458248,41.6033529231172,24.8249844766772
0.277481754830339,-0.345683938849287,41.6033529231172,24.8249844766772
0.353919869441118,-0.353713656873727,41.6033529231172,24.8249844766772
0.390075499381237,-0.259051100101833,41.6033529231172,24.8249844766772
0.359811898023952,-0.240112383401222,41.6033529231172,24.8249844766772
0.379685320878243,-0.401854732942973,41.6033529231172,24.8249844766772
0.543511714790419,-0.269538135234216,41.6033529231172,24.8249844766772
0.667542568542914,0.133964503513238,41.6033529231172,24.8249844766772
0.444101992874251,0.209260174694501,41.6033529231172,24.8249844766772
0.302419400598802,-0.210481855142566,41.6033529231172,24.8249844766772
0.126346352235529,-0.739152532739308,41.6033529231172,24.8249844766772
0.211117304790419,-0.656919284470468,41.6033529231172,24.8249844766772
0.184055363592814,-0.352801470977597,41.6033529231172,24.8249844766772
0.222335288962076,-0.0401823331466395,41.6033529231172,24.8249844766772
0.289180596706587,0.0584144131364562,41.6033529231172,24.8249844766772
0.216449347185629,-0.0474487935845214,41.6033529231172,24.8249844766772
0.0683147401397206,-0.140411085488798,41.6033529231172,24.8249844766772
-0.0897231008982036,-0.173082233401222,41.6033529231172,24.8249844766772
-0.0607559893013972,-0.210730068991853,41.6033529231172,24.8249844766772
-0.135660228702595,-0.517572029480652,41.6033529231172,24.8249844766772
-0.00957812119760479,-0.314216628105906,41.6033529231172,24.8249844766772
-0.00260872788423154,-0.0555591811099796,41.6033529231172,24.8249844766772
0.119541302694611,0.0628015929226069,41.6033529231172,24.8249844766772
0.20299750506986,-0.0725866511710794,41.6033529231172,24.8249844766772
0.302553310339321,-0.130054362627291,41.6033529231172,24.8249844766772
0.138130409401198,-0.497901081924644,41.6033529231172,24.8249844766772
-0.0030043702994012,-0.380427672403259,41.6033529231172,24.8249844766772
0.0728859317365269,-0.145176791395112,41.6033529231172,24.8249844766772
0.0924732746906188,-0.313664352291242,41.6033529231172,24.8249844766772
0.166927090419162,-0.430964012118126,41.6033529231172,24.8249844766772
0.20949212748503,-0.446812466395112,41.6033529231172,24.8249844766772
0.363190075568862,-0.4630084200611,41.6033529231172,24.8249844766772
0.381852223952096,-0.557677182179226,41.6033529231172,24.8249844766772
0.16941050742515,-0.500780362576375,41.6033529231172,24.8249844766772
0.0978722719560878,-0.650775991700611,41.6033529231172,24.8249844766772
0.196989827165669,-0.455214505193483,41.6033529231172,24.8249844766772
0.0560619988822355,-0.281346909114053,41.6033529231172,24.8249844766772
-0.0261829290219561,-0.192585636608961,41.6033529231172,24.8249844766772
-0.21609737510978,-0.402344955295316,41.6033529231172,24.8249844766772
-0.313139329341317,-0.407898740173116,41.6033529231172,24.8249844766772
-0.144120889580838,-0.188483902749491,41.6033529231172,24.8249844766772
-0.140724451616766,0.203259604887984,41.6033529231172,24.8249844766772
-0.243591479560878,0.551168546741344,41.6033529231172,24.8249844766772
-0.333627519640719,0.729615688340122,41.6033529231172,24.8249844766772
-0.235763846546906,0.841690446639511,41.6033529231172,24.8249844766772
-0.356489564431138,0.81332580901222,41.6033529231172,24.8249844766772
-0.530468751397206,0.346956807586558,41.6033529231172,24.8249844766772
-0.502956386526946,0.0973963981670061,41.6033529231172,24.8249844766772
-0.285608704051896,0.270494531313646,41.6033529231172,24.8249844766772
-0.140864448163673,0.667611868788187,41.6033529231172,24.8249844766772
-0.101306293453094,0.726606095417515,41.6033529231172,24.8249844766772
0.0596471278443114,0.91435505101833,41.6033529231172,24.8249844766772
0.179563300479042,0.768579057331976,41.6033529231172,24.8249844766772
0.0926254448502994,0.876645161965377,41.6033529231172,24.8249844766772
0.0579976033133733,0.785972642820774,41.6033529231172,24.8249844766772
0.160298558263473,0.677118459215886,41.6033529231172,24.8249844766772
0.371699430898204,0.464827359266802,41.6033529231172,24.8249844766772
0.55063936506986,0.373720465885947,41.6033529231172,24.8249844766772
0.45654342512974,0.462785800356415,41.6033529231172,24.8249844766772
0.350590386347305,0.308589151832994,41.6033529231172,24.8249844766772
0.458314685788423,0.307931385132383,41.6033529231172,24.8249844766772
0.59754429508982,0.752953995519348,41.6033529231172,24.8249844766772
0.361589245489022,0.758060995468432,41.6033529231172,24.8249844766772
0.203496623193613,0.451498275560081,41.6033529231172,24.8249844766772
0.334180356327345,0.272517474185336,41.6033529231172,24.8249844766772
0.357298046986028,-0.0109055096232179,41.6033529231172,24.8249844766772
0.360950130818363,0.075131615885947,41.6033529231172,24.8249844766772
0.161978516826347,0.240317932586558,41.6033529231172,24.8249844766772
0.105705991776447,0.404914741395112,41.6033529231172,24.8249844766772
0.224544799680639,0.471591186659878,41.6033529231172,24.8249844766772
0.239786162874251,0.483182773421589,41.6033529231172,24.8249844766772
0.237558391736527,0.672054896690428,41.6033529231172,24.8249844766772
-0.105822703792415,0.239629139154786,41.6033529231172,24.8249844766772
-0.0216482582634731,0.170842876171079,41.6033529231172,24.8249844766772
-0.0112763401796407,0.567488607331976,41.6033529231172,24.8249844766772
0.00264418602794411,0.917662500560081,41.6033529231172,24.8249844766772
-0.256325078522954,0.845153029837067,41.6033529231172,24.8249844766772
-0.105907919081836,0.600035648319756,41.6033529231172,24.8249844766772
0.221641393033932,0.676876450712831,41.6033529231172,24.8249844766772
-0.0131084689021956,0.641164683146639,41.6033529231172,24.8249844766772
-0.321435646447106,0.514383254276986,41.6033529231172,24.8249844766772
-0.207533238522954,0.477666220621181,41.6033529231172,24.8249844766772
-0.0864362254491018,0.662349735183299,41.6033529231172,24.8249844766772
-0.202554230898204,0.478243317820774,41.6033529231172,24.8249844766772
0.0919072016966068,0.730409972657841,41.6033529231172,24.8249844766772
0.0469743969461078,0.404821661201629,41.6033529231172,24.8249844766772
0.0622766282035928,-0.0297635568228106,41.6033529231172,24.8249844766772
-0.0655889135728543,-0.344293941293279,41.6033529231172,24.8249844766772
0.0174168651297405,-0.055813600305499,41.6033529231172,24.8249844766772
0.0403397779840319,0.0336985190936864,41.6033529231172,24.8249844766772
0.264230777325349,0.251773001731161,41.6033529231172,24.8249844766772
0.118920448443114,0.102838486812627,41.6033529231172,24.8249844766772
-0.150658119640719,-0.37681616089613,41.6033529231172,24.8249844766772
-0.0685166674451098,-0.71501373589613,41.6033529231172,24.8249844766772
0.202796640459082,-0.781305449694501,41.6033529231172,24.8249844766772
0.333589936107784,-0.645898589562118,41.6033529231172,24.8249844766772
0.186234440279441,-0.501754601934827,41.6033529231172,24.8249844766772
-0.0074355653493014,-0.0806349852342159,41.6033529231172,24.8249844766772
-0.186777228742515,-0.137804840071283,41.6033529231172,24.8249844766772
-0.0480589111776447,0.0277600027494908,41.6033529231172,24.8249844766772
-0.181013023093812,-0.350679242566191,41.6033529231172,24.8249844766772
-0.115963323233533,-0.796489931924644,41.6033529231172,24.8249844766772
-0.0310462873253493,-0.970580920468432,41.6033529231172,24.8249844766772
0.0821378774451098,-0.542641628258656,41.6033529231172,24.8249844766772
0.0128639339520958,-0.172573395010183,41.6033529231172,24.8249844766772
-0.0643715522954092,-0.00568681344195519,41.6033529231172,24.8249844766772
-0.0668245352694611,-0.185145426476578,41.6033529231172,24.8249844766772
-0.0699409801397206,-0.373179828004073,41.6033529231172,24.8249844766772
-0.119992789061876,-0.516231674694501,41.6033529231172,24.8249844766772
-0.144169584031936,-0.461153021537678,41.6033529231172,24.8249844766772
0.0887968436327345,-0.335016948676171,41.6033529231172,24.8249844766772
0.263561228622754,-0.120845628818737,41.6033529231172,24.8249844766772
0.244119969021956,-0.161025245672098,41.6033529231172,24.8249844766772
0.0836169713972056,-0.263463101272912,41.6033529231172,24.8249844766772
0.0258714392015968,-0.170606300254582,41.6033529231172,24.8249844766772
-0.0591916800598802,-0.00605913421588595,41.6033529231172,24.8249844766772
0.168375750339321,0.114479716344196,41.6033529231172,24.8249844766772
0.294999583612774,0.1560369200611,41.6033529231172,24.8249844766772
0.115895305668663,-0.0622671603869654,41.6033529231172,24.8249844766772
0.0319034643313373,-0.425397816547861,41.6033529231172,24.8249844766772
-0.0506092830538922,-0.574239251272912,41.6033529231172,24.8249844766772
0.123704678263473,-0.372100097759674,41.6033529231172,24.8249844766772
0.159434231756487,-0.293813449694501,41.6033529231172,24.8249844766772
0.108767655389222,-0.16524488110998,41.6033529231172,24.8249844766772
0.0514238524151697,0.182875042515275,41.6033529231172,24.8249844766772
0.0685642992015968,0.153287951680244,41.6033529231172,24.8249844766772
-0.00709470419161677,-0.199157098268839,41.6033529231172,24.8249844766772
-0.120230174510978,-0.6092560200611,41.6033529231172,24.8249844766772
-0.139342746566866,-0.615641321334012,41.6033529231172,24.8249844766772
-0.041698198502994,-0.233261681160896,41.6033529231172,24.8249844766772
0.114732725648703,0.28525705,41.6033529231172,24.8249844766772
0.222493545928144,0.341415433401222,41.6033529231172,24.8249844766772
0.222103990319361,0.153827816802444,41.6033529231172,24.8249844766772
0.120624754231537,4.69264765784114e-05,41.6033529231172,24.8249844766772
-0.166076000219561,-0.126374592311609,41.6033529231172,24.8249844766772
-0.23174046752495,0.0963476946537678,41.6033529231172,24.8249844766772
-0.10848872499002,0.367049718686354,41.6033529231172,24.8249844766772
0.13274967255489,0.760127375763747,41.6033529231172,24.8249844766772
0.235434096307385,0.866561474338086,41.6033529231172,24.8249844766772
0.131532311277445,0.534178308757637,41.6033529231172,24.8249844766772
0.0434805700798403,-0.0326614535132383,41.6033529231172,24.8249844766772
0.0511742933532934,-0.185852835947047,41.6033529231172,24.8249844766772
-0.0998332863073852,0.0532639757637474,41.6033529231172,24.8249844766772
-0.154657151437126,0.608673490274949,41.6033529231172,24.8249844766772
-0.0735991507784431,1.00653546929735,41.6033529231172,24.8249844766772
0.238075770279441,1.11662451680244,41.6033529231172,24.8249844766772
0.261601276966068,0.902018822708758,41.6033529231172,24.8249844766772
-0.0128649966467066,0.265530254327902,41.6033529231172,24.8249844766772
-0.19209709752495,-0.250810400305499,41.6033529231172,24.8249844766772
-0.248485271896208,-0.0179423722505092,41.6033529231172,24.8249844766772
-0.097587254750499,0.707264031211813,41.6033529231172,24.8249844766772
0.124477702674651,1.34905817062118,41.6033529231172,24.8249844766772
0.161035061836327,1.33277534210794,41.6033529231172,24.8249844766772
0.126796775908184,0.604106355448065,41.6033529231172,24.8249844766772
0.00984487798403194,0.127467506008147,41.6033529231172,24.8249844766772
-0.323699938423154,-0.0831047130346232,41.6033529231172,24.8249844766772
-0.411830808103792,0.216377706822811,41.6033529231172,24.8249844766772
-0.3284902550499,0.512571293177189,41.6033529231172,24.8249844766772
-0.147492980319361,0.635735005193483,41.6033529231172,24.8249844766772
-0.0358974720159681,0.583380499032587,41.6033529231172,24.8249844766772
0.0308382732135728,0.554966218635438,41.6033529231172,24.8249844766772
-0.1336089749501,0.274776220213849,41.6033529231172,24.8249844766772
-0.42335313259481,-0.318113585539715,41.6033529231172,24.8249844766772
-0.460044401497006,-0.436126860183299,41.6033529231172,24.8249844766772
-0.390216558622755,0.0688145734215886,41.6033529231172,24.8249844766772
-0.186089419620758,0.581916037321792,41.6033529231172,24.8249844766772
-0.0841232390219561,0.322830421435845,41.6033529231172,24.8249844766772
0.0875977427744511,-0.217729699541752,41.6033529231172,24.8249844766772
0.435428293772455,-0.543938545621181,41.6033529231172,24.8249844766772
0.272709698622754,-0.52272246685336,41.6033529231172,24.8249844766772
-0.12217795255489,-0.101944144195519,41.6033529231172,24.8249844766772
-0.256872891097804,0.104427055448065,41.6033529231172,24.8249844766772
0.00650322127744511,-0.0510975371690428,41.6033529231172,24.8249844766772
0.428665851876247,-0.297518041395112,41.6033529231172,24.8249844766772
0.551661948542914,-0.459061819857434,41.6033529231172,24.8249844766772
0.423619889381238,-0.646736311303462,41.6033529231172,24.8249844766772
0.162903711397206,-0.785525085132383,41.6033529231172,24.8249844766772
0.148143205908184,-0.633754726985743,41.6033529231172,24.8249844766772
0.175406011716567,-0.339975020315682,41.6033529231172,24.8249844766772
0.183233644730539,0.072326799389002,41.6033529231172,24.8249844766772
0.162447200918164,-0.0131208182281059,41.6033529231172,24.8249844766772
0.31288870758483,-0.52403179490835,41.6033529231172,24.8249844766772
0.514173308003992,-0.869502035692464,41.6033529231172,24.8249844766772
0.352574685229541,-0.925201223472505,41.6033529231172,24.8249844766772
0.136219152195609,-0.69513801191446,41.6033529231172,24.8249844766772
0.0683877818163673,-0.181689048625255,41.6033529231172,24.8249844766772
0.152355275928144,0.00849860804480652,41.6033529231172,24.8249844766772
0.292065742934132,-0.011948007790224,41.6033529231172,24.8249844766772
0.390592877924152,-0.49196877092668,41.6033529231172,24.8249844766772
0.424715514530938,-0.759679818075356,41.6033529231172,24.8249844766772
0.331027390618762,-0.830824112627291,41.6033529231172,24.8249844766772
0.192716889081836,-0.706084242668024,41.6033529231172,24.8249844766772
0.139311249840319,-0.292057336710794,41.6033529231172,24.8249844766772
0.162021124471058,-0.191623807942974,41.6033529231172,24.8249844766772
0.229030775988024,-0.492148725967413,41.6033529231172,24.8249844766772
0.163433263552894,-0.919194448319756,41.6033529231172,24.8249844766772
0.161747218183633,-1.0761524759165,41.6033529231172,24.8249844766772
0.126029838303393,-0.843780875560081,41.6033529231172,24.8249844766772
-0.0964368483433134,-0.474637238900204,41.6033529231172,24.8249844766772
-0.321453906866267,-0.232256415071283,41.6033529231172,24.8249844766772
-0.533177380239521,-0.330518072657841,41.6033529231172,24.8249844766772
-0.68876832510978,-0.626451034470468,41.6033529231172,24.8249844766772
-0.650524920578842,-0.719258192718941,41.6033529231172,24.8249844766772
-0.582078782754491,-0.529225669704684,41.6033529231172,24.8249844766772
-0.722184892175649,-0.387054982179226,41.6033529231172,24.8249844766772
-0.813231342115768,-0.0880565793279022,41.6033529231172,24.8249844766772
-0.737761029720559,0.435687053360489,41.6033529231172,24.8249844766772
-0.770398485568862,0.711371970417515,41.6033529231172,24.8249844766772
-0.856100719500998,0.241614849949083,41.6033529231172,24.8249844766772
-0.791842304471058,-0.447464027749491,41.6033529231172,24.8249844766772
-0.628028084171657,-0.851885057739307,41.6033529231172,24.8249844766772
-0.369570111357285,-0.51822359083503,41.6033529231172,24.8249844766772
0.0384467811976048,0.591447449134419,41.6033529231172,24.8249844766772
0.0720033448103792,0.983358501120163,41.6033529231172,24.8249844766772
0.0788205679640719,0.471715293584521,41.6033529231172,24.8249844766772
0.205365272754491,-0.143153848523422,41.6033529231172,24.8249844766772
0.150584015269461,-0.54618488095723,41.6033529231172,24.8249844766772
0.0643644027944112,-0.720958457586558,41.6033529231172,24.8249844766772
0.239524430199601,-0.422841213900204,41.6033529231172,24.8249844766772
0.474542111616766,-0.0213118752545825,41.6033529231172,24.8249844766772
0.626706184491018,0.267292572657841,41.6033529231172,24.8249844766772
0.607319706147705,0.359286830549898,41.6033529231172,24.8249844766772
0.591147061576846,0.124470323778004,41.6033529231172,24.8249844766772
0.358168460299401,-0.400011745112016,41.6033529231172,24.8249844766772
0.0878777358682635,-0.920863686456212,41.6033529231172,24.8249844766772
0.152610921796407,-0.460079496639511,41.6033529231172,24.8249844766772
0.183038866926148,0.0836949936863544,41.6033529231172,24.8249844766772
0.486313995169661,0.544876325661914,41.6033529231172,24.8249844766772
0.610411803792415,0.485571831720978,41.6033529231172,24.8249844766772
0.425817226487026,-0.179157267362525,41.6033529231172,24.8249844766772
0.0581680338922156,-0.980906616598778,41.6033529231172,24.8249844766772
0.0561593877844311,-0.379285888696538,41.6033529231172,24.8249844766772
-0.0156466671656687,0.275446397606925,41.6033529231172,24.8249844766772
0.0715468343313373,0.936843225763747,41.6033529231172,24.8249844766772
0.0547350750898204,1.11453952046843,41.6033529231172,24.8249844766772
-0.0220378138722555,0.755262384317719,41.6033529231172,24.8249844766772
0.0800866236926148,0.0623610133401222,41.6033529231172,24.8249844766772
0.0583019436327345,-0.0452831277494908,41.6033529231172,24.8249844766772
-0.0654063093812375,0.100461839205703,41.6033529231172,24.8249844766772
-0.362911145169661,0.210867359368635,41.6033529231172,24.8249844766772
-0.428216490898204,0.704403366598778,41.6033529231172,24.8249844766772
-0.198354334491018,1.22588825325866,41.6033529231172,24.8249844766772
-0.00604777349301397,1.28693644949083,41.6033529231172,24.8249844766772
-0.10638268998004,0.716491381059063,41.6033529231172,24.8249844766772
-0.157396214311377,0.292107752240326,41.6033529231172,24.8249844766772
-0.194878768043912,-0.255209990784114,41.6033529231172,24.8249844766772
-0.261462343113772,-0.0233099967413442,41.6033529231172,24.8249844766772
-0.387891398582834,0.367781949541752,41.6033529231172,24.8249844766772
-0.383441943113772,0.351995548727088,41.6033529231172,24.8249844766772
-0.168127253972056,0.0644832417515275,41.6033529231172,24.8249844766772
0.0495552028542914,-0.154087668584521,41.6033529231172,24.8249844766772
-0.155247571656687,-0.67768237296334,41.6033529231172,24.8249844766772
-0.141053139161677,-0.612228380906314,41.6033529231172,24.8249844766772
0.0158038614371257,-0.623615191242363,41.6033529231172,24.8249844766772
0.134807013113772,-0.612042220519348,41.6033529231172,24.8249844766772
-0.00366783219560879,-0.410498780244399,41.6033529231172,24.8249844766772
-0.10515315508982,-0.387911319959267,41.6033529231172,24.8249844766772
-0.22026683748503,-0.579315224490835,41.6033529231172,24.8249844766772
0.0139778195209581,-0.555114374185336,41.6033529231172,24.8249844766772
0.223077879341317,-0.603323709063136,41.6033529231172,24.8249844766772
0.2581074500998,-0.492521046741344,41.6033529231172,24.8249844766772
0.322426733193613,-0.236711853665988,41.6033529231172,24.8249844766772
0.405694244570858,0.0170495751527495,41.6033529231172,24.8249844766772
0.0826187351497006,-0.383046328513238,41.6033529231172,24.8249844766772
-0.129524727864271,-0.531819504429735,41.6033529231172,24.8249844766772
-0.378529890359281,-0.594406626527495,41.6033529231172,24.8249844766772
-0.180428689680639,-0.224760356822811,41.6033529231172,24.8249844766772
0.240352235868263,0.440111465224033,41.6033529231172,24.8249844766772
0.477469865489022,0.56439834490835,41.6033529231172,24.8249844766772
0.600106840578842,-0.0657917970468432,41.6033529231172,24.8249844766772
0.425360716007984,-0.54086069389002,41.6033529231172,24.8249844766772
-0.0186535495209581,-0.86920417907332,41.6033529231172,24.8249844766772
-0.355046991317365,-0.930500589154786,41.6033529231172,24.8249844766772
-0.316992277784431,-0.553029377851324,41.6033529231172,24.8249844766772
-0.00192091876247505,0.253826971334012,41.6033529231172,24.8249844766772
0.303180251397206,0.584875987474542,41.6033529231172,24.8249844766772
0.529232067005988,0.477269078462322,41.6033529231172,24.8249844766772
0.543256068922156,-0.194472061863544,41.6033529231172,24.8249844766772
0.489722606746507,-0.95266608589613,41.6033529231172,24.8249844766772
0.282783363193613,-1.00369264796334,41.6033529231172,24.8249844766772
-0.113303388842315,-0.528592724389002,41.6033529231172,24.8249844766772
-0.461852182994012,-0.160075827698574,41.6033529231172,24.8249844766772
-0.239282020638723,0.0910793557026477,41.6033529231172,24.8249844766772
0.360353623792415,0.458075942566191,41.6033529231172,24.8249844766772
0.704209490219561,0.185102761812627,41.6033529231172,24.8249844766772
0.437564762814371,-0.686009947606925,41.6033529231172,24.8249844766772
0.398992670738523,-1.15371309847251,41.6033529231172,24.8249844766772
0.204738331696607,-1.10749567973523,41.6033529231172,24.8249844766772
-0.118300656886228,-0.566507389867617,41.6033529231172,24.8249844766772
-0.188992826267465,0.391536014918534,41.6033529231172,24.8249844766772
-0.149818140359281,0.309817810386965,41.6033529231172,24.8249844766772
0.19457336502994,-0.137618679684318,41.6033529231172,24.8249844766772
0.551156743612774,-0.429189283095723,41.6033529231172,24.8249844766772
0.925306645429142,-0.139244480397149,41.6033529231172,24.8249844766772
0.438611693512974,-0.399397415835031,41.6033529231172,24.8249844766772
0.0124804651497006,-0.267508987016293,41.6033529231172,24.8249844766772
-0.29889620239521,-0.247713932535642,41.6033529231172,24.8249844766772
-0.277854112714571,0.234565576629328,41.6033529231172,24.8249844766772
-0.143353951976048,0.671198558910387,41.6033529231172,24.8249844766772
0.218415385648703,0.996985441446028,41.6033529231172,24.8249844766772
0.294628288423154,0.392404763391039,41.6033529231172,24.8249844766772
0.119133486666667,-0.1461386200611,41.6033529231172,24.8249844766772
-0.130906432914172,-0.127001332281059,41.6033529231172,24.8249844766772
-0.321283476287425,0.0472447899185336,41.6033529231172,24.8249844766772
-0.499194740179641,0.296569396181263,41.6033529231172,24.8249844766772
-0.518319485848303,0.535313887118126,41.6033529231172,24.8249844766772
-0.32405906,0.755312027087576,41.6033529231172,24.8249844766772
-0.150755508542914,0.823955567107943,41.6033529231172,24.8249844766772
0.161522006347305,1.07963444791242,41.6033529231172,24.8249844766772
0.104951227784431,0.438839369246436,41.6033529231172,24.8249844766772
-0.113333822874252,-0.550609292820774,41.6033529231172,24.8249844766772
-0.320382628942116,-0.797321448319756,41.6033529231172,24.8249844766772
-0.0140154030538922,0.175422421690428,41.6033529231172,24.8249844766772
0.218342343972056,1.14594477774949,41.6033529231172,24.8249844766772
0.249470271836327,1.48885221053971,41.6033529231172,24.8249844766772
0.237436655608782,1.02029272189409,41.6033529231172,24.8249844766772
-0.0501345121556886,0.118041585081466,41.6033529231172,24.8249844766772
-0.0707992198403194,-0.189240954989817,41.6033529231172,24.8249844766772
0.0832943706586826,-0.34697465086558,41.6033529231172,24.8249844766772
0.366403909341317,-0.330853161354379,41.6033529231172,24.8249844766772
0.329560470279441,-0.3893447549389,41.6033529231172,24.8249844766772
0.26387774255489,0.116850158604888,41.6033529231172,24.8249844766772
0.0108065933932136,0.58592469098778,41.6033529231172,24.8249844766772
-0.170568063333333,0.641648700152749,41.6033529231172,24.8249844766772
-0.261273652115768,0.0316011120672098,41.6033529231172,24.8249844766772
-0.306869918762475,-0.539160429022403,41.6033529231172,24.8249844766772
-0.126962182375249,-0.516107567769857,41.6033529231172,24.8249844766772
0.105249481297405,-0.364082790427699,41.6033529231172,24.8249844766772
0.384177383992016,-0.206901370366599,41.6033529231172,24.8249844766772
0.545824701217565,-0.238970599694501,41.6033529231172,24.8249844766772
0.258868300898204,-0.0490745942973523,41.6033529231172,24.8249844766772
-0.302225685489022,0.253094740478615,41.6033529231172,24.8249844766772
-0.669448801636726,0.37797112805499,41.6033529231172,24.8249844766772
-0.386479259500998,0.392125522810591,41.6033529231172,24.8249844766772
0.050650828003992,0.0957023386456212,41.6033529231172,24.8249844766772
0.412024523213573,-0.301576337830957,41.6033529231172,24.8249844766772
0.593928732095808,-0.403176471690428,41.6033529231172,24.8249844766772
0.303168077784431,-0.284790876272912,41.6033529231172,24.8249844766772
-0.104404477904192,0.00149897749490835,41.6033529231172,24.8249844766772
-0.499906896526946,0.47749247092668,41.6033529231172,24.8249844766772
-0.704198379301397,0.595083782026477,41.6033529231172,24.8249844766772
-0.477830049760479,0.410784998930754,41.6033529231172,24.8249844766772
0.0511925537724551,-0.00692788268839104,41.6033529231172,24.8249844766772
0.369027322894212,-0.309978376629328,41.6033529231172,24.8249844766772
0.291122287944112,-0.519936266395112,41.6033529231172,24.8249844766772
-0.0200109073453094,-0.455357228156823,41.6033529231172,24.8249844766772
-0.33386490508982,-0.10376851598778,41.6033529231172,24.8249844766772
-0.46078090506986,0.409388796028513,41.6033529231172,24.8249844766772
-0.526299289021956,0.441588337627291,41.6033529231172,24.8249844766772
-0.411824721297405,-0.0515629381364562,41.6033529231172,24.8249844766772
0.175095584590818,-0.63397191410387,41.6033529231172,24.8249844766772
0.597994718762475,-0.647878095010183,41.6033529231172,24.8249844766772
0.530145087964072,-0.424485630651731,41.6033529231172,24.8249844766772
0.179800685928144,-0.267099434164969,41.6033529231172,24.8249844766772
-0.362576370818363,-0.505614327291242,41.6033529231172,24.8249844766772
-0.650737958802395,-0.754715541089613,41.6033529231172,24.8249844766772
-0.48761154762475,-0.620766937321792,41.6033529231172,24.8249844766772
-0.0586560410978044,-0.175266515274949,41.6033529231172,24.8249844766772
0.422925993453094,0.187634543075356,41.6033529231172,24.8249844766772
0.642927523512974,-0.0711035734215886,41.6033529231172,24.8249844766772
0.262958634790419,-0.64678595407332,41.6033529231172,24.8249844766772
-0.368005802115768,-1.02766390045825,41.6033529231172,24.8249844766772
-0.809469695768463,-0.767591634521385,41.6033529231172,24.8249844766772
-1.03737798732535,-0.230512712780041,41.6033529231172,24.8249844766772
-0.834176042894211,0.526086537270876,41.6033529231172,24.8249844766772
-0.275328088063872,0.949421462576375,41.6033529231172,24.8249844766772
0.300989001097804,1.24221451919552,41.6033529231172,24.8249844766772
0.377506244191617,0.971375977545825,41.6033529231172,24.8249844766772
-0.00964507606786427,0.314626953716904,41.6033529231172,24.8249844766772
-0.678889438343313,-0.498664339511202,41.6033529231172,24.8249844766772
-1.01701761996008,-0.781249601578412,41.6033529231172,24.8249844766772
-0.956837365209581,-0.143830231262729,41.6033529231172,24.8249844766772
-0.45823662,1.07521003604888,41.6033529231172,24.8249844766772
0.241977413173653,1.73294570992872,41.6033529231172,24.8249844766772
0.774944267245509,1.55366705193483,41.6033529231172,24.8249844766772
0.804879181057884,0.520365208044806,41.6033529231172,24.8249844766772
0.215925881836327,-0.79753243009165,41.6033529231172,24.8249844766772
-0.499054743632734,-1.55856229735234,41.6033529231172,24.8249844766772
-0.695597721876247,-1.34736954368635,41.6033529231172,24.8249844766772
-0.265857017325349,-0.18791301089613,41.6033529231172,24.8249844766772
0.299394257824351,1.06322751247454,41.6033529231172,24.8249844766772
0.754559552654691,1.42423594022403,41.6033529231172,24.8249844766772
0.826122135349301,0.730360329887984,41.6033529231172,24.8249844766772
0.364066575688623,-0.444863987678208,41.6033529231172,24.8249844766772
-0.189461510359281,-1.24378369903259,41.6033529231172,24.8249844766772
-0.723943979221557,-1.2503613660387,41.6033529231172,24.8249844766772
-0.897971860638722,-0.686084411761711,41.6033529231172,24.8249844766772
-0.330876283153693,0.255005987118126,41.6033529231172,24.8249844766772
0.392400659421158,0.964767283808554,41.6033529231172,24.8249844766772
0.727339354491018,0.972604636099796,41.6033529231172,24.8249844766772
0.46053637011976,0.232697767413442,41.6033529231172,24.8249844766772
-0.289181659401198,-0.909272099694501,41.6033529231172,24.8249844766772
-0.826275368203593,-1.43039087092668,41.6033529231172,24.8249844766772
-0.930749313033932,-0.849849704175153,41.6033529231172,24.8249844766772
-0.7268778199002,0.189260343788187,41.6033529231172,24.8249844766772
-0.193363153253493,1.00145949607943,41.6033529231172,24.8249844766772
0.436889127305389,1.30347990254582,41.6033529231172,24.8249844766772
0.617308155429142,0.903228865224033,41.6033529231172,24.8249844766772
0.256591835309381,0.168900602800407,41.6033529231172,24.8249844766772
-0.321319997125748,-0.483318518279022,41.6033529231172,24.8249844766772
-0.818240783772455,-0.842297797810591,41.6033529231172,24.8249844766772
-0.769455030578842,-0.58778552209776,41.6033529231172,24.8249844766772
-0.211106193872255,0.23303285610998,41.6033529231172,24.8249844766772
0.369222100698603,1.25824292851324,41.6033529231172,24.8249844766772
0.655259393253493,1.71247427270876,41.6033529231172,24.8249844766772
0.527162552834331,1.30352333996945,41.6033529231172,24.8249844766772
0.0125656804391218,0.414638518940937,41.6033529231172,24.8249844766772
-0.474464045828343,-0.429747764256619,41.6033529231172,24.8249844766772
-0.631363654071856,-0.75308353503055,41.6033529231172,24.8249844766772
-0.494160951297405,-0.523771170366599,41.6033529231172,24.8249844766772
0.0934593373253493,-0.00828685351323829,41.6033529231172,24.8249844766772
0.683751733952096,0.748740565427698,41.6033529231172,24.8249844766772
0.733474855329341,1.27665419078411,41.6033529231172,24.8249844766772
0.194366413612774,1.02029272189409,41.6033529231172,24.8249844766772
-0.490533214690619,0.0452094363543788,41.6033529231172,24.8249844766772
-0.793650085968064,-0.897283370773931,41.6033529231172,24.8249844766772
-0.66770797500998,-1.37396565763747,41.6033529231172,24.8249844766772
-0.347055014530938,-1.16452281160896,41.6033529231172,24.8249844766772
0.223960466267465,-0.21596117586558,41.6033529231172,24.8249844766772
0.676076271097804,0.799872618380855,41.6033529231172,24.8249844766772
0.449933153393214,1.23383730178208,41.6033529231172,24.8249844766772
-0.252606039820359,0.990929023523422,41.6033529231172,24.8249844766772
-0.873502898962076,0.0248621060590631,41.6033529231172,24.8249844766772
-0.933658806487026,-0.850706041955194,41.6033529231172,24.8249844766772
-0.518356006686627,-1.03636379587576,41.6033529231172,24.8249844766772
-0.0116841562075848,-0.538676412016293,41.6033529231172,24.8249844766772
0.264961194091816,0.289023695162933,41.6033529231172,24.8249844766772
0.29825602502994,1.1380019345723,41.6033529231172,24.8249844766772
0.0622583677844311,1.18644086726069,41.6033529231172,24.8249844766772
-0.317162708363273,0.5521241700611,41.6033529231172,24.8249844766772
-0.74927726740519,-0.430647539460285,41.6033529231172,24.8249844766772
-0.716865023393213,-1.01996927113035,41.6033529231172,24.8249844766772
-0.349380174570858,-1.11619557515275,41.6033529231172,24.8249844766772
0.340534982195609,-0.34011153793279,41.6033529231172,24.8249844766772
0.769934825588822,0.79866257586558,41.6033529231172,24.8249844766772
0.546153388762475,1.13865349592668,41.6033529231172,24.8249844766772
0.0418006115169661,0.93127082484725,41.6033529231172,24.8249844766772
-0.468407673473054,0.110241464867617,41.6033529231172,24.8249844766772
-0.455327126546906,-0.748956979786151,41.6033529231172,24.8249844766772
0.011871784510978,-0.839319231619145,41.6033529231172,24.8249844766772
0.653792472914172,-0.0108000187372709,41.6033529231172,24.8249844766772
0.613972585528942,0.411709595519348,41.6033529231172,24.8249844766772
0.53317631754491,0.952151814918534,41.6033529231172,24.8249844766772
0.223595257884232,1.01258568187373,41.6033529231172,24.8249844766772
-0.185486825788423,0.612713170672098,41.6033529231172,24.8249844766772
-0.517960364271457,-0.172542368279022,41.6033529231172,24.8249844766772
-0.35056101500998,-0.70123166191446,41.6033529231172,24.8249844766772
0.06427918750499,-0.804525855295316,41.6033529231172,24.8249844766772
0.37188203508982,-0.270102821741344,41.6033529231172,24.8249844766772
0.524113062834331,0.846220349389002,41.6033529231172,24.8249844766772
0.19823762247505,1.03974027698574,41.6033529231172,24.8249844766772
-0.282912248822355,0.486335089307536,41.6033529231172,24.8249844766772
-0.681829365828343,-0.370244699236252,41.6033529231172,24.8249844766772
-0.604429535808383,-0.610484678615071,41.6033529231172,24.8249844766772
-0.297904052954092,-0.614772572861507,41.6033529231172,24.8249844766772
0.316066020518962,0.188124765427699,41.6033529231172,24.8249844766772
0.522080069500998,0.448290111558045,41.6033529231172,24.8249844766772
0.338331558283433,0.332852055600815,41.6033529231172,24.8249844766772
-0.151406796826347,0.193486184572301,41.6033529231172,24.8249844766772
-0.688841366786427,0.0740394749490835,41.6033529231172,24.8249844766772
-0.799103864491018,-0.129781327393075,41.6033529231172,24.8249844766772
-0.487471551077844,-0.271170141293279,41.6033529231172,24.8249844766772
0.111019773752495,0.164259003818737,41.6033529231172,24.8249844766772
0.408408960219561,0.563312409317719,41.6033529231172,24.8249844766772
0.227247341716567,0.416084364613035,41.6033529231172,24.8249844766772
-0.153701522834331,-0.113908051731161,41.6033529231172,24.8249844766772
-0.465120798023952,-0.46446047107943,41.6033529231172,24.8249844766772
-0.641790353413174,-0.407873918788187,41.6033529231172,24.8249844766772
-0.61841093007984,-0.0277716406822811,41.6033529231172,24.8249844766772
-0.118026750598802,0.376630773268839,41.6033529231172,24.8249844766772
0.328495279161677,0.278282240835031,41.6033529231172,24.8249844766772
0.585888060858283,-0.151804101171079,41.6033529231172,24.8249844766772
0.359738856347305,-0.530063391446029,41.6033529231172,24.8249844766772
0.0298461237724551,-0.509498874032587,41.6033529231172,24.8249844766772
-0.286046954111776,-0.195129828564155,41.6033529231172,24.8249844766772
-0.316931409720559,0.190855117769857,41.6033529231172,24.8249844766772
-0.125050925169661,0.492174320112016,41.6033529231172,24.8249844766772
0.284049418922156,0.6094739799389,41.6033529231172,24.8249844766772
0.594987836407186,0.250476084368635,41.6033529231172,24.8249844766772
0.623528871556886,-0.256184230142566,41.6033529231172,24.8249844766772
0.219991868502994,-0.689919315733198,41.6033529231172,24.8249844766772
-0.360232950359281,-0.738569230193483,41.6033529231172,24.8249844766772
-0.545941413233533,-0.0588107825356416,41.6033529231172,24.8249844766772
-0.396425101137725,0.636746476629328,41.6033529231172,24.8249844766772
-0.00649819716566866,0.877470473014257,41.6033529231172,24.8249844766772
0.217386715369261,0.405721436405295,41.6033529231172,24.8249844766772
0.3434931700998,-0.136265914205703,41.6033529231172,24.8249844766772
-0.0214595672654691,-0.525037060997963,41.6033529231172,24.8249844766772
-0.36824318756487,-0.495400327393075,41.6033529231172,24.8249844766772
-0.466812930199601,-0.207825966955193,41.6033529231172,24.8249844766772
-0.300338775508982,0.235167495213849,41.6033529231172,24.8249844766772
-0.0267672624351297,0.660879068126273,41.6033529231172,24.8249844766772
0.173044330838323,0.544547442311609,41.6033529231172,24.8249844766772
0.37372633742515,0.374173456160896,41.6033529231172,24.8249844766772
0.350109528642715,0.133548745315682,41.6033529231172,24.8249844766772
0.0108857218762475,-0.109570514714868,41.6033529231172,24.8249844766772
-0.332081470818363,-0.051209233401222,41.6033529231172,24.8249844766772
-0.180166957005988,0.133790753818737,41.6033529231172,24.8249844766772
0.0615157774051896,-0.0988042390020367,41.6033529231172,24.8249844766772
0.267681996546906,-0.329047405600815,41.6033529231172,24.8249844766772
0.401798688483034,0.0477163962321792,41.6033529231172,24.8249844766772
0.0825517802794411,0.143489709979633,41.6033529231172,24.8249844766772
-0.13753496506986,0.168348326985743,41.6033529231172,24.8249844766772
-0.192693604550898,-0.020672724592668,41.6033529231172,24.8249844766772
-0.0539996342115768,-0.235619712729124,41.6033529231172,24.8249844766772
-0.0952742683233533,-0.796756761812627,41.6033529231172,24.8249844766772
0.155410852734531,-0.555393614765784,41.6033529231172,24.8249844766772
0.102005213493014,-0.38959917413442,41.6033529231172,24.8249844766772
-0.109334791077844,-0.284344091344195,41.6033529231172,24.8249844766772
-0.147255594870259,0.327844341191446,41.6033529231172,24.8249844766772
-0.277708029361277,0.630721085437882,41.6033529231172,24.8249844766772
-0.215476520858283,0.188745300050917,41.6033529231172,24.8249844766772
-0.155235398043912,-0.34161943706721,41.6033529231172,24.8249844766772
-0.0823093707185629,-0.588077173370672,41.6033529231172,24.8249844766772
-0.0770199359680639,-0.642479443788187,41.6033529231172,24.8249844766772
-0.0627585486027944,0.223575908452138,41.6033529231172,24.8249844766772
-0.247176608522954,0.974819944704684,41.6033529231172,24.8249844766772
-0.170434153592814,1.24510621053971,41.6033529231172,24.8249844766772
-0.217089524550898,0.813487148014256,41.6033529231172,24.8249844766772
0.0317634677844311,0.420328821435845,41.6033529231172,24.8249844766772
0.15819861005988,-0.352236784470468,41.6033529231172,24.8249844766772
0.224556973293413,-0.250127812219959,41.6033529231172,24.8249844766772
-0.00343653355289421,0.252871348014257,41.6033529231172,24.8249844766772
-0.0791990126546906,0.95208355610998,41.6033529231172,24.8249844766772
-0.172442799700599,1.30009798884929,41.6033529231172,24.8249844766772
-0.0463424317764471,1.12254441710794,41.6033529231172,24.8249844766772
0.346536573293413,0.405076080397149,41.6033529231172,24.8249844766772
0.466775346666667,-0.268731440224033,41.6033529231172,24.8249844766772
0.345136607824351,-0.406192269959267,41.6033529231172,24.8249844766772
0.0409849794610778,-0.0996667821283096,41.6033529231172,24.8249844766772
-0.106644422654691,0.588592989867617,41.6033529231172,24.8249844766772
-0.213893951197605,1.0433579938391,41.6033529231172,24.8249844766772
-0.0683644972854291,0.775212572454175,41.6033529231172,24.8249844766772
0.116479639081836,0.0872506570773931,41.6033529231172,24.8249844766772
0.301999410958084,-0.58197731802444,41.6033529231172,24.8249844766772
0.315779940618762,-1.00747170381874,41.6033529231172,24.8249844766772
0.199144556626747,-0.706673750560082,41.6033529231172,24.8249844766772
-0.0455450601397206,-0.15038307688391,41.6033529231172,24.8249844766772
-0.295980622135729,-0.0112405983197556,41.6033529231172,24.8249844766772
-0.411258648303393,-0.119871389460285,41.6033529231172,24.8249844766772
-0.256221602814371,-0.314799930651731,41.6033529231172,24.8249844766772
0.135817422974052,-0.370815591089613,41.6033529231172,24.8249844766772
0.392875430319361,-0.197469244093686,41.6033529231172,24.8249844766772
0.269081962015968,-0.128906373574338,41.6033529231172,24.8249844766772
-0.1884997949501,-0.27404942194501,41.6033529231172,24.8249844766772
-0.43155814760479,-0.362221186558045,41.6033529231172,24.8249844766772
-0.394775576606786,-0.0519662856415479,41.6033529231172,24.8249844766772
-0.314387124650699,0.321148772606925,41.6033529231172,24.8249844766772
-0.045989397005988,0.567265214867617,41.6033529231172,24.8249844766772
0.269903680878244,0.583684560997963,41.6033529231172,24.8249844766772
0.305487151017964,0.592924321537678,41.6033529231172,24.8249844766772
0.0752963070658682,0.315954897810591,41.6033529231172,24.8249844766772
-0.338989996067864,-0.0846870763238289,41.6033529231172,24.8249844766772
-0.42374877500998,-0.321247285386965,41.6033529231172,24.8249844766772
-0.252179963373253,-0.154931595672098,41.6033529231172,24.8249844766772
-0.0876048922754491,0.308198215020367,41.6033529231172,24.8249844766772
-0.0107650484431138,0.848696282535641,41.6033529231172,24.8249844766772
0.0805127001397205,0.95951756089613,41.6033529231172,24.8249844766772
0.14567196251497,0.538950220010183,41.6033529231172,24.8249844766772
-0.0356905205988024,-0.184258061965377,41.6033529231172,24.8249844766772
-0.206936731497006,-0.730229244857434,41.6033529231172,24.8249844766772
-0.291707684051896,-0.62873460188391,41.6033529231172,24.8249844766772
-0.193935313053892,-0.0608647521384929,41.6033529231172,24.8249844766772
0.0461770253093812,0.427036800712831,41.6033529231172,24.8249844766772
0.220320556047904,0.728070557128309,41.6033529231172,24.8249844766772
0.246439042255489,0.715039330040733,41.6033529231172,24.8249844766772
0.145970216027944,0.312064145723014,41.6033529231172,24.8249844766772
-0.0538352904391218,-0.272237460845214,41.6033529231172,24.8249844766772
-0.16337954499002,-0.648331085285132,41.6033529231172,24.8249844766772
-0.150609425189621,-0.756397189918534,41.6033529231172,24.8249844766772
0.0420501705788423,-0.343915415173116,41.6033529231172,24.8249844766772
0.346986996966068,0.20342094389002,41.6033529231172,24.8249844766772
0.365119593193613,0.488786201069246,41.6033529231172,24.8249844766772
0.213369423153693,-0.017762417209776,41.6033529231172,24.8249844766772
0.132494026686627,-0.521717200763748,41.6033529231172,24.8249844766772
-0.0786755473053892,-0.93951075188391,41.6033529231172,24.8249844766772
-0.246135764630739,-1.14717886889002,41.6033529231172,24.8249844766772
-0.236080360479042,-1.09613369078411,41.6033529231172,24.8249844766772
0.0720824732934132,-0.684762673014257,41.6033529231172,24.8249844766772
0.396442298862275,-0.052351017107943,41.6033529231172,24.8249844766772
0.374529795868263,0.397275960183299,41.6033529231172,24.8249844766772
0.0282574673053892,0.261347850967413,41.6033529231172,24.8249844766772
-0.292194628562874,-0.481562405295316,41.6033529231172,24.8249844766772
-0.348205420938124,-0.94107449913442,41.6033529231172,24.8249844766772
-0.21278615243513,-0.954918626578412,41.6033529231172,24.8249844766772
-0.0925960735129741,-0.499793712525458,41.6033529231172,24.8249844766772
0.000970314271457086,0.00989481094704684,41.6033529231172,24.8249844766772
0.148465806646707,0.552235866293279,41.6033529231172,24.8249844766772
0.173172153772455,0.774815430295316,41.6033529231172,24.8249844766772
-0.00228004033932136,0.707506039714868,41.6033529231172,24.8249844766772
-0.372187438103792,0.213343292515275,41.6033529231172,24.8249844766772
-0.569132145568862,-0.395655592057026,41.6033529231172,24.8249844766772
-0.309408117025948,-0.4398873,41.6033529231172,24.8249844766772
0.0569993670658683,0.0855193654786151,41.6033529231172,24.8249844766772
0.111671062035928,0.363655394297352,41.6033529231172,24.8249844766772
0.00946140918163673,0.393844403716904,41.6033529231172,24.8249844766772
-0.112865138782435,0.222986400560081,41.6033529231172,24.8249844766772
-0.127284783113772,0.0362613270875764,41.6033529231172,24.8249844766772
-0.170239375788423,-0.14952673910387,41.6033529231172,24.8249844766772
-0.207618453812375,-0.218126841700611,41.6033529231172,24.8249844766772
-0.136390645469062,-0.11601166410387,41.6033529231172,24.8249844766772
-0.137620180359281,-0.0454879041751527,41.6033529231172,24.8249844766772
-0.0996750293413173,0.0909552487780041,41.6033529231172,24.8249844766772
0.0144586772255489,0.251388270264766,41.6033529231172,24.8249844766772
0.0600488570658683,0.347868993482688,41.6033529231172,24.8249844766772
-0.0264385748902196,0.245015379684318,41.6033529231172,24.8249844766772
0.0123587290219561,-0.0843581929735234,41.6033529231172,24.8249844766772
0.0841343499401198,-0.433886730193483,41.6033529231172,24.8249844766772
0.105462519520958,-0.498242375967413,41.6033529231172,24.8249844766772
0.0494517271457086,-0.348110229226069,41.6033529231172,24.8249844766772
-0.147127771936128,-0.278417985692464,41.6033529231172,24.8249844766772
-0.147182553193613,-0.0255501267311609,41.6033529231172,24.8249844766772
0.115189236127744,0.216117082281059,41.6033529231172,24.8249844766772
0.342093204630738,0.313578250203666,41.6033529231172,24.8249844766772
0.351734705948104,-0.0652519319246436,41.6033529231172,24.8249844766772
0.221793563193613,-0.565353195468432,41.6033529231172,24.8249844766772
0.105346870199601,-0.727418223014257,41.6033529231172,24.8249844766772
0.0722042094211577,-0.195235319450102,41.6033529231172,24.8249844766772
0.0964236120359281,0.453533629124236,41.6033529231172,24.8249844766772
0.122937740658683,0.59796926802444,41.6033529231172,24.8249844766772
0.231903748602794,0.350022248625255,41.6033529231172,24.8249844766772
0.346013107944112,0.0338164206720978,41.6033529231172,24.8249844766772
0.353244233932136,-0.0326242214358452,41.6033529231172,24.8249844766772
0.166823614710579,0.00473816822810591,41.6033529231172,24.8249844766772
-0.0317584436726547,-0.0185380854887984,41.6033529231172,24.8249844766772
-0.0937647403393214,0.0609834264765784,41.6033529231172,24.8249844766772
-0.0388860939520958,0.331660629124236,41.6033529231172,24.8249844766772
0.0755336925149701,0.618111821894094,41.6033529231172,24.8249844766772
0.185467502674651,0.641220531262729,41.6033529231172,24.8249844766772
0.254668404491018,0.217029268177189,41.6033529231172,24.8249844766772
0.113649274111776,-0.135173773268839,41.6033529231172,24.8249844766772
-0.094160382754491,-0.220280096843177,41.6033529231172,24.8249844766772
-0.288822537824351,-0.122254242413442,41.6033529231172,24.8249844766772
-0.277975848842315,-0.00180847204684318,41.6033529231172,24.8249844766772
-0.0494040953892216,0.337561913391039,41.6033529231172,24.8249844766772
0.216053704770459,0.264667711201629,41.6033529231172,24.8249844766772
0.425920702195609,0.303854472657841,41.6033529231172,24.8249844766772
0.370603805748503,0.224736308197556,41.6033529231172,24.8249844766772
0.000836404530938125,-0.237468905906314,41.6033529231172,24.8249844766772
-0.361468572055888,-0.761653118177189,41.6033529231172,24.8249844766772
-0.532921734371257,-0.849886936252546,41.6033529231172,24.8249844766772
-0.126968269181637,-0.320943223421589,41.6033529231172,24.8249844766772
0.199047167724551,0.280013532433809,41.6033529231172,24.8249844766772
0.248143348043912,0.352814654429735,41.6033529231172,24.8249844766772
0.246645993672655,-0.104544184266802,41.6033529231172,24.8249844766772
0.0650643855289421,-0.654375092515275,41.6033529231172,24.8249844766772
-0.217777333672655,-1.06134651980652,41.6033529231172,24.8249844766772
-0.379016834870259,-0.712463338594705,41.6033529231172,24.8249844766772
-0.512804839261477,-0.408401373217923,41.6033529231172,24.8249844766772
-0.432866810978044,-0.196501210081466,41.6033529231172,24.8249844766772
-0.0603542600798403,0.0200901948065173,41.6033529231172,24.8249844766772
0.398968323512974,0.0893852961812627,41.6033529231172,24.8249844766772
0.354577244530938,-0.0291492275458248,41.6033529231172,24.8249844766772
0.1910186700998,-0.358702755244399,41.6033529231172,24.8249844766772
0.0253844946906188,-0.601784783197556,41.6033529231172,24.8249844766772
-0.212627895469062,-0.593333101629328,41.6033529231172,24.8249844766772
-0.203509859500998,-0.128093473217923,41.6033529231172,24.8249844766772
-0.0493797481636727,0.13021026904277,41.6033529231172,24.8249844766772
0.382716550459082,0.362600485437882,41.6033529231172,24.8249844766772
0.599175559201597,0.289371194551935,41.6033529231172,24.8249844766772
0.556123577624751,0.149533717209776,41.6033529231172,24.8249844766772
0.163780211516966,-0.21277162790224,41.6033529231172,24.8249844766772
0.0488491333133733,-0.253224279989817,41.6033529231172,24.8249844766772
0.105425998682635,-0.395270860590631,41.6033529231172,24.8249844766772
0.196819396586826,-0.230618203665988,41.6033529231172,24.8249844766772
-0.0086042321756487,-0.271139114562118,41.6033529231172,24.8249844766772
0.0435840457884231,-0.108856899898167,41.6033529231172,24.8249844766772
0.183458856566866,0.19550292209776,41.6033529231172,24.8249844766772
0.398597028323353,0.276712288238289,41.6033529231172,24.8249844766772
0.330570880139721,-0.084066541700611,41.6033529231172,24.8249844766772
0.0545281236726547,-0.642404979633401,41.6033529231172,24.8249844766772
-0.18483553750499,-0.970853955702648,41.6033529231172,24.8249844766772
-0.268370868363273,-0.769453238391039,41.6033529231172,24.8249844766772
-0.00114789435129741,0.0480949223523422,41.6033529231172,24.8249844766772
-0.0202543796007984,0.358883483044807,41.6033529231172,24.8249844766772
0.102327814231537,0.194547298778004,41.6033529231172,24.8249844766772
0.350060834191617,-0.133709311558045,41.6033529231172,24.8249844766772
0.346140930878243,-0.514339044093686,41.6033529231172,24.8249844766772
0.231635929121756,-0.664086459368635,41.6033529231172,24.8249844766772
0.0278253040518962,-0.428072320773931,41.6033529231172,24.8249844766772
-0.175881845309381,0.152617774287169,41.6033529231172,24.8249844766772
-0.258321551017964,0.776770114358452,41.6033529231172,24.8249844766772
-0.087872711756487,0.967274243686354,41.6033529231172,24.8249844766772
0.100860893892216,0.676094577087576,41.6033529231172,24.8249844766772
0.444321117904192,0.182744730244399,41.6033529231172,24.8249844766772
0.622506288083832,-0.286770381720978,41.6033529231172,24.8249844766772
0.169988754031936,-0.500302550916497,41.6033529231172,24.8249844766772
-0.366161499780439,-0.328706111558045,41.6033529231172,24.8249844766772
-0.528721837964072,0.292672438747454,41.6033529231172,24.8249844766772
-0.314618423293413,0.980547479276986,41.6033529231172,24.8249844766772
-0.104094050778443,1.09090956201629,41.6033529231172,24.8249844766772
0.0924671878842315,0.745321419653768,41.6033529231172,24.8249844766772
