-1.30682264566866,-0.217338762729124,100.413610624056,26.6431847519859
-1.62216182417166,0.595114808757637,100.413610624056,26.6431847519859
-1.52221037648703,0.732401888798371,100.413610624056,26.6431847519859
-0.484963786846307,1.04481625020367,100.413610624056,26.6431847519859
-0.313364541177645,0.213808693482688,100.413610624056,26.6431847519859
-0.298037962694611,-1.03771035600815,100.413610624056,26.6431847519859
-0.285900870758483,-1.83071637240326,100.413610624056,26.6431847519859
-0.486759394730539,-1.06425682718941,100.413610624056,26.6431847519859
-0.662351585389222,0.241912706568228,100.413610624056,26.6431847519859
-0.889012081636727,0.626011227647658,100.413610624056,26.6431847519859
-0.330851935928144,1.19527728029532,100.413610624056,26.6431847519859
0.12603592510978,1.582509501222,100.413610624056,26.6431847519859
0.00991183285429141,0.575716896435845,100.413610624056,26.6431847519859
0.543389978662675,0.333280224490835,100.413610624056,26.6431847519859
0.771852169600798,0.43213138996945,100.413610624056,26.6431847519859
0.803613125329341,-1.30592403620163,100.413610624056,26.6431847519859
1.10889081287425,-1.76251341196538,100.413610624056,26.6431847519859
0.90688188249501,-1.66574724282077,100.413610624056,26.6431847519859
0.977750569261477,-0.702460320468432,100.413610624056,26.6431847519859
0.361625766327345,0.0224420210285132,100.413610624056,26.6431847519859
0.528014705728543,1.33183212948065,100.413610624056,26.6431847519859
0.326529240698603,0.875248959063136,100.413610624056,26.6431847519859
0.395358847325349,-0.206162934164969,100.413610624056,26.6431847519859
0.262282999281437,-0.895533463136456,100.413610624056,26.6431847519859
-0.435125016147705,-1.33326479170061,100.413610624056,26.6431847519859
-0.302639588323353,-0.249761696792261,100.413610624056,26.6431847519859
-0.531673939061876,1.13766684587576,100.413610624056,26.6431847519859
-0.846416610538922,1.84556653869654,100.413610624056,26.6431847519859
-1.58994435796407,1.59321992881874,100.413610624056,26.6431847519859
-2.16137374159681,2.15969978100815,100.413610624056,26.6431847519859
-2.56488031061876,1.53179941181263,100.413610624056,26.6431847519859
-2.5374166401996,0.897122804531568,100.413610624056,26.6431847519859
-2.14517066299401,0.583212954684318,100.413610624056,26.6431847519859
-1.49159982716567,0.762876344144603,100.413610624056,26.6431847519859
-1.95153717820359,0.373937653004073,100.413610624056,26.6431847519859
-1.88203802287425,0.756038052596741,100.413610624056,26.6431847519859
-1.4759080402994,0.364790972657841,100.413610624056,26.6431847519859
-1.68927495139721,1.430168251222,100.413610624056,26.6431847519859
-0.77494532994012,1.18305895356415,100.413610624056,26.6431847519859
-0.174719265289421,0.239511237576375,100.413610624056,26.6431847519859
-0.0221656368063872,-0.719487790529532,100.413610624056,26.6431847519859
0.708847636686627,0.806828811507128,100.413610624056,26.6431847519859
0.286910217924152,1.60039330906314,100.413610624056,26.6431847519859
1.47818344319361,0.241143243635438,100.413610624056,26.6431847519859
1.70025448742515,-0.414284041446028,100.413610624056,26.6431847519859
2.72695264159681,-1.97532576099796,100.413610624056,26.6431847519859
2.24285675600798,0.0911414091649694,100.413610624056,26.6431847519859
1.9428563296008,-0.170159515325866,100.413610624056,26.6431847519859
2.48729681371257,-0.301818346334012,100.413610624056,26.6431847519859
1.92438287221557,-2.27053269730143,100.413610624056,26.6431847519859
1.23193560399202,-1.04546083345214,100.413610624056,26.6431847519859
0.897745586107784,-0.392894212983707,100.413610624056,26.6431847519859
0.843639964131736,-0.70869048808554,100.413610624056,26.6431847519859
0.874165298163673,-1.13859687505092,100.413610624056,26.6431847519859
0.141088597305389,-1.7419426892057,100.413610624056,26.6431847519859
-0.618672662754491,-1.8138316253055,100.413610624056,26.6431847519859
-0.00643124229540919,-0.274136296792261,100.413610624056,26.6431847519859
0.014623020998004,0.59463699709776,100.413610624056,26.6431847519859
-0.857293733552894,-0.0412062152749491,100.413610624056,26.6431847519859
-0.985165362135728,-0.347042909674134,100.413610624056,26.6431847519859
-0.537529446806387,2.36026898192464,100.413610624056,26.6431847519859
-0.768335058203593,2.20470095188391,100.413610624056,26.6431847519859
-0.433207672135729,1.75466442174134,100.413610624056,26.6431847519859
0.0668721670259481,-0.335575429837067,100.413610624056,26.6431847519859
0.413540138003992,-0.25180946104888,100.413610624056,26.6431847519859
1.00877502141717,-0.220410409114053,100.413610624056,26.6431847519859
1.46091517347305,1.34998276720978,100.413610624056,26.6431847519859
1.27793359986028,1.77879080789206,100.413610624056,26.6431847519859
1.3778424399002,0.80466935101833,100.413610624056,26.6431847519859
1.16905280720559,-0.114286577851324,100.413610624056,26.6431847519859
0.804550493512974,-0.0347960926171079,100.413610624056,26.6431847519859
1.03075447928144,0.204885405600815,100.413610624056,26.6431847519859
0.941546244870259,0.166362616191446,100.413610624056,26.6431847519859
0.491226047924152,-0.142508492515275,100.413610624056,26.6431847519859
-0.0228534459281437,-0.876147961507128,100.413610624056,26.6431847519859
-0.344766375329341,-2.30162148192464,100.413610624056,26.6431847519859
-0.265035298463074,-1.59630941848269,100.413610624056,26.6431847519859
-0.836963800219561,-0.694114129786151,100.413610624056,26.6431847519859
-1.63154767962076,-0.375066253258656,100.413610624056,26.6431847519859
-1.94222436443114,-0.16629978996945,100.413610624056,26.6431847519859
-2.04670439606786,-0.605880311710794,100.413610624056,26.6431847519859
-1.69166706630739,-0.959423707942974,100.413610624056,26.6431847519859
-1.88257366183633,-1.28606072291242,100.413610624056,26.6431847519859
-2.53626014698603,-0.750297334572301,100.413610624056,26.6431847519859
-2.57573917321357,-0.244822241191446,100.413610624056,26.6431847519859
-1.72767661289421,0.985642068533605,100.413610624056,26.6431847519859
-1.35211457199601,2.41831379058045,100.413610624056,26.6431847519859
-1.60343880772455,2.35505028574338,100.413610624056,26.6431847519859
-1.3028966555489,2.51453388925662,100.413610624056,26.6431847519859
-1.45946148944112,2.13704406191446,100.413610624056,26.6431847519859
-1.30738263185629,1.19093353793279,100.413610624056,26.6431847519859
-0.550080441576846,0.770434455855397,100.413610624056,26.6431847519859
0.106101634191617,1.50960909368635,100.413610624056,26.6431847519859
0.652252510898204,3.61321526104888,100.413610624056,26.6431847519859
0.442768982275449,3.72115105341141,100.413610624056,26.6431847519859
0.313619124351297,3.47445130860489,100.413610624056,26.6431847519859
0.515926308243513,2.02657028294297,100.413610624056,26.6431847519859
1.69853192121756,1.21700840280041,100.413610624056,26.6431847519859
2.0684088849501,1.17470035218941,100.413610624056,26.6431847519859
2.00560521664671,0.876328689307536,100.413610624056,26.6431847519859
1.86334437776447,0.899772487372709,100.413610624056,26.6431847519859
2.39101571027944,1.06912879674134,100.413610624056,26.6431847519859
3.01451772255489,1.0675588441446,100.413610624056,26.6431847519859
2.34731852722555,-0.483231643431772,100.413610624056,26.6431847519859
1.57441585217565,-1.05579273492872,100.413610624056,26.6431847519859
1.20982223638723,-0.706543438289206,100.413610624056,26.6431847519859
1.56978987932136,0.236687805040733,100.413610624056,26.6431847519859
2.05174320906188,1.16207867795316,100.413610624056,26.6431847519859
1.13979961570858,1.04786307520367,100.413610624056,26.6431847519859
0.0137891285229541,-0.502859153564155,100.413610624056,26.6431847519859
-0.52455846239521,-1.01265937326884,100.413610624056,26.6431847519859
-0.652752691716567,0.774703734063136,100.413610624056,26.6431847519859
-0.312183700738523,0.938754472403259,100.413610624056,26.6431847519859
-0.873715937185629,0.0289576345723014,100.413610624056,26.6431847519859
-1.27108091856287,0.27190314490835,100.413610624056,26.6431847519859
-1.34426867856287,1.1932109,100.413610624056,26.6431847519859
-1.38712588233533,1.8513437160387,100.413610624056,26.6431847519859
-1.13061568756487,1.48619011700611,100.413610624056,26.6431847519859
-1.05005071822355,-0.521686174032587,100.413610624056,26.6431847519859
-0.262083197365269,-1.74658428818737,100.413610624056,26.6431847519859
-0.213096579560878,-1.03959678126273,100.413610624056,26.6431847519859
0.393563239441118,0.67191837907332,100.413610624056,26.6431847519859
0.883922448802395,1.3839260110998,100.413610624056,26.6431847519859
1.45034847758483,-0.555728703462322,100.413610624056,26.6431847519859
1.78778885007984,-2.43347888401222,100.413610624056,26.6431847519859
1.61917822634731,-2.26889448589613,100.413610624056,26.6431847519859
2.06522548520958,-0.864066152393075,100.413610624056,26.6431847519859
2.34489597828343,-0.330065082382892,100.413610624056,26.6431847519859
2.16990638145709,-1.34184058019348,100.413610624056,26.6431847519859
1.66000852359281,-1.56697674684318,100.413610624056,26.6431847519859
1.72071224369261,-1.49452312423625,100.413610624056,26.6431847519859
1.42209960914172,-0.175843612474542,100.413610624056,26.6431847519859
0.996966617025948,-1.22710372836049,100.413610624056,26.6431847519859
0.695395794570858,-1.72281781211813,100.413610624056,26.6431847519859
0.143724184471058,-1.7659884058554,100.413610624056,26.6431847519859
-0.0619672637724551,-1.25800635259674,100.413610624056,26.6431847519859
-0.369198816167665,-0.465744977749491,100.413610624056,26.6431847519859
-0.672851326407185,-0.676404071639511,100.413610624056,26.6431847519859
-1.07744743377245,-0.748001356466395,100.413610624056,26.6431847519859
-0.939319536427146,-1.35248274898167,100.413610624056,26.6431847519859
-1.48432000672655,-0.0495399952647658,100.413610624056,26.6431847519859
-1.30643309005988,0.90492913009165,100.413610624056,26.6431847519859
-1.42619709253493,1.69122096186354,100.413610624056,26.6431847519859
-1.63680668033932,0.818246648574338,100.413610624056,26.6431847519859
-2.21453590858283,-1.03964642403259,100.413610624056,26.6431847519859
-2.32156631209581,-1.7561157,100.413610624056,26.6431847519859
-1.40592802726547,-0.177357716955193,100.413610624056,26.6431847519859
-0.595841051996008,1.77302604124236,100.413610624056,26.6431847519859
-0.964604130159681,2.14723944577393,100.413610624056,26.6431847519859
-1.58488622185629,1.81267199831976,100.413610624056,26.6431847519859
-1.07332057904192,1.67107840799389,100.413610624056,26.6431847519859
-0.855388563153693,1.27751052856415,100.413610624056,26.6431847519859
-1.1615731848503,0.970376916802444,100.413610624056,26.6431847519859
-1.04015965784431,0.984165196130346,100.413610624056,26.6431847519859
-0.341284722075848,1.12885525422607,100.413610624056,26.6431847519859
0.523492208582834,0.581096931619145,100.413610624056,26.6431847519859
0.653104663792415,0.686488532026476,100.413610624056,26.6431847519859
0.743889381057884,0.340993469857434,100.413610624056,26.6431847519859
0.169130514331337,-0.169824426629328,100.413610624056,26.6431847519859
0.407581154550898,-0.24546139185336,100.413610624056,26.6431847519859
0.763586286526946,0.348923902342159,100.413610624056,26.6431847519859
0.888627550139721,0.464802537881874,100.413610624056,26.6431847519859
1.17473788437126,0.645235390274949,100.413610624056,26.6431847519859
1.16817630708583,-0.24164510392057,100.413610624056,26.6431847519859
1.10689434037924,-2.36165820672098,100.413610624056,26.6431847519859
1.11727843207585,-2.60413831608961,100.413610624056,26.6431847519859
0.963775261796407,-0.536206684215886,100.413610624056,26.6431847519859
1.07971674986028,1.45544262642566,100.413610624056,26.6431847519859
0.481438463253493,2.14143124170061,100.413610624056,26.6431847519859
0.810917292994012,2.12771122118126,100.413610624056,26.6431847519859
0.819426648323353,0.932462251323829,100.413610624056,26.6431847519859
-0.186752881516966,-0.776955501985743,100.413610624056,26.6431847519859
-0.434771981377245,-0.204648829684318,100.413610624056,26.6431847519859
-0.895044106766467,-0.00488011843177189,100.413610624056,26.6431847519859
-0.513876117185629,0.551211984164969,100.413610624056,26.6431847519859
-0.92978759762475,0.318840383808554,100.413610624056,26.6431847519859
-1.39898298117764,0.964630766191446,100.413610624056,26.6431847519859
-1.30177668317365,0.72200793385947,100.413610624056,26.6431847519859
-1.65214543243513,0.358684911965377,100.413610624056,26.6431847519859
-1.41919726518962,0.476102473370672,100.413610624056,26.6431847519859
-2.46809400225549,-0.230065927851324,100.413610624056,26.6431847519859
-2.09195980155689,0.318821767769857,100.413610624056,26.6431847519859
-1.10013296117764,0.478925905906314,100.413610624056,26.6431847519859
-0.432580731077844,-0.24033577586558,100.413610624056,26.6431847519859
0.0596532146506986,-0.153554008808554,100.413610624056,26.6431847519859
-0.33509443998004,-0.217593181924644,100.413610624056,26.6431847519859
-0.60983461988024,0.169508726731161,100.413610624056,26.6431847519859
-0.749259006986028,0.0318307098778004,100.413610624056,26.6431847519859
0.141423371656687,-0.380433877749491,100.413610624056,26.6431847519859
0.731867938443114,-0.586643738391039,100.413610624056,26.6431847519859
0.659337553532934,-0.736267046741344,100.413610624056,26.6431847519859
0.477707250938124,-0.587264273014257,100.413610624056,26.6431847519859
1.24233795610778,-1.33418938828921,100.413610624056,26.6431847519859
0.792699481477046,-2.52951902764766,100.413610624056,26.6431847519859
0.490471283932136,-2.03500878105906,100.413610624056,26.6431847519859
0.706084226586826,-0.3345019049389,100.413610624056,26.6431847519859
-0.701982781776447,-0.535350346435845,100.413610624056,26.6431847519859
-0.573131177365269,-0.293261173879837,100.413610624056,26.6431847519859
0.208950401716567,-1.24894034175153,100.413610624056,26.6431847519859
0.622068038023952,-1.78098672769857,100.413610624056,26.6431847519859
0.303417636846307,-1.00635474149695,100.413610624056,26.6431847519859
-1.07933434375249,-1.48483657876782,100.413610624056,26.6431847519859
-0.400637171157685,-2.79435699949084,100.413610624056,26.6431847519859
-0.351206216487026,-2.02002907525458,100.413610624056,26.6431847519859
-0.346306337345309,-1.6010937404277,100.413610624056,26.6431847519859
-0.134381999361277,-0.318405236812627,100.413610624056,26.6431847519859
0.176185122934132,-0.560786060641548,100.413610624056,26.6431847519859
0.924734485628742,-0.716956009266802,100.413610624056,26.6431847519859
0.443274187205589,-0.718184667820774,100.413610624056,26.6431847519859
-0.267798708562874,-0.779704470366599,100.413610624056,26.6431847519859
-0.737018439341317,0.435289911201629,100.413610624056,26.6431847519859
-0.588841224650699,0.0447192140020367,100.413610624056,26.6431847519859
-0.0279115820359281,-0.942886460234216,100.413610624056,26.6431847519859
0.0872142739720559,-1.25684595285132,100.413610624056,26.6431847519859
0.387829467824351,0.161764454633401,100.413610624056,26.6431847519859
1.02839888520958,1.19464433497963,100.413610624056,26.6431847519859
0.118798712315369,0.377449878971487,100.413610624056,26.6431847519859
-0.516998648862275,-0.661939409572301,100.413610624056,26.6431847519859
-0.908800289201597,-0.922427433706721,100.413610624056,26.6431847519859
-0.917364425788423,0.0840735198065173,100.413610624056,26.6431847519859
-0.698574170199601,0.619365301832994,100.413610624056,26.6431847519859
-0.802725514291417,0.215204896384929,100.413610624056,26.6431847519859
0.696540114171657,0.158860352596741,100.413610624056,26.6431847519859
0.349561716067864,0.295576540784114,100.413610624056,26.6431847519859
-0.18233386007984,0.165493867718941,100.413610624056,26.6431847519859
-0.142526146307385,0.296966538340122,100.413610624056,26.6431847519859
-0.581427494471058,-0.416573814205703,100.413610624056,26.6431847519859
-0.59557323251497,-1.86274836965377,100.413610624056,26.6431847519859
0.152970043373253,-1.44573048681263,100.413610624056,26.6431847519859
0.877074791616766,0.50428715595723,100.413610624056,26.6431847519859
1.04574019660679,1.87187100137475,100.413610624056,26.6431847519859
0.813595487804391,1.740944401222,100.413610624056,26.6431847519859
0.90876879247505,0.0609896318228106,100.413610624056,26.6431847519859
0.441435971676647,-1.41806084796334,100.413610624056,26.6431847519859
0.57593613241517,-0.680437546690428,100.413610624056,26.6431847519859
0.0919254621157685,-0.58066798996945,100.413610624056,26.6431847519859
0.320077225928144,0.331462058044807,100.413610624056,26.6431847519859
0.810028619261477,1.13742483737271,100.413610624056,26.6431847519859
1.69250598289421,2.04384596685336,100.413610624056,26.6431847519859
0.790307366566866,1.60602155809572,100.413610624056,26.6431847519859
-0.390070475269461,0.0884482889002037,100.413610624056,26.6431847519859
-0.385523630898204,-1.80820958161914,100.413610624056,26.6431847519859
-0.593266332894211,-2.35370295285132,100.413610624056,26.6431847519859
-1.01036474057884,-1.14016682764766,100.413610624056,26.6431847519859
-0.726050014231537,2.11597691145621,100.413610624056,26.6431847519859
-0.269509101157685,3.12950231690428,100.413610624056,26.6431847519859
-0.0395312954291417,2.13808035473523,100.413610624056,26.6431847519859
-0.165315149421158,-0.823675553767821,100.413610624056,26.6431847519859
-0.219591201976048,-2.8273260040224,100.413610624056,26.6431847519859
-0.46861462489022,-2.60292206822811,100.413610624056,26.6431847519859
-0.406267467065868,-1.4075241700611,100.413610624056,26.6431847519859
0.491518214630739,-0.23985175885947,100.413610624056,26.6431847519859
0.423699017864271,-0.730942859674134,100.413610624056,26.6431847519859
1.168760640499,0.151581481466395,100.413610624056,26.6431847519859
1.56209006924152,0.211804366649695,100.413610624056,26.6431847519859
1.4662776499002,-1.11021362138493,100.413610624056,26.6431847519859
1.23622071568862,-3.15575636405295,100.413610624056,26.6431847519859
0.898189922974052,-3.35512793314664,100.413610624056,26.6431847519859
1.24911865842315,-1.81430943696538,100.413610624056,26.6431847519859
1.2743971653493,0.439801197912424,100.413610624056,26.6431847519859
0.813492012095808,1.70692048783096,100.413610624056,26.6431847519859
0.102705196227545,0.173281577240326,100.413610624056,26.6431847519859
-0.0976116019760479,-1.37839627484725,100.413610624056,26.6431847519859
-0.192066663493014,-2.17170635320774,100.413610624056,26.6431847519859
-0.816426915469062,-1.46770361782077,100.413610624056,26.6431847519859
-1.9400513745509,-2.37406889918534,100.413610624056,26.6431847519859
-1.77705278630739,-1.54680316624236,100.413610624056,26.6431847519859
-1.98318857141717,0.155757679480652,100.413610624056,26.6431847519859
-1.75710632177645,1.11983268080448,100.413610624056,26.6431847519859
-1.49195286193613,0.798594317057026,100.413610624056,26.6431847519859
-1.74834132057884,-0.829769203767821,100.413610624056,26.6431847519859
-1.79383411151697,-1.90519293788187,100.413610624056,26.6431847519859
-1.74271711147705,-1.54056679327902,100.413610624056,26.6431847519859
-1.4720490050499,-0.277127273676171,100.413610624056,26.6431847519859
-0.621624763852295,-0.00734364088594705,100.413610624056,26.6431847519859
-0.478213518562874,-0.202644502851324,100.413610624056,26.6431847519859
0.138976475489022,1.10285485351324,100.413610624056,26.6431847519859
0.365083072355289,2.31559669439919,100.413610624056,26.6431847519859
0.905007146127745,2.35970429541752,100.413610624056,26.6431847519859
0.736128702914172,0.714741473421589,100.413610624056,26.6431847519859
0.251113709560878,-0.761293208095723,100.413610624056,26.6431847519859
0.843792134291417,-0.540904131313646,100.413610624056,26.6431847519859
1.56299700339321,0.139183199694501,100.413610624056,26.6431847519859
2.40129632626746,0.818290085997963,100.413610624056,26.6431847519859
2.75332677367265,1.6290806246945,100.413610624056,26.6431847519859
2.49973824596806,2.13992334256619,100.413610624056,26.6431847519859
2.36433115107784,1.96382182184318,100.413610624056,26.6431847519859
1.56590041003992,1.05809569114053,100.413610624056,26.6431847519859
1.9345660993014,-0.678420809164969,100.413610624056,26.6431847519859
2.02461431299401,-2.47715831614053,100.413610624056,26.6431847519859
2.33688574107784,-1.66377394271894,100.413610624056,26.6431847519859
2.62544905828343,0.601624216955193,100.413610624056,26.6431847519859
1.98603613411178,0.79373553095723,100.413610624056,26.6431847519859
2.06300988768463,0.15617964302444,100.413610624056,26.6431847519859
1.21550122674651,-1.64844053217923,100.413610624056,26.6431847519859
1.04706103359281,-2.01924720162933,100.413610624056,26.6431847519859
0.320162441217565,-0.811581333961303,100.413610624056,26.6431847519859
0.110861516786427,0.305647817718941,100.413610624056,26.6431847519859
0.103520828283433,1.40780418340122,100.413610624056,26.6431847519859
-0.596577555568862,1.40962855519348,100.413610624056,26.6431847519859
-0.949283638483034,1.41585251746436,100.413610624056,26.6431847519859
-1.95430667510978,0.472490961863544,100.413610624056,26.6431847519859
-2.46019332756487,0.166188866496945,100.413610624056,26.6431847519859
-2.50841909457086,0.125543848676171,100.413610624056,26.6431847519859
-3.27164374746507,0.0132270818737271,100.413610624056,26.6431847519859
-2.68573385143713,0.940771209928717,100.413610624056,26.6431847519859
-1.93849315211577,2.2205494061609,100.413610624056,26.6431847519859
-1.97178798305389,2.86553929887984,100.413610624056,26.6431847519859
-2.64400879365269,1.63706069994908,100.413610624056,26.6431847519859
-2.5097825392016,-0.836936378665988,100.413610624056,26.6431847519859
-2.72574851662675,-2.37908902428717,100.413610624056,26.6431847519859
-2.04529834379242,-2.08400619490835,100.413610624056,26.6431847519859
-0.934024014870259,0.212387669195519,100.413610624056,26.6431847519859
-0.367640593732535,0.998648474236252,100.413610624056,26.6431847519859
0.181139783333333,1.8391378,100.413610624056,26.6431847519859
0.488937408722555,1.74737934526477,100.413610624056,26.6431847519859
0.647078725469062,1.21204412581466,100.413610624056,26.6431847519859
0.0441866396207585,-0.780746968533605,100.413610624056,26.6431847519859
0.0143612883233533,-2.01466765610998,100.413610624056,26.6431847519859
0.168643569820359,-2.20672312199593,100.413610624056,26.6431847519859
0.705390330658683,-0.895297659979633,100.413610624056,26.6431847519859
-0.249002650439122,-0.0693226390529531,100.413610624056,26.6431847519859
0.708640685269461,2.10529751059063,100.413610624056,26.6431847519859
0.214854603912176,0.838916656873727,100.413610624056,26.6431847519859
-0.56979560746507,-0.730173396741344,100.413610624056,26.6431847519859
-1.03712842826347,-1.71850509648676,100.413610624056,26.6431847519859
-1.06306431027944,-1.84140197861507,100.413610624056,26.6431847519859
-0.910102865768463,-1.74469786293279,100.413610624056,26.6431847519859
-1.01583069271457,-0.348724558503055,100.413610624056,26.6431847519859
-0.509584918682635,1.11679826649694,100.413610624056,26.6431847519859
0.0989983311377245,0.71964369694501,100.413610624056,26.6431847519859
0.43344399489022,-0.0311349383401222,100.413610624056,26.6431847519859
0.372429847664671,-1.21730548665988,100.413610624056,26.6431847519859
0.045495302994012,-2.7589058564664,100.413610624056,26.6431847519859
0.335829880858283,-0.810265800560081,100.413610624056,26.6431847519859
0.327046619241517,0.447694398319756,100.413610624056,26.6431847519859
0.0854551869261477,0.172760328156823,100.413610624056,26.6431847519859
0.527655584151697,0.10956508212831,100.413610624056,26.6431847519859
1.00507424313373,-0.242997869399185,100.413610624056,26.6431847519859
0.757450785688623,-0.941800524643585,100.413610624056,26.6431847519859
-0.00475128373253493,-1.05857273004073,100.413610624056,26.6431847519859
-0.310686346367265,0.0764161225560081,100.413610624056,26.6431847519859
-0.146233011397206,0.267391858197556,100.413610624056,26.6431847519859
0.112620603832335,1.11269653263747,100.413610624056,26.6431847519859
0.682400462934132,1.68728677235234,100.413610624056,26.6431847519859
0.478370712834331,0.161205973472505,100.413610624056,26.6431847519859
1.32405333185629,-0.518155332026477,100.413610624056,26.6431847519859
1.28774553175649,-0.897419888391039,100.413610624056,26.6431847519859
1.2172177061477,-1.25767746924644,100.413610624056,26.6431847519859
1.45671527706587,-0.139970505906314,100.413610624056,26.6431847519859
2.23296569562874,0.0427955566700611,100.413610624056,26.6431847519859
3.21922919497006,1.11130032973523,100.413610624056,26.6431847519859
3.81941265197605,0.905270424134419,100.413610624056,26.6431847519859
3.57950117822355,0.886586126629328,100.413610624056,26.6431847519859
3.22021525760479,-0.258945609215886,100.413610624056,26.6431847519859
2.52493153760479,-0.413365650203666,100.413610624056,26.6431847519859
1.55731801303393,-0.87635273793279,100.413610624056,26.6431847519859
0.65609937253493,0.258294820621181,100.413610624056,26.6431847519859
0.346810479580838,1.11595433940937,100.413610624056,26.6431847519859
0.0319399851696607,2.45026511832994,100.413610624056,26.6431847519859
-1.16151840359281,3.02226772866599,100.413610624056,26.6431847519859
-0.933585764810379,3.80693375972505,100.413610624056,26.6431847519859
-2.49436465862275,1.85308121298371,100.413610624056,26.6431847519859
-3.3270458592016,-0.271995452342159,100.413610624056,26.6431847519859
-4.05794957017964,0.37671764811609,100.413610624056,26.6431847519859
-4.36510199409182,0.322048547810591,100.413610624056,26.6431847519859
-3.98663654654691,1.38525395519348,100.413610624056,26.6431847519859
-3.46900844457086,1.88292892836049,100.413610624056,26.6431847519859
-2.75941464275449,2.86529108503055,100.413610624056,26.6431847519859
-3.10528524209581,1.85644451064155,100.413610624056,26.6431847519859
-2.8001962455489,2.01279441430754,100.413610624056,26.6431847519859
-2.19850934736527,1.0175747802444,100.413610624056,26.6431847519859
-2.31607601273453,-0.797712385132383,100.413610624056,26.6431847519859
-1.33888794171657,-0.228576644755601,100.413610624056,26.6431847519859
0.190111735948104,1.25112539638493,100.413610624056,26.6431847519859
0.39623534744511,1.85691611695519,100.413610624056,26.6431847519859
0.513735057944112,0.758607065936863,100.413610624056,26.6431847519859
0.744211981796407,-0.141645949389002,100.413610624056,26.6431847519859
1.32749846427146,-0.908651565071283,100.413610624056,26.6431847519859
0.957250205349301,-1.63437301227088,100.413610624056,26.6431847519859
0.782692771776447,-1.94120876741344,100.413610624056,26.6431847519859
1.3601176597006,-1.01218156160896,100.413610624056,26.6431847519859
1.89065587802395,0.620984897199593,100.413610624056,26.6431847519859
2.01826577393214,0.405975855600815,100.413610624056,26.6431847519859
0.718787391516966,-2.14294457342159,100.413610624056,26.6431847519859
0.801494916706587,-3.04455035422607,100.413610624056,26.6431847519859
0.876246985948104,-1.38236769643585,100.413610624056,26.6431847519859
1.08411142407186,-0.0749632987780041,100.413610624056,26.6431847519859
0.340589763453094,-0.820293640071283,100.413610624056,26.6431847519859
0.0094553223752495,-1.80473458772912,100.413610624056,26.6431847519859
0.593429613972056,-0.332528604837067,100.413610624056,26.6431847519859
0.464997999201597,0.758147870315682,100.413610624056,26.6431847519859
-0.730791636407185,-0.0355407341649694,100.413610624056,26.6431847519859
-1.4271648947505,-0.975824438034623,100.413610624056,26.6431847519859
-0.632124504870259,-1.17487953447047,100.413610624056,26.6431847519859
-0.586485630578842,0.226901974032587,100.413610624056,26.6431847519859
-0.742362655349301,0.938742061710794,100.413610624056,26.6431847519859
-1.03194855602794,0.713885135641548,100.413610624056,26.6431847519859
-1.05109764892216,0.62789765290224,100.413610624056,26.6431847519859
-0.643385096686627,1.13771028329939,100.413610624056,26.6431847519859
-1.26011249345309,0.206728393431772,100.413610624056,26.6431847519859
-1.31235555267465,-0.155260479022403,100.413610624056,26.6431847519859
-0.990978262235529,-0.503554152342159,100.413610624056,26.6431847519859
-0.218252104570858,-0.65834651410387,100.413610624056,26.6431847519859
0.2234674349501,0.291003200610998,100.413610624056,26.6431847519859
0.887191063832335,1.14513187739308,100.413610624056,26.6431847519859
0.803862684391218,0.853511631211813,100.413610624056,26.6431847519859
0.662125310858283,0.551336091089613,100.413610624056,26.6431847519859
1.29906090483034,0.787399872454175,100.413610624056,26.6431847519859
1.52014588642715,-0.464528729887984,100.413610624056,26.6431847519859
1.89267669774451,-2.16537069470468,100.413610624056,26.6431847519859
2.33959436992016,-1.64368103161914,100.413610624056,26.6431847519859
2.76120918794411,-0.0705016548370672,100.413610624056,26.6431847519859
3.01952107740519,0.86221773197556,100.413610624056,26.6431847519859
2.54286935602794,1.61375341950102,100.413610624056,26.6431847519859
2.02808379263473,0.764067770621181,100.413610624056,26.6431847519859
2.12821175770459,-0.21630246990835,100.413610624056,26.6431847519859
2.14352616257485,-0.537609092464358,100.413610624056,26.6431847519859
1.58519558628742,-0.0459967425661914,100.413610624056,26.6431847519859
0.796369825728543,-0.0272628022912424,100.413610624056,26.6431847519859
-0.187751117764471,0.701641987525458,100.413610624056,26.6431847519859
-1.3582196388024,2.35664505972505,100.413610624056,26.6431847519859
-1.75900540536926,3.42155693732179,100.413610624056,26.6431847519859
-2.2856906752495,2.68911510015275,100.413610624056,26.6431847519859
-2.43554784850299,2.2242912299389,100.413610624056,26.6431847519859
-2.43142708057884,1.29190072647658,100.413610624056,26.6431847519859
-2.37984748325349,1.31316024266802,100.413610624056,26.6431847519859
-3.72800814315369,1.64569854190428,100.413610624056,26.6431847519859
-3.45900782167665,2.38842263778004,100.413610624056,26.6431847519859
-3.1637064098004,3.8206723962831,100.413610624056,26.6431847519859
-3.04419196638723,4.33722403268839,100.413610624056,26.6431847519859
-2.53230372283433,3.55490982785132,100.413610624056,26.6431847519859
-3.05741250986028,1.89454533650713,100.413610624056,26.6431847519859
-1.76948688596806,1.22213401878819,100.413610624056,26.6431847519859
-0.828107496926148,1.83595445738289,100.413610624056,26.6431847519859
-0.738223627005988,2.22898867703666,100.413610624056,26.6431847519859
-0.717577179740519,2.17729814292261,100.413610624056,26.6431847519859
-0.363903294610778,1.06871303854379,100.413610624056,26.6431847519859
0.595699992754491,1.95140492403259,100.413610624056,26.6431847519859
0.579107358542914,2.09645489220978,100.413610624056,26.6431847519859
0.117386573233533,0.82497324389002,100.413610624056,26.6431847519859
0.56345209251497,0.285499058503055,100.413610624056,26.6431847519859
1.2668677858483,0.752966406211813,100.413610624056,26.6431847519859
1.24157710530938,0.214758111456212,100.413610624056,26.6431847519859
0.44208725996008,-0.147174912881874,100.413610624056,26.6431847519859
-0.0173387993413174,0.243042079582485,100.413610624056,26.6431847519859
0.307507970738523,0.0917557384419552,100.413610624056,26.6431847519859
0.490873013153693,-0.418857381619145,100.413610624056,26.6431847519859
-0.0947386293612774,-1.50041820315682,100.413610624056,26.6431847519859
-0.833865615768463,-2.47420457133401,100.413610624056,26.6431847519859
-0.340036926766467,-1.78207266328921,100.413610624056,26.6431847519859
-0.32373037245509,0.059376241802444,100.413610624056,26.6431847519859
-0.852996448243513,0.222353455244399,100.413610624056,26.6431847519859
-1.51139412153693,-1.6962775462831,100.413610624056,26.6431847519859
-0.918910474610778,-3.23469457347251,100.413610624056,26.6431847519859
-1.06496339387226,-3.22740329164969,100.413610624056,26.6431847519859
-1.50799159676647,-2.22435871598778,100.413610624056,26.6431847519859
-1.59907456754491,-1.12938814124236,100.413610624056,26.6431847519859
-0.734942838363273,0.282675625967413,100.413610624056,26.6431847519859
-0.669698360698603,-0.604366207230143,100.413610624056,26.6431847519859
-0.749332048662675,-0.520252739052953,100.413610624056,26.6431847519859
-1.24635631101796,-1.98368436237271,100.413610624056,26.6431847519859
-0.295944101297405,-2.58755763095723,100.413610624056,26.6431847519859
0.596862572774451,-3.15973399098778,100.413610624056,26.6431847519859
0.794957686646707,-2.78743183309572,100.413610624056,26.6431847519859
0.952210329660679,-1.48198832484725,100.413610624056,26.6431847519859
1.60878804784431,-0.139145194857434,100.413610624056,26.6431847519859
1.71707842027944,0.225412690936864,100.413610624056,26.6431847519859
2.1776183651497,-0.81832033996945,100.413610624056,26.6431847519859
2.01986051720559,-3.07725873421589,100.413610624056,26.6431847519859
1.83662938453094,-3.33880787255601,100.413610624056,26.6431847519859
2.05503617131737,-2.15882405442974,100.413610624056,26.6431847519859
2.07316876754491,-0.986001205855397,100.413610624056,26.6431847519859
1.64474281317365,-0.162998545773931,100.413610624056,26.6431847519859
1.3199508243513,-1.06561579801426,100.413610624056,26.6431847519859
1.48859796892216,-2.41048187087576,100.413610624056,26.6431847519859
1.15569835399202,-2.59465034170061,100.413610624056,26.6431847519859
0.37028120500998,-1.81599729114053,100.413610624056,26.6431847519859
-0.734407199401198,-0.957959246232179,100.413610624056,26.6431847519859
-1.22210038756487,0.498063193686354,100.413610624056,26.6431847519859
-1.87509297678643,1.24358590071283,100.413610624056,26.6431847519859
-2.17346822588822,1.77611009831976,100.413610624056,26.6431847519859
-2.01689121838323,0.179915092362525,100.413610624056,26.6431847519859
-1.83765911750499,-0.727809159826884,100.413610624056,26.6431847519859
-2.30699449760479,-1.27319704017312,100.413610624056,26.6431847519859
-2.29377395413174,-0.614487126934827,100.413610624056,26.6431847519859
-2.4440754642515,1.1552217703666,100.413610624056,26.6431847519859
-2.23766577285429,2.52689493895112,100.413610624056,26.6431847519859
-1.91354941954092,3.03346837861507,100.413610624056,26.6431847519859
-2.12323989958084,2.47540918126273,100.413610624056,26.6431847519859
-1.98670674550898,0.80122538385947,100.413610624056,26.6431847519859
-0.434309384091816,0.405690409674134,100.413610624056,26.6431847519859
0.0330660443512974,-0.167193359826884,100.413610624056,26.6431847519859
0.310447898223553,0.854417611761711,100.413610624056,26.6431847519859
0.02557927249501,1.16585773380855,100.413610624056,26.6431847519859
0.263171673013972,1.94158806629328,100.413610624056,26.6431847519859
0.91947548491018,2.47983359312627,100.413610624056,26.6431847519859
1.16211384792415,2.5237860604888,100.413610624056,26.6431847519859
0.632080834530938,1.20259958884929,100.413610624056,26.6431847519859
0.392869343512974,0.233833345773931,100.413610624056,26.6431847519859
1.21061352121756,0.304084070468432,100.413610624056,26.6431847519859
1.34350676506986,0.00769191303462322,100.413610624056,26.6431847519859
0.825452586646707,0.430865499338086,100.413610624056,26.6431847519859
0.472819545409182,1.09794642464358,100.413610624056,26.6431847519859
0.0290304917165669,1.9721369857943,100.413610624056,26.6431847519859
0.0292130959081836,2.57541454114053,100.413610624056,26.6431847519859
0.263189933433134,1.83738168701629,100.413610624056,26.6431847519859
0.0193950772055888,0.345901898727088,100.413610624056,26.6431847519859
-0.659691650998004,-1.17816216262729,100.413610624056,26.6431847519859
-1.06824418251497,-0.457460840529532,100.413610624056,26.6431847519859
-0.476545733612774,1.07360905672098,100.413610624056,26.6431847519859
0.119973465948104,2.43780478309572,100.413610624056,26.6431847519859
-0.0331523223353293,2.5284524808554,100.413610624056,26.6431847519859
-0.112463409560878,1.43637980280041,100.413610624056,26.6431847519859
0.0633113852894212,0.0478591191955193,100.413610624056,26.6431847519859
0.844589505928144,0.333063037372709,100.413610624056,26.6431847519859
0.719469113832335,-0.163743187321792,100.413610624056,26.6431847519859
0.385473873752495,-0.280354053716904,100.413610624056,26.6431847519859
0.0792466444111777,0.770415839816701,100.413610624056,26.6431847519859
0.521860944471058,1.08441876985743,100.413610624056,26.6431847519859
0.506966529241517,0.677937564918534,100.413610624056,26.6431847519859
0.918647679241517,0.0652154726069246,100.413610624056,26.6431847519859
0.529189459361277,-0.0572160085539715,100.413610624056,26.6431847519859
0.145471097904192,-0.429214104480652,100.413610624056,26.6431847519859
-0.0742686994810379,-1.12196034180244,100.413610624056,26.6431847519859
-0.0215447825548902,-1.27363141440937,100.413610624056,26.6431847519859
0.281401658143713,-1.27979952856415,100.413610624056,26.6431847519859
0.113284065728543,-0.910525579633401,100.413610624056,26.6431847519859
0.0886142394411178,-0.617707701629328,100.413610624056,26.6431847519859
0.178473762135729,-1.35433814750509,100.413610624056,26.6431847519859
-0.10056978988024,-1.69270947219959,100.413610624056,26.6431847519859
-0.654085702315369,-1.9935756842668,100.413610624056,26.6431847519859
0.0743528520758483,-1.63351667449084,100.413610624056,26.6431847519859
0.923358867385229,-0.848608634928717,100.413610624056,26.6431847519859
1.50980440237525,-1.48784617169043,100.413610624056,26.6431847519859
2.00384004279441,-2.33911418385947,100.413610624056,26.6431847519859
1.93288005393214,-2.81164509409369,100.413610624056,26.6431847519859
2.00182530988024,-1.73885863212831,100.413610624056,26.6431847519859
1.41688930287425,-0.537075432688391,100.413610624056,26.6431847519859
1.16967366145709,-0.733245043126273,100.413610624056,26.6431847519859
1.39571330345309,-1.15218037795316,100.413610624056,26.6431847519859
1.15645920479042,-1.25942117153768,100.413610624056,26.6431847519859
1.25245422832335,-1.38774152627291,100.413610624056,26.6431847519859
0.331283036487026,-0.588828020264766,100.413610624056,26.6431847519859
-0.254620772734531,-0.580531472352342,100.413610624056,26.6431847519859
-0.644675499640719,-0.948260290071283,100.413610624056,26.6431847519859
-1.15064736738523,-1.36964673665988,100.413610624056,26.6431847519859
-1.3810390759481,-1.09728167983707,100.413610624056,26.6431847519859
-1.52359208153693,-0.319559431211813,100.413610624056,26.6431847519859
-1.62448698421158,0.454452020366599,100.413610624056,26.6431847519859
-1.6592609091018,0.424473992718941,100.413610624056,26.6431847519859
-1.97280447972056,0.820890126069246,100.413610624056,26.6431847519859
-2.33716071005988,0.641779012423625,100.413610624056,26.6431847519859
-2.72485375608782,0.0751502319246436,100.413610624056,26.6431847519859
-2.52114051992016,-0.957971656924644,100.413610624056,26.6431847519859
-1.62435307447106,-1.33875652311609,100.413610624056,26.6431847519859
-1.04395782502994,-1.26712200621181,100.413610624056,26.6431847519859
-1.47273681417166,-0.3052871348778,100.413610624056,26.6431847519859
-1.39517872718563,0.74697824709776,100.413610624056,26.6431847519859
-0.465072103572854,1.52102072540733,100.413610624056,26.6431847519859
0.188547426706587,0.716478970366599,100.413610624056,26.6431847519859
0.440334259720559,-0.717657213391039,100.413610624056,26.6431847519859
0.108122453912176,-0.652761702494908,100.413610624056,26.6431847519859
0.775017308922156,0.762026211710794,100.413610624056,26.6431847519859
1.01963388401198,2.08811490687373,100.413610624056,26.6431847519859
1.37253474473054,1.26128354816701,100.413610624056,26.6431847519859
1.36025156944112,0.118966181670061,100.413610624056,26.6431847519859
1.82245929926148,0.290010345213849,100.413610624056,26.6431847519859
1.98345532820359,1.24031568324847,100.413610624056,26.6431847519859
2.19488663487026,1.73159914979633,100.413610624056,26.6431847519859
1.50314543618762,0.233647185386965,100.413610624056,26.6431847519859
0.911946105409182,-0.292404836099796,100.413610624056,26.6431847519859
1.1140159038523,0.298244839663951,100.413610624056,26.6431847519859
1.11831318916168,0.800263555193483,100.413610624056,26.6431847519859
1.74467600043912,-0.217493896384929,100.413610624056,26.6431847519859
1.8784335707984,-2.1527428151222,100.413610624056,26.6431847519859
2.00858775177645,-1.4833286796334,100.413610624056,26.6431847519859
0.258539613353293,-0.448549963340122,100.413610624056,26.6431847519859
-0.475364893173653,1.42699111395112,100.413610624056,26.6431847519859
-0.400205007904192,0.126133356568228,100.413610624056,26.6431847519859
-0.0326897250499002,-1.91016342021385,100.413610624056,26.6431847519859
0.82454565249501,-2.50628621135438,100.413610624056,26.6431847519859
0.971042908622754,-1.1578396537169,100.413610624056,26.6431847519859
1.07973501027944,0.12522737601833,100.413610624056,26.6431847519859
0.583739418203593,-0.137953768380855,100.413610624056,26.6431847519859
0.256019675508982,-0.698054524643585,100.413610624056,26.6431847519859
-0.126292633672655,-1.08548531664969,100.413610624056,26.6431847519859
-0.154170206926148,-1.57099781120163,100.413610624056,26.6431847519859
0.24637208738523,-0.722398097912424,100.413610624056,26.6431847519859
0.214404180239521,-0.598235325152749,100.413610624056,26.6431847519859
-0.36686148251497,-0.0462139296843177,100.413610624056,26.6431847519859
-1.2641115252495,0.541897759470468,100.413610624056,26.6431847519859
-1.31825975487026,-0.271765854531568,100.413610624056,26.6431847519859
-0.354517439161677,-0.914329456873727,100.413610624056,26.6431847519859
-0.0741956578043912,-0.986404553360489,100.413610624056,26.6431847519859
-0.343195979281437,-0.703291836863544,100.413610624056,26.6431847519859
-0.922641686926148,-0.542529932026477,100.413610624056,26.6431847519859
-0.236214270219561,0.402153362321792,100.413610624056,26.6431847519859
0.910229626007984,2.02102890875764,100.413610624056,26.6431847519859
0.40909068253493,0.837855542668024,100.413610624056,26.6431847519859
-0.631722775648703,-1.32743797158859,100.413610624056,26.6431847519859
-0.797162173253493,-2.60225189083503,100.413610624056,26.6431847519859
0.437929971197605,-2.02076130610998,100.413610624056,26.6431847519859
1.06599100145709,-0.780517370723014,100.413610624056,26.6431847519859
0.625147962055888,0.173163675661914,100.413610624056,26.6431847519859
-0.0695088168862276,0.380000276272912,100.413610624056,26.6431847519859
-0.407570043632735,0.473446585183299,100.413610624056,26.6431847519859
-0.884873053293413,-0.225579462525458,100.413610624056,26.6431847519859
-0.784617265289421,-0.0557515468431772,100.413610624056,26.6431847519859
-1.14028153610778,-0.642553907942974,100.413610624056,26.6431847519859
-1.50181348828343,-1.57197205056008,100.413610624056,26.6431847519859
-2.13954036708583,-1.11041219246436,100.413610624056,26.6431847519859
-1.87224435139721,1.18061404714868,100.413610624056,26.6431847519859
-1.95584055031936,1.80014960962322,100.413610624056,26.6431847519859
-1.61209424640719,1.10426346710794,100.413610624056,26.6431847519859
-0.989547862734531,-0.852139476934827,100.413610624056,26.6431847519859
-0.847353978722555,-3.47445053584521,100.413610624056,26.6431847519859
-0.501836414151697,-3.45003870376782,100.413610624056,26.6431847519859
-0.220729434770459,-0.741994581313646,100.413610624056,26.6431847519859
0.379137508303393,1.45845221934827,100.413610624056,26.6431847519859
0.541521329101796,0.539043300203666,100.413610624056,26.6431847519859
1.09144602576846,-0.542393414409369,100.413610624056,26.6431847519859
1.85316115067864,-0.23831283299389,100.413610624056,26.6431847519859
1.72948941850299,0.444790296283096,100.413610624056,26.6431847519859
1.57414194588822,1.63083053233198,100.413610624056,26.6431847519859
1.69259119818363,1.07073598141548,100.413610624056,26.6431847519859
1.97688766411178,-0.517423101171079,100.413610624056,26.6431847519859
2.13701327974052,0.533135810590631,100.413610624056,26.6431847519859
1.79743643820359,2.93484681094705,100.413610624056,26.6431847519859
1.6689256949501,3.27841201043788,100.413610624056,26.6431847519859
1.4150571741517,1.00621899663951,100.413610624056,26.6431847519859
1.17989949618762,-1.18609259511202,100.413610624056,26.6431847519859
0.988183355409182,-0.521816486303462,100.413610624056,26.6431847519859
0.723072503213573,2.15035452958248,100.413610624056,26.6431847519859
0.54454038506986,3.71406454801426,100.413610624056,26.6431847519859
0.334289918842315,2.05662277474542,100.413610624056,26.6431847519859
0.740121647904192,-0.46642756583503,100.413610624056,26.6431847519859
0.81434416499002,-0.523132019704684,100.413610624056,26.6431847519859
0.362149231676647,0.635381300458248,100.413610624056,26.6431847519859
-0.677057309620758,0.686562996181263,100.413610624056,26.6431847519859
-0.629123709321357,0.525317074338086,100.413610624056,26.6431847519859
-0.580508386706587,-0.841404227953157,100.413610624056,26.6431847519859
-0.0040999954491018,-0.245399338391039,100.413610624056,26.6431847519859
-0.451309834331337,0.547600472657841,100.413610624056,26.6431847519859
-0.994484262714571,1.18547283324847,100.413610624056,26.6431847519859
-0.905470806107784,-0.069663933095723,100.413610624056,26.6431847519859
-1.27214002287425,-0.433557846843177,100.413610624056,26.6431847519859
-1.74503009790419,-0.656429062118126,100.413610624056,26.6431847519859
-1.71621515646707,-0.0771848127291242,100.413610624056,26.6431847519859
-1.81438316988024,0.51667302703666,100.413610624056,26.6431847519859
-1.30211754433134,1.05746895117108,100.413610624056,26.6431847519859
-1.41916683115768,0.274459747556008,100.413610624056,26.6431847519859
-1.54073861512974,-0.573426350916497,100.413610624056,26.6431847519859
-0.815507807704591,0.437840308503055,100.413610624056,26.6431847519859
-0.390520898942116,0.84316731904277,100.413610624056,26.6431847519859
-0.643768565489022,-0.42789857107943,100.413610624056,26.6431847519859
-0.564493999101796,-1.72431950590631,100.413610624056,26.6431847519859
-0.0795398738123753,-1.51561509607943,100.413610624056,26.6431847519859
0.799163669860279,0.15356098691446,100.413610624056,26.6431847519859
0.582759442375249,1.25234164424644,100.413610624056,26.6431847519859
0.320789382275449,0.846009367617108,100.413610624056,26.6431847519859
1.1795768954491,0.216036412780041,100.413610624056,26.6431847519859
1.52982390858283,-0.0249854402240326,100.413610624056,26.6431847519859
1.21026657325349,-0.785072094857434,100.413610624056,26.6431847519859
1.32485070349301,-1.76018640712831,100.413610624056,26.6431847519859
1.25858364235529,-2.43770472479633,100.413610624056,26.6431847519859
1.71410805876247,-1.25958251053971,100.413610624056,26.6431847519859
1.26135313926148,-0.62884629811609,100.413610624056,26.6431847519859
0.679357059740519,-0.403530176425662,100.413610624056,26.6431847519859
0.641837985169661,-0.301998301374745,100.413610624056,26.6431847519859
-0.168808976287425,-2.23676940845214,100.413610624056,26.6431847519859
-0.439574471616766,-3.41812460809572,100.413610624056,26.6431847519859
-0.561547984810379,-2.73850267805499,100.413610624056,26.6431847519859
-0.442654395648703,0.169291539613035,100.413610624056,26.6431847519859
-0.652058795788423,0.447775067820774,100.413610624056,26.6431847519859
-1.55194442568862,-0.00575507225050917,100.413610624056,26.6431847519859
-1.18650474381238,-1.43712987693483,100.413610624056,26.6431847519859
-0.988665275808383,-1.49109777311609,100.413610624056,26.6431847519859
-1.0513167739521,-1.08261844669043,100.413610624056,26.6431847519859
-0.810960963333333,1.39408416288187,100.413610624056,26.6431847519859
-0.906158615229541,1.62740518121181,100.413610624056,26.6431847519859
-0.486278537025948,2.13081389429735,100.413610624056,26.6431847519859
0.0476987269061876,2.97155143391039,100.413610624056,26.6431847519859
0.461412870239521,2.30426573217923,100.413610624056,26.6431847519859
1.04477239439122,1.28007954190428,100.413610624056,26.6431847519859
1.05727469471058,0.0252220161405295,100.413610624056,26.6431847519859
1.54235055612774,0.686265139562118,100.413610624056,26.6431847519859
1.67599247716567,2.20114528849287,100.413610624056,26.6431847519859
2.01795534680639,4.00756501410387,100.413610624056,26.6431847519859
2.32477908317365,3.02138036415479,100.413610624056,26.6431847519859
2.19230582896208,0.376134345570265,100.413610624056,26.6431847519859
2.49962868345309,0.00247321685336049,100.413610624056,26.6431847519859
2.17747228179641,0.49141726787169,100.413610624056,26.6431847519859
1.31533702510978,1.75351643268839,100.413610624056,26.6431847519859
0.189850003273453,1.19494839694501,100.413610624056,26.6431847519859
0.268010684091816,1.47801767601833,100.413610624056,26.6431847519859
0.700612187644711,0.897656464307536,100.413610624056,26.6431847519859
-0.292261583433134,0.610659201069246,100.413610624056,26.6431847519859
-0.900790051996008,0.560234557586558,100.413610624056,26.6431847519859
-1.21461970251497,1.18294725733198,100.413610624056,26.6431847519859
-1.24468243926148,0.547705963543788,100.413610624056,26.6431847519859
-1.415965170998,-0.0487953537169043,100.413610624056,26.6431847519859
-1.30691394776447,0.18809994404277,100.413610624056,26.6431847519859
-1.78627429798403,1.72575991899185,100.413610624056,26.6431847519859
-2.4773824688024,2.28035032780041,100.413610624056,26.6431847519859
-2.65005299239521,1.81397512102851,100.413610624056,26.6431847519859
-1.93741578738523,0.470281858604888,100.413610624056,26.6431847519859
-1.00200146860279,0.256600761099796,100.413610624056,26.6431847519859
-1.14065891810379,2.08096014266802,100.413610624056,26.6431847519859
-1.33087770451098,2.55938613182281,100.413610624056,26.6431847519859
-0.988494845229541,1.8212229654277,100.413610624056,26.6431847519859
0.0310513114371257,0.381439916598778,100.413610624056,26.6431847519859
0.864499449620758,0.244568594755601,100.413610624056,26.6431847519859
0.552203674311377,0.766686426731161,100.413610624056,26.6431847519859
0.308244474311377,2.09136030295316,100.413610624056,26.6431847519859
0.647084812275449,2.02145707764766,100.413610624056,26.6431847519859
1.46704458750499,1.06252010300407,100.413610624056,26.6431847519859
1.72880769618762,-0.190966041242363,100.413610624056,26.6431847519859
1.69130079522954,-1.48720702102851,100.413610624056,26.6431847519859
2.17756358389222,-0.788056866395112,100.413610624056,26.6431847519859
2.43317901812375,0.170886313594705,100.413610624056,26.6431847519859
2.52572890924152,0.416624229735234,100.413610624056,26.6431847519859
2.3342379802994,-0.578235494246436,100.413610624056,26.6431847519859
2.14433570782435,-1.68928412107943,100.413610624056,26.6431847519859
1.80170937628743,-2.66440463869654,100.413610624056,26.6431847519859
1.52452838702595,-3.26768219404277,100.413610624056,26.6431847519859
1.06419539357285,-1.57125843574338,100.413610624056,26.6431847519859
0.500508427664671,-0.455673700814664,100.413610624056,26.6431847519859
-0.0576760652694611,-0.308364986608961,100.413610624056,26.6431847519859
-0.72571523988024,-1.10506318401222,100.413610624056,26.6431847519859
-1.16613828964072,-1.37606306466395,100.413610624056,26.6431847519859
-1.3243404744511,-1.81094613930754,100.413610624056,26.6431847519859
-1.95903612367265,-1.23981848279022,100.413610624056,26.6431847519859
-2.51580239071856,-0.396518135183299,100.413610624056,26.6431847519859
-3.11436067041916,-0.156793199541752,100.413610624056,26.6431847519859
-3.10394614469062,-0.572675504022403,100.413610624056,26.6431847519859
-2.67695058982036,-0.737346776985743,100.413610624056,26.6431847519859
-2.40961196648703,-1.51467808879837,100.413610624056,26.6431847519859
-2.24668641992016,-2.72225087627291,100.413610624056,26.6431847519859
-1.94831117081836,-2.42887451710794,100.413610624056,26.6431847519859
-1.44807307469062,-1.1906597299389,100.413610624056,26.6431847519859
-0.801727278043912,-0.457988294959267,100.413610624056,26.6431847519859
-0.542149332854291,0.5515843049389,100.413610624056,26.6431847519859
-0.403309279161677,-0.357958113696538,100.413610624056,26.6431847519859
0.21464765249501,-2.00248656145621,100.413610624056,26.6431847519859
0.990350258483034,-2.28755396201629,100.413610624056,26.6431847519859
1.42475345672655,-2.30232268604888,100.413610624056,26.6431847519859
1.42866118642715,-2.34986804887984,100.413610624056,26.6431847519859
1.04497934580838,-1.99425206700611,100.413610624056,26.6431847519859
1.41337112878244,-1.07504171894094,100.413610624056,26.6431847519859
1.94944834091816,-0.0127236760692464,100.413610624056,26.6431847519859
2.01941009353293,-0.233571948472505,100.413610624056,26.6431847519859
1.98150755015968,-0.45119344083503,100.413610624056,26.6431847519859
1.75306970644711,-0.274645135183299,100.413610624056,26.6431847519859
1.23362164936128,0.255285227698574,100.413610624056,26.6431847519859
0.993801477704591,0.941453798014257,100.413610624056,26.6431847519859
1.10100839860279,0.690639908655804,100.413610624056,26.6431847519859
1.29148283087824,0.723577886456212,100.413610624056,26.6431847519859
0.933073410379242,1.61366033930754,100.413610624056,26.6431847519859
0.121641250898204,1.73306361150713,100.413610624056,26.6431847519859
0.479752417884232,2.09484770753564,100.413610624056,26.6431847519859
0.357365001856287,1.87775987494908,100.413610624056,26.6431847519859
-0.350804487265469,1.61110994200611,100.413610624056,26.6431847519859
-1.20656685766467,1.35886261766802,100.413610624056,26.6431847519859
-1.3971447656487,1.22756369674134,100.413610624056,26.6431847519859
-0.310954165848303,2.61026997092668,100.413610624056,26.6431847519859
-0.789523231237525,2.55650064582485,100.413610624056,26.6431847519859
-0.974020419640719,2.91750286822811,100.413610624056,26.6431847519859
-0.97283349239521,3.45172112535642,100.413610624056,26.6431847519859
-0.15317805748503,3.15213941995927,100.413610624056,26.6431847519859
-0.200265591696607,2.15059033273931,100.413610624056,26.6431847519859
-0.566326127824351,1.62128050448065,100.413610624056,26.6431847519859
0.232585470918164,2.14063075203666,100.413610624056,26.6431847519859
1.08423924700599,2.66963651832994,100.413610624056,26.6431847519859
0.74940402764471,1.98141397841141,100.413610624056,26.6431847519859
1.84330661113772,2.71635036476578,100.413610624056,26.6431847519859
1.13793705295409,2.81200577693483,100.413610624056,26.6431847519859
1.11845927251497,2.37505632199593,100.413610624056,26.6431847519859
1.05472432283433,3.05441762749491,100.413610624056,26.6431847519859
0.59561477746507,2.67113200677189,100.413610624056,26.6431847519859
1.04094379317365,2.1434355685336,100.413610624056,26.6431847519859
0.495517246427146,1.93520276502037,100.413610624056,26.6431847519859
0.400569153592814,1.47831553263747,100.413610624056,26.6431847519859
0.282448588842315,1.69997670539715,100.413610624056,26.6431847519859
0.388444235269461,1.54860348940937,100.413610624056,26.6431847519859
0.0977018413772455,0.942421832026477,100.413610624056,26.6431847519859
-0.497234788522954,0.84365133604888,100.413610624056,26.6431847519859
-1.32204574844311,0.925301281771894,100.413610624056,26.6431847519859
-0.950342742794411,1.91926743589613,100.413610624056,26.6431847519859
-0.832849119101796,3.02808834343177,100.413610624056,26.6431847519859
-0.594702819201597,2.81670322403259,100.413610624056,26.6431847519859
-0.6944290550499,2.00186679959267,100.413610624056,26.6431847519859
-1.96296211379242,0.236973250967413,100.413610624056,26.6431847519859
-1.68906191317365,-0.193944607433809,100.413610624056,26.6431847519859
-1.67058236898204,-0.107317974032587,100.413610624056,26.6431847519859
-1.6518715261477,0.550628681619145,100.413610624056,26.6431847519859
-2.21368984249501,-0.0455251362525458,100.413610624056,26.6431847519859
-2.25184194493014,-0.53704440595723,100.413610624056,26.6431847519859
-2.08138701886228,0.361421469653768,100.413610624056,26.6431847519859
-2.65064341261477,0.784899117922607,100.413610624056,26.6431847519859
-2.49273339451098,-0.660524590631365,100.413610624056,26.6431847519859
-1.96038130788423,-1.77713320768839,100.413610624056,26.6431847519859
-1.75592548133733,-2.56715445254582,100.413610624056,26.6431847519859
-0.864019654610778,-1.46794562632383,100.413610624056,26.6431847519859
-0.302943928642715,-1.09882681104888,100.413610624056,26.6431847519859
0.22666909510978,-1.83502908803462,100.413610624056,26.6431847519859
0.0872812288423154,-3.43339596517312,100.413610624056,26.6431847519859
0.149500563732535,-3.20079476700611,100.413610624056,26.6431847519859
0.981786121896208,-2.76825110789206,100.413610624056,26.6431847519859
0.948107822155689,-3.23496760870672,100.413610624056,26.6431847519859
2.22211900664671,-2.77081391588595,100.413610624056,26.6431847519859
1.99846539275449,-2.49374520661914,100.413610624056,26.6431847519859
1.55892492992016,-1.42590440560081,100.413610624056,26.6431847519859
1.50694969017964,-0.778469606466395,100.413610624056,26.6431847519859
1.34320851155689,-1.25909228818737,100.413610624056,26.6431847519859
1.64232026423154,-1.17307998406314,100.413610624056,26.6431847519859
0.734454831157685,-2.35320031980652,100.413610624056,26.6431847519859
0.534198901017964,-1.99767121278004,100.413610624056,26.6431847519859
0.875632218502994,-1.54136107759674,100.413610624056,26.6431847519859
1.18859145570858,-0.0872436789714868,100.413610624056,26.6431847519859
1.04135769600798,0.0846071795824847,100.413610624056,26.6431847519859
0.4355500299002,-0.863762090427699,100.413610624056,26.6431847519859
0.318865951457086,-1.99376805,100.413610624056,26.6431847519859
0.467542284271457,-1.75673623462322,100.413610624056,26.6431847519859
0.405791633473054,-1.02686961614053,100.413610624056,26.6431847519859
1.40595739860279,-0.175378211507128,100.413610624056,26.6431847519859
1.35284392606786,-0.737805972606925,100.413610624056,26.6431847519859
1.91507005844311,-1.00135323243381,100.413610624056,26.6431847519859
1.42767512379242,-1.22209601395112,100.413610624056,26.6431847519859
1.15454794758483,-0.803775008401222,100.413610624056,26.6431847519859
1.11143509794411,-0.0863687251527495,100.413610624056,26.6431847519859
0.858449164071856,-0.139089346741344,100.413610624056,26.6431847519859
0.581548167904192,0.336308433452139,100.413610624056,26.6431847519859
0.0784614463872255,0.758948359979633,100.413610624056,26.6431847519859
0.246213830419162,1.65890972403259,100.413610624056,26.6431847519859
-0.0618333540319361,1.26281006334012,100.413610624056,26.6431847519859
-0.680867650419162,0.713581073676171,100.413610624056,26.6431847519859
-0.946295016546906,1.42034518813646,100.413610624056,26.6431847519859
-0.995543367025948,1.79690421354379,100.413610624056,26.6431847519859
-1.11464999441118,1.61335627734216,100.413610624056,26.6431847519859
-1.2367148097006,1.52058635117108,100.413610624056,26.6431847519859
-1.09077145295409,2.01981266089613,100.413610624056,26.6431847519859
-0.804381125628743,1.76980546654786,100.413610624056,26.6431847519859
-0.880484465888223,2.01016955285132,100.413610624056,26.6431847519859
-0.99571379760479,0.899431193329939,100.413610624056,26.6431847519859
-0.693887329281437,1.36810858355397,100.413610624056,26.6431847519859
-0.419688875149701,2.14874113956212,100.413610624056,26.6431847519859
-0.0959255566067864,1.69513653533605,100.413610624056,26.6431847519859
0.285954589321357,0.321918235539715,100.413610624056,26.6431847519859
1.42839336694611,0.832140418788187,100.413610624056,26.6431847519859
0.620485468363273,1.95570522897149,100.413610624056,26.6431847519859
-0.541218051477046,2.77372499602851,100.413610624056,26.6431847519859
-0.560196713792415,1.96035303329939,100.413610624056,26.6431847519859
0.224587407325349,0.372249798828921,100.413610624056,26.6431847519859
0.657341081037924,-0.0629993912423625,100.413610624056,26.6431847519859
-0.192596215648703,-0.14975633691446,100.413610624056,26.6431847519859
-0.624010791956088,0.642598118126273,100.413610624056,26.6431847519859
-0.779443479860279,0.172586578462322,100.413610624056,26.6431847519859
-0.698403739620758,-0.419161443584521,100.413610624056,26.6431847519859
-1.7948201741517,-0.470032871995927,100.413610624056,26.6431847519859
-1.46958384846307,-0.0830923023421589,100.413610624056,26.6431847519859
-1.26326545916168,-0.319565636558045,100.413610624056,26.6431847519859
-0.791191016187625,-0.753251079378819,100.413610624056,26.6431847519859
-0.420632330139721,-1.51411960763747,100.413610624056,26.6431847519859
-0.733652435409182,-1.18588781868635,100.413610624056,26.6431847519859
-0.42629306007984,0.114274939918534,100.413610624056,26.6431847519859
-0.333183182774451,0.518820076832994,100.413610624056,26.6431847519859
-0.347894993812375,-0.484758158604888,100.413610624056,26.6431847519859
0.390191148702595,-0.797544840784114,100.413610624056,26.6431847519859
0.524837392794411,-0.897854262627291,100.413610624056,26.6431847519859
1.0973867488024,-0.609237404022403,100.413610624056,26.6431847519859
1.31978039377245,-0.029465700203666,100.413610624056,26.6431847519859
0.929841316187625,-1.13241635020367,100.413610624056,26.6431847519859
1.24288576868263,-2.68583790458248,100.413610624056,26.6431847519859
1.5408471149501,-2.59196963212831,100.413610624056,26.6431847519859
1.95512124447106,-2.16878363513238,100.413610624056,26.6431847519859
1.36599751467066,-1.95441374419552,100.413610624056,26.6431847519859
1.53174125259481,-2.42960054261711,100.413610624056,26.6431847519859
1.94146853774451,-1.25373086904277,100.413610624056,26.6431847519859
1.66375799632735,-1.81806987678208,100.413610624056,26.6431847519859
1.59716224764471,-2.25460977886965,100.413610624056,26.6431847519859
1.59118500377245,-3.36997732668024,100.413610624056,26.6431847519859
1.51300606253493,-3.63746498136456,100.413610624056,26.6431847519859
1.94457889580838,-3.14209839699593,100.413610624056,26.6431847519859
1.63084054738523,-2.18966462520367,100.413610624056,26.6431847519859
1.73757878419162,-1.6102528314664,100.413610624056,26.6431847519859
1.68934084357285,-1.787278948778,100.413610624056,26.6431847519859
1.58270608247505,-1.38107077907332,100.413610624056,26.6431847519859
0.667061710838323,-1.60111856181263,100.413610624056,26.6431847519859
0.646086576027944,-1.73655024332994,100.413610624056,26.6431847519859
0.763647154590818,-0.963078656873727,100.413610624056,26.6431847519859
0.783076240578842,-0.384541816955193,100.413610624056,26.6431847519859
0.779028514331337,-1.47644074531568,100.413610624056,26.6431847519859
0.750286614570858,-2.06852385605906,100.413610624056,26.6431847519859
0.317271208183633,-1.53730898650713,100.413610624056,26.6431847519859
0.0468770080439122,0.118159486659878,100.413610624056,26.6431847519859
0.270719312934132,0.850247619093686,100.413610624056,26.6431847519859
0.16473584011976,0.981093549745417,100.413610624056,26.6431847519859
0.610460498243513,0.666203255193483,100.413610624056,26.6431847519859
0.575163108003992,0.976563646995927,100.413610624056,26.6431847519859
-0.0872153366666667,0.968068528004073,100.413610624056,26.6431847519859
-0.0147945142714571,1.40620320407332,100.413610624056,26.6431847519859
-0.443567416606786,0.272275465682281,100.413610624056,26.6431847519859
-0.889273814311377,-0.0157767064154786,100.413610624056,26.6431847519859
-0.768901131197605,0.961013049338086,100.413610624056,26.6431847519859
-0.961968542994012,2.03146630112016,100.413610624056,26.6431847519859
-0.566107002794411,2.52102468141548,100.413610624056,26.6431847519859
-0.819604228403194,2.23041590667006,100.413610624056,26.6431847519859
-1.46946211233533,1.80122313452138,100.413610624056,26.6431847519859
-1.72585665778443,1.7444938592668,100.413610624056,26.6431847519859
-2.10675682788423,1.58613962876782,100.413610624056,26.6431847519859
-1.63753709710579,1.68699512107943,100.413610624056,26.6431847519859
-1.8127336453493,2.04246837998982,100.413610624056,26.6431847519859
-1.47834884966068,2.4743232456721,100.413610624056,26.6431847519859
-0.800363833413174,2.54123549409369,100.413610624056,26.6431847519859
-0.680380705908184,2.11911061130346,100.413610624056,26.6431847519859
-0.757037945548902,1.90657750285132,100.413610624056,26.6431847519859
-1.80732856127745,1.77204559653768,100.413610624056,26.6431847519859
-1.4255458042515,1.41288636196538,100.413610624056,26.6431847519859
-1.52864413083832,0.961329521995927,100.413610624056,26.6431847519859
-1.17967534704591,0.857824346843177,100.413610624056,26.6431847519859
-0.835782959780439,0.935403585437882,100.413610624056,26.6431847519859
-0.390155690558882,0.354092955753564,100.413610624056,26.6431847519859
-0.605062563672655,-0.940640124898167,100.413610624056,26.6431847519859
-1.0577931359481,-0.37009577092668,100.413610624056,26.6431847519859
-0.642271211117765,0.470039850101833,100.413610624056,26.6431847519859
-0.930858875548902,-0.0647058614562118,100.413610624056,26.6431847519859
-0.739270557704591,-0.660332224898167,100.413610624056,26.6431847519859
-0.829653545748503,-0.895216990478615,100.413610624056,26.6431847519859
-0.0191344072255489,-1.40462006802444,100.413610624056,26.6431847519859
0.504330942075848,-1.23814924465377,100.413610624056,26.6431847519859
1.12995724978044,-0.723242025,100.413610624056,26.6431847519859
0.781201504211577,-1.38501737927699,100.413610624056,26.6431847519859
0.282119901297405,-1.98231918620163,100.413610624056,26.6431847519859
0.490288679740519,-1.73811399058045,100.413610624056,26.6431847519859
1.64472455275449,-0.825115194093686,100.413610624056,26.6431847519859
1.93407915479042,-1.05113872525458,100.413610624056,26.6431847519859
2.33327017808383,-1.00928987026477,100.413610624056,26.6431847519859
2.62211348838323,-0.327961470010183,100.413610624056,26.6431847519859
2.61889965461078,-0.818928463900204,100.413610624056,26.6431847519859
2.00925121367265,-1.78753336797352,100.413610624056,26.6431847519859
2.03065242493014,-2.47709626267821,100.413610624056,26.6431847519859
2.23524824802395,-2.31660118772912,100.413610624056,26.6431847519859
2.03866266213573,-2.58121576710794,100.413610624056,26.6431847519859
2.07619999712575,-2.2427203354888,100.413610624056,26.6431847519859
1.99845321914172,-1.76560987973523,100.413610624056,26.6431847519859
1.37555988750499,-2.73857714220978,100.413610624056,26.6431847519859
1.21562296287425,-1.98964770010183,100.413610624056,26.6431847519859
0.70217041007984,-2.33726499068228,100.413610624056,26.6431847519859
0.384128689540918,-2.93242595315682,100.413610624056,26.6431847519859
-0.386899249141717,-3.221986024389,100.413610624056,26.6431847519859
0.246846858283433,-1.70600132382892,100.413610624056,26.6431847519859
0.403898636686627,-1.12172453864562,100.413610624056,26.6431847519859
-0.156349283612774,-0.303177317158859,100.413610624056,26.6431847519859
-0.839319394291417,-0.0351684133910387,100.413610624056,26.6431847519859
-1.43616728139721,-1.05414831817719,100.413610624056,26.6431847519859
-2.03530380770459,-1.47320155458248,100.413610624056,26.6431847519859
-1.97596961904192,-1.15854706318737,100.413610624056,26.6431847519859
-1.37853739852295,-1.10501974658859,100.413610624056,26.6431847519859
-1.35296063808383,-0.145065095162933,100.413610624056,26.6431847519859
-1.25179182912176,1.4419708197556,100.413610624056,26.6431847519859
-1.11381001512974,2.37955519801426,100.413610624056,26.6431847519859
-1.25263789520958,1.46080404557026,100.413610624056,26.6431847519859
-1.59924499812375,-0.154931595672098,100.413610624056,26.6431847519859
-1.18783166760479,-1.4086039003055,100.413610624056,26.6431847519859
-0.73490631752495,-1.18855611756619,100.413610624056,26.6431847519859
0.148660584451098,0.303258759419552,100.413610624056,26.6431847519859
-0.193430108123752,1.73060008905295,100.413610624056,26.6431847519859
-0.473697108223553,2.23210376084521,100.413610624056,26.6431847519859
-0.78808674493014,2.10058765280041,100.413610624056,26.6431847519859
-0.90716902508982,1.3900196610998,100.413610624056,26.6431847519859
0.0632687776447106,0.21731471410387,100.413610624056,26.6431847519859
0.199010646886228,-0.60031411614053,100.413610624056,26.6431847519859
0.259020471057884,0.180032993940937,100.413610624056,26.6431847519859
-0.238880291417166,1.18939461206721,100.413610624056,26.6431847519859
-0.155436262654691,1.84634841232179,100.413610624056,26.6431847519859
0.191663871576846,1.94146395936864,100.413610624056,26.6431847519859
-0.241424576487026,0.886530278513238,100.413610624056,26.6431847519859
-0.614777106666667,0.13234490814664,100.413610624056,26.6431847519859
-1.07203626289421,-0.312286765427699,100.413610624056,26.6431847519859
-0.852795583632734,0.280354826476578,100.413610624056,26.6431847519859
-0.113181652714571,1.06845861934827,100.413610624056,26.6431847519859
-0.302456984131736,1.10145244526477,100.413610624056,26.6431847519859
-0.391172187225549,1.32201527174134,100.413610624056,26.6431847519859
-0.734437633433134,1.86525610229124,100.413610624056,26.6431847519859
-1.21028589636727,1.7527283537169,100.413610624056,26.6431847519859
-0.0948847127145708,0.837948622861507,100.413610624056,26.6431847519859
0.690197661916168,0.168714442413442,100.413610624056,26.6431847519859
0.697562697644711,-0.443008589154786,100.413610624056,26.6431847519859
0.510423835269461,0.829391450407332,100.413610624056,26.6431847519859
0.561918217305389,2.65492984775967,100.413610624056,26.6431847519859
1.3199508243513,2.86897706069246,100.413610624056,26.6431847519859
1.93738429065868,1.53958091598778,100.413610624056,26.6431847519859
1.69668153207585,0.520191458350305,100.413610624056,26.6431847519859
1.20249980830339,-0.0991393276985743,100.413610624056,26.6431847519859
1.36215065303393,0.529257469195519,100.413610624056,26.6431847519859
1.74413427467066,1.86716734893075,100.413610624056,26.6431847519859
2.12035369065868,2.34948409017312,100.413610624056,26.6431847519859
1.22251931451098,1.3103988635947,100.413610624056,26.6431847519859
1.07910806922156,-0.0464683488798371,100.413610624056,26.6431847519859
1.2123117401996,-1.91612055259674,100.413610624056,26.6431847519859
1.54368965353293,-3.97955951379837,100.413610624056,26.6431847519859
0.820065762994012,-3.89207654261711,100.413610624056,26.6431847519859
0.568698919620758,-1.05739371425662,100.413610624056,26.6431847519859
-0.569186926826347,1.23852233818737,100.413610624056,26.6431847519859
-1.51282452103792,0.255719601934827,100.413610624056,26.6431847519859
-0.56540702005988,-1.54940320631365,100.413610624056,26.6431847519859
-0.038161763992016,-2.81026750723014,100.413610624056,26.6431847519859
-0.0101685414171657,-2.90298779063136,100.413610624056,26.6431847519859
-0.819926829141716,-2.07645428854379,100.413610624056,26.6431847519859
-0.971543089441118,-1.52681574602851,100.413610624056,26.6431847519859
-1.18646213616766,-0.659029102189409,100.413610624056,26.6431847519859
-0.987046185309381,-1.21159036278004,100.413610624056,26.6431847519859
-0.710321706526946,-0.819244936558045,100.413610624056,26.6431847519859
-0.255832047205589,-1.37346302459267,100.413610624056,26.6431847519859
-0.0743539147704591,-2.43887132988798,100.413610624056,26.6431847519859
-0.0626307256686627,-2.26193829276986,100.413610624056,26.6431847519859
-0.696967253313373,-1.68087587693483,100.413610624056,26.6431847519859
-0.608489435668663,-1.33901714765784,100.413610624056,26.6431847519859
-0.214106989421158,-1.63354149587576,100.413610624056,26.6431847519859
1.05796859063872,-2.3588658009165,100.413610624056,26.6431847519859
1.68057584237525,-2.57869639653768,100.413610624056,26.6431847519859
0.826049093672655,-2.14116984439919,100.413610624056,26.6431847519859
0.390270277185629,-1.10493907708758,100.413610624056,26.6431847519859
0.366495211437126,-1.29860172764766,100.413610624056,26.6431847519859
0.874822673253493,-1.51115965748473,100.413610624056,26.6431847519859
1.19385045642715,-1.88729671934827,100.413610624056,26.6431847519859
1.25344637776447,-2.88152970336049,100.413610624056,26.6431847519859
1.41416241361277,-3.64057385982688,100.413610624056,26.6431847519859
1.28809856652695,-2.44044748783096,100.413610624056,26.6431847519859
0.883691150159681,0.119884572912424,100.413610624056,26.6431847519859
-0.0801972489021956,1.12308428223014,100.413610624056,26.6431847519859
-1.51585575061876,-0.329587270723014,100.413610624056,26.6431847519859
-1.61252640966068,-1.07940407734216,100.413610624056,26.6431847519859
-1.72505319934132,-0.862700976221996,100.413610624056,26.6431847519859
-1.50349344684631,-1.08938847942974,100.413610624056,26.6431847519859
-0.887411251556886,-0.27854829796334,100.413610624056,26.6431847519859
-1.16150622998004,1.65274781522403,100.413610624056,26.6431847519859
-2.50076189213573,1.98555294434827,100.413610624056,26.6431847519859
-3.34705927860279,1.86210999175153,100.413610624056,26.6431847519859
-1.86042377339321,2.95306570748473,100.413610624056,26.6431847519859
-1.42979439510978,2.80297079282077,100.413610624056,26.6431847519859
-1.42949005479042,1.6244142043279,100.413610624056,26.6431847519859
-1.31096776081836,2.66125309557026,100.413610624056,26.6431847519859
-0.730615119021956,4.11483683441955,100.413610624056,26.6431847519859
-0.606803390299401,4.94171783589613,100.413610624056,26.6431847519859
0.134368763053892,3.71474093075356,100.413610624056,26.6431847519859
0.934534243912176,1.09822566522403,100.413610624056,26.6431847519859
1.74639247984032,-0.757234911659878,100.413610624056,26.6431847519859
2.43263729235529,0.0445392589613035,100.413610624056,26.6431847519859
2.70413929125748,1.60805070631365,100.413610624056,26.6431847519859
2.64639984586826,3.43875815707739,100.413610624056,26.6431847519859
2.66762453974052,3.56527275605906,100.413610624056,26.6431847519859
2.64901717261477,1.35190021919552,100.413610624056,26.6431847519859
1.65468256800399,-1.40005913854379,100.413610624056,26.6431847519859
0.871919266606786,-2.18011459735234,100.413610624056,26.6431847519859
2.07910340377245,-1.26537830392057,100.413610624056,26.6431847519859
2.65580396173653,-0.325603438441955,100.413610624056,26.6431847519859
0.855192722654691,-0.531447183655804,100.413610624056,26.6431847519859
-0.122232733812375,0.849999405244399,100.413610624056,26.6431847519859
-0.283983526746507,1.33769618167006,100.413610624056,26.6431847519859
-0.243274965628743,1.09144942713849,100.413610624056,26.6431847519859
-0.688938755688623,-0.179697132484725,100.413610624056,26.6431847519859
-1.43994718816367,-1.22414377820774,100.413610624056,26.6431847519859
-1.37420967918164,0.809999743431772,100.413610624056,26.6431847519859
-1.74088498275449,3.48842574831976,100.413610624056,26.6431847519859
-1.39279269908184,4.21373764266802,100.413610624056,26.6431847519859
-1.05887658748503,3.47970723686354,100.413610624056,26.6431847519859
-0.567135673073852,2.09974993105906,100.413610624056,26.6431847519859
0.111086728622754,1.74547430397149,100.413610624056,26.6431847519859
0.532920671676647,1.41516372403259,100.413610624056,26.6431847519859
0.618829857025948,1.18475301308554,100.413610624056,26.6431847519859
0.900935072654691,1.09955360931772,100.413610624056,26.6431847519859
1.42432738027944,0.7953303049389,100.413610624056,26.6431847519859
1.92124816692615,0.930327612219959,100.413610624056,26.6431847519859
1.70408308864271,0.289085748625255,100.413610624056,26.6431847519859
2.90042662363273,-0.631129865529532,100.413610624056,26.6431847519859
2.72477965171657,-2.4002306389002,100.413610624056,26.6431847519859
1.62682325516966,-2.54339418182281,100.413610624056,26.6431847519859
1.72578864021956,-1.44949713197556,100.413610624056,26.6431847519859
1.42852118988024,-1.77880244582485,100.413610624056,26.6431847519859
0.975492364091816,-2.62161877642566,100.413610624056,26.6431847519859
0.666166950299401,-2.871601149389,100.413610624056,26.6431847519859
0.371693344091816,-3.47299227948065,100.413610624056,26.6431847519859
-0.790637116806387,-3.8846115110998,100.413610624056,26.6431847519859
-1.10189204822355,-2.51962770575356,100.413610624056,26.6431847519859
-0.979449850938124,-0.0327359176680244,100.413610624056,26.6431847519859
-3.16639677822355,-0.0509237874745418,100.413610624056,26.6431847519859
-3.82419185768463,0.405988266293279,100.413610624056,26.6431847519859
-3.12227960552894,0.238363248523422,100.413610624056,26.6431847519859
-4.03813092858283,-1.62310410351324,100.413610624056,26.6431847519859
-3.29630140013972,-0.637577220264766,100.413610624056,26.6431847519859
-3.56406001311377,0.678043055804481,100.413610624056,26.6431847519859
-4.01728361670659,1.40611632922607,100.413610624056,26.6431847519859
-4.4524476657485,1.57484589862525,100.413610624056,26.6431847519859
-4.38482324678643,2.27573355020367,100.413610624056,26.6431847519859
-3.14690682417166,1.32061286349287,100.413610624056,26.6431847519859
-2.08164266473054,0.813549201476578,100.413610624056,26.6431847519859
-2.06137359946108,1.15389382627291,100.413610624056,26.6431847519859
-1.1248819159481,0.163632263849287,100.413610624056,26.6431847519859
-0.920663474850299,-0.427147724185336,100.413610624056,26.6431847519859
0.0555020126946108,-0.590987480753564,100.413610624056,26.6431847519859
0.582795963213573,-1.29744753324847,100.413610624056,26.6431847519859
1.26787819570858,-1.47817824226069,100.413610624056,26.6431847519859
1.45705613822355,-0.895688596792261,100.413610624056,26.6431847519859
2.07503741710579,-1.1085692046334,100.413610624056,26.6431847519859
3.42586409820359,-1.80761386838086,100.413610624056,26.6431847519859
3.61527942616766,-2.70314461522403,100.413610624056,26.6431847519859
3.96194131033932,-3.86482886731161,100.413610624056,26.6431847519859
3.62156101035928,-4.09949644577393,100.413610624056,26.6431847519859
3.71544391207585,-3.98099915412424,100.413610624056,26.6431847519859
3.24952323035928,-2.35756267820774,100.413610624056,26.6431847519859
3.42828056033932,-2.17343143946029,100.413610624056,26.6431847519859
2.99573383804391,-0.742956409979633,100.413610624056,26.6431847519859
2.72037280389222,1.22302758864562,100.413610624056,26.6431847519859
2.81588696972056,1.87753027713849,100.413610624056,26.6431847519859
2.43812150491018,0.199815637729124,100.413610624056,26.6431847519859
1.89943305283433,-1.40059279831976,100.413610624056,26.6431847519859
1.00717419133733,-1.86278560173116,100.413610624056,26.6431847519859
0.202047963273453,0.19738314200611,100.413610624056,26.6431847519859
-1.10413199297405,2.26330424170061,100.413610624056,26.6431847519859
-1.50704814177645,3.33176557734216,100.413610624056,26.6431847519859
-1.29127694215569,3.44381551425662,100.413610624056,26.6431847519859
-1.87528166778443,2.79501553895112,100.413610624056,26.6431847519859
-2.12601548329341,2.29110419282077,100.413610624056,26.6431847519859
-2.29791906928144,2.72919543146639,100.413610624056,26.6431847519859
-2.88528371203593,2.78237524867617,100.413610624056,26.6431847519859
-2.78648875756487,2.39593110672098,100.413610624056,26.6431847519859
-2.77060219289421,2.17553582459267,100.413610624056,26.6431847519859
-2.29871035411178,1.61678162846232,100.413610624056,26.6431847519859
-2.55629791361277,1.62886964292261,100.413610624056,26.6431847519859
-1.53151101664671,2.35484550931772,100.413610624056,26.6431847519859
-0.727267375508982,1.59426863233198,100.413610624056,26.6431847519859
-1.20943374347305,1.15085941196538,100.413610624056,26.6431847519859
-0.281682713932136,1.34795361899185,100.413610624056,26.6431847519859
-0.526207986926148,1.35512079389002,100.413610624056,26.6431847519859
0.0264801198403194,1.52633870712831,100.413610624056,26.6431847519859
1.10425266640719,1.31167716491853,100.413610624056,26.6431847519859
1.54378095562874,-0.493569750254582,100.413610624056,26.6431847519859
1.72145483407186,-0.287949397505092,100.413610624056,26.6431847519859
0.480087192235529,0.0238444292769857,100.413610624056,26.6431847519859
0.802176639021956,-0.0610322964867617,100.413610624056,26.6431847519859
0.939105435508982,-0.116160592413442,100.413610624056,26.6431847519859
0.21414244756487,0.0702914458248472,100.413610624056,26.6431847519859
-0.572053812634731,-0.265523276221996,100.413610624056,26.6431847519859
-0.997454624231537,0.581072110234216,100.413610624056,26.6431847519859
-0.690588280219561,0.789987501832994,100.413610624056,26.6431847519859
-1.06786071371257,0.26475458604888,100.413610624056,26.6431847519859
-0.851127798682635,0.37119488996945,100.413610624056,26.6431847519859
-1.566820580499,0.211748518533605,100.413610624056,26.6431847519859
-2.39328715175649,-0.0272690076374745,100.413610624056,26.6431847519859
-2.80700738189621,1.20071936894094,100.413610624056,26.6431847519859
-2.39672011055888,2.1459611444501,100.413610624056,26.6431847519859
-2.20172926794411,2.59236134170061,100.413610624056,26.6431847519859
-2.11375056842315,0.941416565936863,100.413610624056,26.6431847519859
-1.28559795179641,2.35212136232179,100.413610624056,26.6431847519859
-1.37654701283433,0.677652118991853,100.413610624056,26.6431847519859
-1.62923469319361,0.587401563391039,100.413610624056,26.6431847519859
-1.36699681361277,0.611025316496945,100.413610624056,26.6431847519859
-0.700911503852295,1.32543441751527,100.413610624056,26.6431847519859
0.151813550159681,0.82753605188391,100.413610624056,26.6431847519859
2.47589013854291,1.9850006685336,100.413610624056,26.6431847519859
3.48348180746507,1.97944067830957,100.413610624056,26.6431847519859
3.78214922327345,1.06586478462322,100.413610624056,26.6431847519859
2.6845945559481,-0.212498592668024,100.413610624056,26.6431847519859
1.78293157858283,-0.932387014409369,100.413610624056,26.6431847519859
2.88701738916168,-0.764377265173116,100.413610624056,26.6431847519859
3.88754227586826,-0.774038989256619,100.413610624056,26.6431847519859
4.21270555988024,-0.700635948676171,100.413610624056,26.6431847519859
3.89311170371257,-0.427278036456212,100.413610624056,26.6431847519859
3.45360167491018,-0.4210664848778,100.413610624056,26.6431847519859
3.0198497649501,-0.00682859714867617,100.413610624056,26.6431847519859
1.5074001138523,-0.949470332586558,100.413610624056,26.6431847519859
0.0958514522355289,-1.50692140600815,100.413610624056,26.6431847519859
-0.641577315189621,-2.25526134022403,100.413610624056,26.6431847519859
-1.07654049962076,-1.00112363462322,100.413610624056,26.6431847519859
-1.12744446143713,0.986405326120163,100.413610624056,26.6431847519859
-2.00306199427146,1.72720576466395,100.413610624056,26.6431847519859
-1.8842536203992,1.99832354689409,100.413610624056,26.6431847519859
-2.55228062139721,1.38771127230143,100.413610624056,26.6431847519859
-3.61215187037924,-0.865543024796334,100.413610624056,26.6431847519859
-4.34264776532934,-1.90494472403259,100.413610624056,26.6431847519859
-3.79026399888224,0.218127614460285,100.413610624056,26.6431847519859
-2.63229777816367,1.68991783915479,100.413610624056,26.6431847519859
-1.44978955409182,1.94562774669043,100.413610624056,26.6431847519859
-1.22291601962076,2.07322828126273,100.413610624056,26.6431847519859
-1.39072318491018,1.31541898869654,100.413610624056,26.6431847519859
-1.49755272381238,0.549666852953157,100.413610624056,26.6431847519859
-1.68231773169661,-1.88617975702648,100.413610624056,26.6431847519859
-0.761329144051896,-2.60418175351324,100.413610624056,26.6431847519859
0.0836656658483034,-2.71957016670061,100.413610624056,26.6431847519859
1.75249754664671,0.0519360316700611,100.413610624056,26.6431847519859
2.21006104319361,1.95087126425662,100.413610624056,26.6431847519859
2.61077985489022,1.97205011094705,100.413610624056,26.6431847519859
2.64236429323353,-1.0937198110998,100.413610624056,26.6431847519859
1.9339452450499,-3.82453755422607,100.413610624056,26.6431847519859
1.70591521736527,-4.24723332886965,100.413610624056,26.6431847519859
1.91923952081836,-3.32828360534623,100.413610624056,26.6431847519859
2.30263528153693,-2.13258164521385,100.413610624056,26.6431847519859
2.80232556508982,-1.33514501160896,100.413610624056,26.6431847519859
2.6076451496008,-0.55831633284114,100.413610624056,26.6431847519859
2.47069200588822,-1.49296558233198,100.413610624056,26.6431847519859
0.887404102055888,-1.34516664577393,100.413610624056,26.6431847519859
0.034484270239521,-3.18862608304481,100.413610624056,26.6431847519859
-0.486698526666667,-3.58181543635438,100.413610624056,26.6431847519859
-1.20400431217565,-1.88880461848269,100.413610624056,26.6431847519859
-1.02419396469062,1.28146333411405,100.413610624056,26.6431847519859
-1.75252904337325,2.61519701583503,100.413610624056,26.6431847519859
-2.83740489299401,1.79089743839104,100.413610624056,26.6431847519859
-2.80707433676647,1.15110762581466,100.413610624056,26.6431847519859
-3.4196261843513,0.578769926782077,100.413610624056,26.6431847519859
-4.79083758003992,-1.54448857209776,100.413610624056,26.6431847519859
-10.1678675612575,0.264996594551935,100.413610624056,26.6431847519859
-15.6240990671856,1.88784356257637,100.413610624056,26.6431847519859
-9.16702007381237,3.05557182189409,100.413610624056,26.6431847519859
-7.6818575757485,3.36376034251527,100.413610624056,26.6431847519859
-9.44361064285429,2.95238932474542,100.413610624056,26.6431847519859
-8.02071617413173,1.71045132983707,100.413610624056,26.6431847519859
-8.27194302095808,-0.678048488391039,100.413610624056,26.6431847519859
-7.73072245742515,-1.5394250095723,100.413610624056,26.6431847519859
-15.3284872281836,-0.361898508553971,100.413610624056,26.6431847519859
-9.32055976493014,-0.187193190733198,100.413610624056,26.6431847519859
-6.39798576491018,1.03039502556008,100.413610624056,26.6431847519859
-3.79961333349301,1.64572956863544,100.413610624056,26.6431847519859
0.150851834750499,0.119040645824847,100.413610624056,26.6431847519859
1.14936198854291,-3.48655096099796,100.413610624056,26.6431847519859
-1.81605704163673,-9.25922942713849,100.413610624056,26.6431847519859
-2.05742934892216,-6.82005675157841,100.413610624056,26.6431847519859
1.57559060580838,-5.62768706237271,100.413610624056,26.6431847519859
-0.432434647724551,-6.24722262484725,100.413610624056,26.6431847519859
-1.03905794588822,-1.22684930916497,100.413610624056,26.6431847519859
1.30522075289421,-2.13870011659878,100.413610624056,26.6431847519859
0.759435084570858,-1.57413771639511,100.413610624056,26.6431847519859
-4.1575540699002,-2.5990251107943,100.413610624056,26.6431847519859
-0.314654944131737,-3.25566243839104,100.413610624056,26.6431847519859
1.22506968638723,-3.98775057082485,100.413610624056,26.6431847519859
0.504915275489022,-1.28095992830957,100.413610624056,26.6431847519859
0.360292755728543,0.287031779022403,100.413610624056,26.6431847519859
-0.0310462873253493,0.568847578156823,100.413610624056,26.6431847519859
-0.901800461856287,0.595753959419552,100.413610624056,26.6431847519859
-0.791038846027944,0.478100594857434,100.413610624056,26.6431847519859
-2.91822550820359,-0.799586399694501,100.413610624056,26.6431847519859
-4.99290129167665,-0.922173014511202,100.413610624056,26.6431847519859
-2.74977314143713,1.13889550442974,100.413610624056,26.6431847519859
-2.10652552924152,0.42438711787169,100.413610624056,26.6431847519859
-2.06973687143713,0.52928849592668,100.413610624056,26.6431847519859
-2.18346276197605,2.02668818452138,100.413610624056,26.6431847519859
-1.90258708123752,2.22963403304481,100.413610624056,26.6431847519859
-1.58579315600798,1.11168506120163,100.413610624056,26.6431847519859
-0.984477553013972,-0.476585717617108,100.413610624056,26.6431847519859
-1.00236059017964,-1.76271198304481,100.413610624056,26.6431847519859
0.183617113532934,-1.8011044601833,100.413610624056,26.6431847519859
-0.387197502654691,-0.280589856873727,100.413610624056,26.6431847519859
-0.626469861736527,0.492571462270876,100.413610624056,26.6431847519859
-0.764068206926148,-0.153262357535642,100.413610624056,26.6431847519859
-0.297027552834331,-0.237605423523422,100.413610624056,26.6431847519859
-0.0482658625948104,-0.346019027545825,100.413610624056,26.6431847519859
-0.301300490918164,-2.1493112586558,100.413610624056,26.6431847519859
-1.10447894093812,-3.26701822199593,100.413610624056,26.6431847519859
-1.52280079670659,-1.96778005997963,100.413610624056,26.6431847519859
-1.30855129868263,0.0575022272403259,100.413610624056,26.6431847519859
-1.72974004025948,1.62554357734216,100.413610624056,26.6431847519859
-2.39125415842315,2.28000903375764,100.413610624056,26.6431847519859
-2.62265627684631,1.49518166369654,100.413610624056,26.6431847519859
-2.46739401952096,-0.704415004531568,100.413610624056,26.6431847519859
-1.53202839518962,-0.318467290274949,100.413610624056,26.6431847519859
-1.19366891493014,0.0187808667515275,100.413610624056,26.6431847519859
-1.7920080696008,-0.309308199236253,100.413610624056,26.6431847519859
-1.32788908257485,0.758005147352342,100.413610624056,26.6431847519859
-1.18088662151697,2.44074611720978,100.413610624056,26.6431847519859
-0.508154519181637,3.26702520010183,100.413610624056,26.6431847519859
0.174371254630738,3.29010288273931,100.413610624056,26.6431847519859
0.498639778103792,0.151010589613035,100.413610624056,26.6431847519859
0.501269278463074,-1.79109523671079,100.413610624056,26.6431847519859
0.489400006007984,-1.50708274501018,100.413610624056,26.6431847519859
0.512091620219561,0.919350354735234,100.413610624056,26.6431847519859
0.321866747005988,2.25652800361507,100.413610624056,26.6431847519859
0.456902546706587,2.91821648304481,100.413610624056,26.6431847519859
0.742562457265469,1.54800157082485,100.413610624056,26.6431847519859
0.871700141576846,-0.696267384928717,100.413610624056,26.6431847519859
1.06642316471058,-1.40516613849287,100.413610624056,26.6431847519859
0.31721034011976,-1.60360690565173,100.413610624056,26.6431847519859
-0.238375086487026,-1.74130353854379,100.413610624056,26.6431847519859
-0.177446154550898,-1.45722899338086,100.413610624056,26.6431847519859
0.102193904491018,-1.26956691262729,100.413610624056,26.6431847519859
0.585881974051896,-0.752053447556008,100.413610624056,26.6431847519859
0.23112463738523,-0.514258374592668,100.413610624056,26.6431847519859
0.439402978343313,-0.886852183757638,100.413610624056,26.6431847519859
0.979381833373253,-2.46679538793279,100.413610624056,26.6431847519859
1.4347358192016,-2.3676401604888,100.413610624056,26.6431847519859
1.63200312740519,-1.61779232713849,100.413610624056,26.6431847519859
1.2672512546507,0.428203405804481,100.413610624056,26.6431847519859
1.62212424063872,1.53003088813646,100.413610624056,26.6431847519859
1.97161648978044,1.72828549490835,100.413610624056,26.6431847519859
1.74719593828343,-0.505788076985743,100.413610624056,26.6431847519859
2.01935531227545,-1.90200338991853,100.413610624056,26.6431847519859
2.07951730660679,-0.71492686104888,100.413610624056,26.6431847519859
0.931314323333333,-0.979597288543788,100.413610624056,26.6431847519859
0.73156968493014,-1.07387511384929,100.413610624056,26.6431847519859
0.553341907105788,-0.858177278818737,100.413610624056,26.6431847519859
1.05900334772455,0.44397739592668,100.413610624056,26.6431847519859
0.34388881251497,-0.0221868290733198,100.413610624056,26.6431847519859
0.100860893892216,-1.88379690407332,100.413610624056,26.6431847519859
-0.822136339860279,-2.43900784750509,100.413610624056,26.6431847519859
-1.72355584497006,-1.4478278938391,100.413610624056,26.6431847519859
-3.02594372083832,-0.191518317057026,100.413610624056,26.6431847519859
-2.21666020401198,-0.589448554887984,100.413610624056,26.6431847519859
-2.12417118095808,-1.50473091878819,100.413610624056,26.6431847519859
-2.10113870558882,-2.86373897571283,100.413610624056,26.6431847519859
-2.83457452802395,-2.34526368197556,100.413610624056,26.6431847519859
-3.39941190033932,-2.18389365320774,100.413610624056,26.6431847519859
-3.33146488063872,-0.920013554022403,100.413610624056,26.6431847519859
-2.68928245956088,-1.75141825290224,100.413610624056,26.6431847519859
-2.59440132159681,-1.96813376471487,100.413610624056,26.6431847519859
-2.54215217556886,-2.8610520607943,100.413610624056,26.6431847519859
-1.34759816165669,-0.141850725814664,100.413610624056,26.6431847519859
-2.15276091055888,0.114808599694501,100.413610624056,26.6431847519859
-1.21899611630739,-1.31075179557026,100.413610624056,26.6431847519859
-0.542289329401198,-0.629119333350305,100.413610624056,26.6431847519859
0.387147745508982,-1.52523958808554,100.413610624056,26.6431847519859
0.960494473153693,0.808156755600815,100.413610624056,26.6431847519859
1.56443957650699,-0.861695710132383,100.413610624056,26.6431847519859
2.18158087610778,-0.307887174949083,100.413610624056,26.6431847519859
2.84972352642715,-1.77970222102851,100.413610624056,26.6431847519859
2.06811671824351,-0.491888101425662,100.413610624056,26.6431847519859
2.11136956443114,0.430232554022403,100.413610624056,26.6431847519859
3.60984390806387,0.268812882484725,100.413610624056,26.6431847519859
4.43306621151697,0.404976794857434,100.413610624056,26.6431847519859
4.39020292093812,-2.15718584302444,100.413610624056,26.6431847519859
3.06395476403194,-2.67253364226069,100.413610624056,26.6431847519859
3.08167954423154,-1.07067936053971,100.413610624056,26.6431847519859
2.36366160237525,0.648865517820774,100.413610624056,26.6431847519859
1.85787233882236,0.846828473319756,100.413610624056,26.6431847519859
1.90298774776447,0.493682219246436,100.413610624056,26.6431847519859
1.35856552407186,1.52737499994908,100.413610624056,26.6431847519859
1.87266327834331,1.06137211395112,100.413610624056,26.6431847519859
0.293623965369261,1.19007720015275,100.413610624056,26.6431847519859
-0.0249229600998004,1.23830515106925,100.413610624056,26.6431847519859
-1.11349958800399,3.26569105066191,100.413610624056,26.6431847519859
-2.16839791616766,2.25454849816701,100.413610624056,26.6431847519859
-1.7326373600998,3.34265595997963,100.413610624056,26.6431847519859
-0.956368681117765,3.52023435310591,100.413610624056,26.6431847519859
-1.10805798309381,3.33913752866599,100.413610624056,26.6431847519859
-2.68462605267465,2.34176463946029,100.413610624056,26.6431847519859
-3.28319650598802,2.76845045173116,100.413610624056,26.6431847519859
-2.84302910209581,3.94829775224033,100.413610624056,26.6431847519859
-2.19745024305389,3.99100294501018,100.413610624056,26.6431847519859
-1.64640557401198,2.82298303441955,100.413610624056,26.6431847519859
0.103131272674651,1.49767621288187,100.413610624056,26.6431847519859
0.393471937345309,0.9360241200611,100.413610624056,26.6431847519859
0.246548604770459,0.818929236659878,100.413610624056,26.6431847519859
0.488438290598802,1.54891996206721,100.413610624056,26.6431847519859
0.192388201536926,1.9819538435336,100.413610624056,26.6431847519859
-0.523645441437126,1.91724449302444,100.413610624056,26.6431847519859
0.181839766067864,-0.799394033961304,100.413610624056,26.6431847519859
1.44843113357285,-2.2742683157332,100.413610624056,26.6431847519859
2.52130988780439,-2.41983332764766,100.413610624056,26.6431847519859
2.65431878097804,-2.38340173991853,100.413610624056,26.6431847519859
1.05695818077844,-2.86008402678208,100.413610624056,26.6431847519859
-0.0118728472055888,-2.38612588691446,100.413610624056,26.6431847519859
-0.73885665487026,-2.08983301502037,100.413610624056,26.6431847519859
0.310715717704591,-1.03156085789206,100.413610624056,26.6431847519859
0.208232158562874,-1.15510930137475,100.413610624056,26.6431847519859
0.298243851417166,-1.43670791339104,100.413610624056,26.6431847519859
-0.246287934790419,-2.31870480010183,100.413610624056,26.6431847519859
-1.87182436175649,-2.52764501308554,100.413610624056,26.6431847519859
-2.77403515169661,-1.44913722189409,100.413610624056,26.6431847519859
-1.7467891849501,-0.730496074745418,100.413610624056,26.6431847519859
-0.947232384730539,-0.844525517107943,100.413610624056,26.6431847519859
-0.626871590958084,-1.54084603385947,100.413610624056,26.6431847519859
-0.248680049700599,-1.80811650142566,100.413610624056,26.6431847519859
0.0425492887025948,0.643975704989817,100.413610624056,26.6431847519859
-1.14626486678643,0.182117990274949,100.413610624056,26.6431847519859
-0.850233038143713,-0.0140143880855397,100.413610624056,26.6431847519859
-0.37916900502994,-0.965827625254582,100.413610624056,26.6431847519859
0.0582289019560878,-2.03026789653768,100.413610624056,26.6431847519859
0.54192914512974,-1.92055737515275,100.413610624056,26.6431847519859
1.11373591075848,-0.357176240071283,100.413610624056,26.6431847519859
1.53783414578842,-0.471975145366599,100.413610624056,26.6431847519859
0.994580588922156,-0.37749874898167,100.413610624056,26.6431847519859
0.47534557005988,-0.626246258044806,100.413610624056,26.6431847519859
-0.126803925409182,-1.09747404557026,100.413610624056,26.6431847519859
0.389692030578842,-3.04630026186354,100.413610624056,26.6431847519859
2.07879297664671,-3.65167522423625,100.413610624056,26.6431847519859
2.17755749708583,-4.04246310855397,100.413610624056,26.6431847519859
1.56112835383234,-3.63171883075356,100.413610624056,26.6431847519859
1.03110142724551,-1.96456569063136,100.413610624056,26.6431847519859
0.360761439820359,-1.24738900519348,100.413610624056,26.6431847519859
-0.0184587717165669,-1.58411591313646,100.413610624056,26.6431847519859
0.275473108722555,-3.44285911817719,100.413610624056,26.6431847519859
1.16663634506986,-3.21377635132383,100.413610624056,26.6431847519859
1.30897022562874,-1.58668492647658,100.413610624056,26.6431847519859
0.0996191853892215,-0.0213118752545825,100.413610624056,26.6431847519859
-0.944590710758483,-0.13830747311609,100.413610624056,26.6431847519859
-1.73699551347305,-0.856843129378819,100.413610624056,26.6431847519859
-1.07939521181637,-0.590515874439918,100.413610624056,26.6431847519859
-0.896736238942116,-0.445397647454175,100.413610624056,26.6431847519859
-1.20436952055888,-0.127888696792261,100.413610624056,26.6431847519859
-0.544231020638723,1.31260796685336,100.413610624056,26.6431847519859
-0.606602525688623,2.03669120264766,100.413610624056,26.6431847519859
-0.525167143033932,3.29269671746436,100.413610624056,26.6431847519859
-2.92294278315369,3.37751138976578,100.413610624056,26.6431847519859
-1.81630051389222,2.98728198660896,100.413610624056,26.6431847519859
-0.360744242095808,0.805482251374745,100.413610624056,26.6431847519859
-0.00938334339321357,0.171947427800407,100.413610624056,26.6431847519859
0.167152302255489,-0.690415743431772,100.413610624056,26.6431847519859
1.15449316632735,-2.01842809592668,100.413610624056,26.6431847519859
0.12671764742515,1.70432665310591,100.413610624056,26.6431847519859
0.722908159441118,2.46752218620163,100.413610624056,26.6431847519859
0.607167535988024,2.59248544862525,100.413610624056,26.6431847519859
1.10482482620758,0.168348326985743,100.413610624056,26.6431847519859
1.7004675256487,0.0539589745417515,100.413610624056,26.6431847519859
1.8874420442515,-1.356286626222,100.413610624056,26.6431847519859
2.30525260828343,0.784905323268839,100.413610624056,26.6431847519859
1.09570070343313,1.16624246527495,100.413610624056,26.6431847519859
1.80019376149701,0.0329476721995927,100.413610624056,26.6431847519859
1.04160725506986,-1.36422326405295,100.413610624056,26.6431847519859
1.58336345756487,-0.582908119959267,100.413610624056,26.6431847519859
0.790313453373254,-0.279522537321792,100.413610624056,26.6431847519859
1.23103475664671,-0.434085301272912,100.413610624056,26.6431847519859
0.688213363033932,1.59366671374745,100.413610624056,26.6431847519859
-0.150298998063872,1.95754821680244,100.413610624056,26.6431847519859
-1.6027936062475,2.87387928421589,100.413610624056,26.6431847519859
-2.70530293397206,3.4654287351833,100.413610624056,26.6431847519859
-2.18728527638723,3.25100920147658,100.413610624056,26.6431847519859
-2.21872971818363,2.84552085193483,100.413610624056,26.6431847519859
-3.48353765141717,1.91595998635438,100.413610624056,26.6431847519859
-4.6689614557485,3.96260728065173,100.413610624056,26.6431847519859
-4.36724454994012,3.73429397673116,100.413610624056,26.6431847519859
-4.94778588273453,4.44945392464358,100.413610624056,26.6431847519859
-4.95182752217565,3.0320473543279,100.413610624056,26.6431847519859
-4.35903953493014,2.07144734689409,100.413610624056,26.6431847519859
-3.37455946986028,1.30934395473523,100.413610624056,26.6431847519859
-3.14699812626746,0.778395915071283,100.413610624056,26.6431847519859
-2.78853392451098,0.660109605193483,100.413610624056,26.6431847519859
-2.34512833962076,1.27823655407332,100.413610624056,26.6431847519859
-1.32617260317365,0.686885674185336,100.413610624056,26.6431847519859
-0.284007873972056,-0.178034099694501,100.413610624056,26.6431847519859
0.637212012315369,-1.09980105040733,100.413610624056,26.6431847519859
1.29551229670659,-2.29318841639511,100.413610624056,26.6431847519859
2.06639415203593,-3.16794366405295,100.413610624056,26.6431847519859
2.60452870473054,-3.21728857729124,100.413610624056,26.6431847519859
2.8889103859481,-3.02090177973523,100.413610624056,26.6431847519859
2.94375859830339,-2.10783472443992,100.413610624056,26.6431847519859
2.62571079095808,-2.71080821782077,100.413610624056,26.6431847519859
2.01713362794411,-2.06028315626273,100.413610624056,26.6431847519859
1.66630836820359,-0.843998062678208,100.413610624056,26.6431847519859
1.62319551856287,-1.29394771797352,100.413610624056,26.6431847519859
1.59204324347305,-1.34063053767821,100.413610624056,26.6431847519859
0.896497790798403,-2.12204496731161,100.413610624056,26.6431847519859
0.613528248662675,-1.94062546486762,100.413610624056,26.6431847519859
1.36146284391218,0.0432981897148676,100.413610624056,26.6431847519859
0.690465481397206,0.175949876120163,100.413610624056,26.6431847519859
0.0147325835129741,-1.25981831369654,100.413610624056,26.6431847519859
0.495413770718563,-1.68144056344196,100.413610624056,26.6431847519859
0.551661948542914,-0.1814470401222,100.413610624056,26.6431847519859
0.846068599880239,1.56392448925662,100.413610624056,26.6431847519859
0.615518634351297,1.64532001578411,100.413610624056,26.6431847519859
0.803363566267465,1.04046009714868,100.413610624056,26.6431847519859
0.821697027105788,0.58515522805499,100.413610624056,26.6431847519859
0.355709390518962,-0.40728441089613,100.413610624056,26.6431847519859
-0.33869174255489,-0.269165814460285,100.413610624056,26.6431847519859
0.199564546267465,0.596703377393075,100.413610624056,26.6431847519859
1.20215286033932,1.67703554037678,100.413610624056,26.6431847519859
1.36019070137725,0.649188195824847,100.413610624056,26.6431847519859
1.21700466792415,-0.446117467617108,100.413610624056,26.6431847519859
1.07248562387226,-0.418187204226069,100.413610624056,26.6431847519859
0.403289956047904,-0.0870947506619145,100.413610624056,26.6431847519859
-0.130364707145709,0.20231018691446,100.413610624056,26.6431847519859
-0.0726861298203593,-0.187652386354379,100.413610624056,26.6431847519859
0.0394632778642715,-0.660015752240326,100.413610624056,26.6431847519859
-0.0274307243313373,-0.509802935997963,100.413610624056,26.6431847519859
0.19446380251497,1.28207145804481,100.413610624056,26.6431847519859
0.718915214451098,1.44292644307536,100.413610624056,26.6431847519859
0.746664964770459,-0.517174887321792,100.413610624056,26.6431847519859
-0.139440135469062,-1.44502928268839,100.413610624056,26.6431847519859
-0.731169018403193,-1.58612644531568,100.413610624056,26.6431847519859
-0.651529243632734,0.267491143737271,100.413610624056,26.6431847519859
-0.625769879001996,2.58747773421589,100.413610624056,26.6431847519859
-0.633731421756487,2.7288107,100.413610624056,26.6431847519859
-1.86080115538922,1.13896996858452,100.413610624056,26.6431847519859
-2.79306859526946,0.941906788289206,100.413610624056,26.6431847519859
-2.40731115367265,2.60412667815682,100.413610624056,26.6431847519859
-2.18930609610778,2.71080278523422,100.413610624056,26.6431847519859
-2.27290838183633,3.78962084373727,100.413610624056,26.6431847519859
-2.46660882149701,3.07554683141548,100.413610624056,26.6431847519859
-2.38839944622754,2.80371543436864,100.413610624056,26.6431847519859
-2.20591699073852,2.91811719750509,100.413610624056,26.6431847519859
-1.9451034238523,3.14807491817719,100.413610624056,26.6431847519859
-1.59778416459082,2.03060996334012,100.413610624056,26.6431847519859
-1.67243275812375,-0.346422375050916,100.413610624056,26.6431847519859
-1.51961131015968,-0.157773644246436,100.413610624056,26.6431847519859
-0.660738581696607,1.55099254770876,100.413610624056,26.6431847519859
-0.0819137283033932,3.83187925157841,100.413610624056,26.6431847519859
0.702316493433134,2.24245427836049,100.413610624056,26.6431847519859
0.911209601836327,0.800089805498982,100.413610624056,26.6431847519859
1.48489110383234,-1.15269542169043,100.413610624056,26.6431847519859
1.77390484471058,-0.03209676700611,100.413610624056,26.6431847519859
1.20648666648703,0.791718793431772,100.413610624056,26.6431847519859
2.63698355638723,0.902080876171079,100.413610624056,26.6431847519859
2.37682736459082,-0.536324585794297,100.413610624056,26.6431847519859
1.42090659508982,-1.38359014964358,100.413610624056,26.6431847519859
1.16998408858283,-0.817221993686354,100.413610624056,26.6431847519859
1.35683687105788,1.03110864037678,100.413610624056,26.6431847519859
1.89227496852295,0.47831778197556,100.413610624056,26.6431847519859
1.71401675666667,-0.390585824185336,100.413610624056,26.6431847519859
0.308110564570858,-1.62594615208758,100.413610624056,26.6431847519859
0.22129444506986,-0.300372500661914,100.413610624056,26.6431847519859
-0.117271986606786,2.0171071299389,100.413610624056,26.6431847519859
-0.74539388493014,2.14651342026477,100.413610624056,26.6431847519859
-0.589066436487026,0.43301254913442,100.413610624056,26.6431847519859
-0.17191324754491,-0.420936172606925,100.413610624056,26.6431847519859
0.394427565948104,0.267900696588595,100.413610624056,26.6431847519859
-0.0654550038323353,1.94315181354379,100.413610624056,26.6431847519859
-0.137029760139721,1.75676182876782,100.413610624056,26.6431847519859
-1.00878217091816,0.717527673879837,100.413610624056,26.6431847519859
0.0100031349500998,-1.56854049409369,100.413610624056,26.6431847519859
0.32177544491018,-0.622454791496945,100.413610624056,26.6431847519859
1.05563125698603,1.29571701440937,100.413610624056,26.6431847519859
1.72956854698603,1.29115608492872,100.413610624056,26.6431847519859
1.97973020269461,0.121802024898167,100.413610624056,26.6431847519859
1.83452334952096,-1.49574557744399,100.413610624056,26.6431847519859
2.11743202359281,-1.77624584317719,100.413610624056,26.6431847519859
2.36521373800399,-2.32412827270876,100.413610624056,26.6431847519859
2.17693055602794,-2.76811459027495,100.413610624056,26.6431847519859
1.84712303874251,-4.37621765565173,100.413610624056,26.6431847519859
1.87364325417166,-3.76606457668024,100.413610624056,26.6431847519859
1.68415488453094,-1.36941093350306,100.413610624056,26.6431847519859
0.431027532754491,-0.498471973778004,100.413610624056,26.6431847519859
-0.360245123972056,-1.09948457774949,100.413610624056,26.6431847519859
-0.727924750598802,-2.1133264558554,100.413610624056,26.6431847519859
-0.910924584630738,-3.07726493956212,100.413610624056,26.6431847519859
-0.611441536766467,-2.53368902031568,100.413610624056,26.6431847519859
-0.411301255948104,-0.670235957484725,100.413610624056,26.6431847519859
-0.15477888756487,-1.63377109368635,100.413610624056,26.6431847519859
-1.11018836532934,-2.20008960687373,100.413610624056,26.6431847519859
-1.86169591592814,-1.5708178561609,100.413610624056,26.6431847519859
-2.33432425828343,0.142943639511202,100.413610624056,26.6431847519859
-1.74375186856287,0.461594373879837,100.413610624056,26.6431847519859
-0.620529138702595,1.26167448497963,100.413610624056,26.6431847519859
-0.269363017804391,1.40383276181263,100.413610624056,26.6431847519859
-1.10852666718563,2.18841812337067,100.413610624056,26.6431847519859
-0.34446203500998,2.36983762581466,100.413610624056,26.6431847519859
0.580282112175649,3.17950499684318,100.413610624056,26.6431847519859
-0.0916526185229541,2.1692746302444,100.413610624056,26.6431847519859
0.348234792275449,1.60785834058045,100.413610624056,26.6431847519859
-0.371043118502994,0.47008949287169,100.413610624056,26.6431847519859
-0.00120876241516966,1.21201930442974,100.413610624056,26.6431847519859
0.332177797025948,3.3272604959776,100.413610624056,26.6431847519859
1.00974282363273,4.38553265310591,100.413610624056,26.6431847519859
0.10442776243513,4.91612698803462,100.413610624056,26.6431847519859
-0.884684362295409,3.76152303599796,100.413610624056,26.6431847519859
-0.546799652934132,2.7773861503055,100.413610624056,26.6431847519859
0.0860638675648703,2.78153752693483,100.413610624056,26.6431847519859
0.0135456562674651,2.83647345712831,100.413610624056,26.6431847519859
0.444436767225549,2.93242052057026,100.413610624056,26.6431847519859
0.778632871916168,2.21365526649694,100.413610624056,26.6431847519859
0.868656738383234,2.73710104256619,100.413610624056,26.6431847519859
0.781731056367265,1.82643545626273,100.413610624056,26.6431847519859
1.22726702349301,1.86632342184318,100.413610624056,26.6431847519859
1.49666907419162,0.559105184572301,100.413610624056,26.6431847519859
0.556294008203593,0.609759425865581,100.413610624056,26.6431847519859
-0.0286237383832335,1.52570576181263,100.413610624056,26.6431847519859
-1.4790062247505,2.23690049348269,100.413610624056,26.6431847519859
-2.00785839770459,2.27972358783096,100.413610624056,26.6431847519859
-1.67492226193613,1.18098636792261,100.413610624056,26.6431847519859
-0.882986143313373,-0.745953592209776,100.413610624056,26.6431847519859
-1.22625767632735,-1.75986993447047,100.413610624056,26.6431847519859
-2.29881382982036,-1.21758472724033,100.413610624056,26.6431847519859
-2.97373718245509,0.65594581787169,100.413610624056,26.6431847519859
-3.13114808243513,0.716869907179226,100.413610624056,26.6431847519859
-2.9399006257485,0.230569333655805,100.413610624056,26.6431847519859
-3.16522811139721,-1.3799476114053,100.413610624056,26.6431847519859
-1.89667679223553,-1.33354403228106,100.413610624056,26.6431847519859
-1.74057455562874,-0.0680629537678208,100.413610624056,26.6431847519859
-1.96181779419162,0.0535370109979633,100.413610624056,26.6431847519859
-2.04918781307385,-0.499917819450102,100.413610624056,26.6431847519859
-1.03877186598802,-2.10208236848269,100.413610624056,26.6431847519859
0.485041852634731,-1.51047706939919,100.413610624056,26.6431847519859
1.73198500912176,-0.00633216945010183,100.413610624056,26.6431847519859
2.01712145433134,-0.539545160488798,100.413610624056,26.6431847519859
2.13617330045908,-1.76550438884929,100.413610624056,26.6431847519859
1.99721151063872,-3.23549506313646,100.413610624056,26.6431847519859
2.20884368191617,-2.4491535885947,100.413610624056,26.6431847519859
2.08548846367265,-2.46753382413442,100.413610624056,26.6431847519859
1.35289870732535,-2.95501961878819,100.413610624056,26.6431847519859
1.90704156081836,-2.33728981206721,100.413610624056,26.6431847519859
2.15893795634731,-1.09435896176171,100.413610624056,26.6431847519859
1.8783848763473,-0.310009403360489,100.413610624056,26.6431847519859
1.57542017522954,-0.740790744144603,100.413610624056,26.6431847519859
1.51924503908184,-2.09077002230143,100.413610624056,26.6431847519859
1.52806482153693,-3.53974939424644,100.413610624056,26.6431847519859
0.749337072774451,-3.89247368477597,100.413610624056,26.6431847519859
0.515061981736527,-3.342816526222,100.413610624056,26.6431847519859
0.660822734291417,-2.95208449002037,100.413610624056,26.6431847519859
1.12924509343313,-1.97042974282077,100.413610624056,26.6431847519859
0.827327323013972,-1.03519098543788,100.413610624056,26.6431847519859
0.0764467134730539,-1.00105537581466,100.413610624056,26.6431847519859
-0.0741469633532934,-1.7872975648167,100.413610624056,26.6431847519859
0.202388824431138,-2.63821807759674,100.413610624056,26.6431847519859
-0.29505542756487,-2.79888069689409,100.413610624056,26.6431847519859
-0.196242212674651,-2.79864489373727,100.413610624056,26.6431847519859
-0.299133587844311,-1.3050304663442,100.413610624056,26.6431847519859
-0.128599533293413,0.183700353564155,100.413610624056,26.6431847519859
0.65522287241517,0.533936300254582,100.413610624056,26.6431847519859
0.0440831639121756,-0.425825985437882,100.413610624056,26.6431847519859
-0.645734603952096,-1.03682299149695,100.413610624056,26.6431847519859
-0.609603321237525,-0.740033691904277,100.413610624056,26.6431847519859
-0.872973346806387,-0.290797651425662,100.413610624056,26.6431847519859
-0.0532631306387225,0.117843014002037,100.413610624056,26.6431847519859
0.77586337500998,0.292250475203666,100.413610624056,26.6431847519859
0.244132142634731,-0.859424553411405,100.413610624056,26.6431847519859
-0.611916307664671,-1.33883098727088,100.413610624056,26.6431847519859
-0.397831153413174,-0.218765992362525,100.413610624056,26.6431847519859
-0.532532178762475,0.120412027342159,100.413610624056,26.6431847519859
-1.21815005021956,0.107355978869654,100.413610624056,26.6431847519859
-1.17402070391218,0.0381353416496945,100.413610624056,26.6431847519859
-0.101543678902196,0.987857377138493,100.413610624056,26.6431847519859
0.0585697631137724,2.75155949928717,100.413610624056,26.6431847519859
-0.410729096147705,2.39187901563136,100.413610624056,26.6431847519859
-0.468748534630738,1.69984639312627,100.413610624056,26.6431847519859
-0.288652107245509,0.237891642209776,100.413610624056,26.6431847519859
-0.380538536467066,0.164265209164969,100.413610624056,26.6431847519859
-0.738181019361277,1.24959267586558,100.413610624056,26.6431847519859
-0.278359317644711,1.40490008136456,100.413610624056,26.6431847519859
0.852861475808383,1.29423393665988,100.413610624056,26.6431847519859
1.50314543618762,1.55390285509165,100.413610624056,26.6431847519859
1.01704699129741,0.77448654694501,100.413610624056,26.6431847519859
0.166214934071856,0.306497950152749,100.413610624056,26.6431847519859
-0.407661345728543,0.835689876832994,100.413610624056,26.6431847519859
0.398737024870259,1.58889480249491,100.413610624056,26.6431847519859
0.444570676966068,1.71498123258656,100.413610624056,26.6431847519859
0.44768103502994,1.52304366827902,100.413610624056,26.6431847519859
0.505615258223553,2.14174771435845,100.413610624056,26.6431847519859
0.589235804371257,2.26390616028513,100.413610624056,26.6431847519859
0.446889750199601,2.65133695229124,100.413610624056,26.6431847519859
0.407702890678643,2.78408792423625,100.413610624056,26.6431847519859
-0.819902481916168,0.987410592209776,100.413610624056,26.6431847519859
-0.960355539301397,-0.612420746639511,100.413610624056,26.6431847519859
0.2905562149501,1.17357718452138,100.413610624056,26.6431847519859
1.47227315419162,2.70881707443992,100.413610624056,26.6431847519859
1.58753291994012,2.92872833956212,100.413610624056,26.6431847519859
1.12460086015968,1.22905297983707,100.413610624056,26.6431847519859
1.28310129848303,0.693184100610998,100.413610624056,26.6431847519859
0.77088436738523,1.39598299882892,100.413610624056,26.6431847519859
0.585930668502994,0.775373911456212,100.413610624056,26.6431847519859
1.27122593922156,-0.729577683503055,100.413610624056,26.6431847519859
2.04509032968064,-1.83969550840122,100.413610624056,26.6431847519859
1.64574713622754,-0.487376814714868,100.413610624056,26.6431847519859
1.32975666944112,1.79122632174134,100.413610624056,26.6431847519859
-0.17351407762475,1.99749823584521,100.413610624056,26.6431847519859
-1.64045876417166,0.0700246159368635,100.413610624056,26.6431847519859
-1.38362596866267,-2.46744074394094,100.413610624056,26.6431847519859
-1.63624060734531,-2.89768842494908,100.413610624056,26.6431847519859
-1.60682915888224,-3.0861323793279,100.413610624056,26.6431847519859
-0.549203941457086,-2.75970634613035,100.413610624056,26.6431847519859
0.119955205528942,-2.49056186400204,100.413610624056,26.6431847519859
-0.670264433692615,-1.88738359419552,100.413610624056,26.6431847519859
-1.43010482223553,-1.71645112688391,100.413610624056,26.6431847519859
-1.74190147942116,-0.598359432077393,100.413610624056,26.6431847519859
-1.17926144421158,-1.60676542688391,100.413610624056,26.6431847519859
-0.271024715948104,-4.25126059857434,100.413610624056,26.6431847519859
0.551418476287425,-4.10308934124236,100.413610624056,26.6431847519859
1.16672764716567,-1.67353495234216,100.413610624056,26.6431847519859
0.894172630758483,0.686023131059063,100.413610624056,26.6431847519859
0.513844620459082,1.00131056776986,100.413610624056,26.6431847519859
0.139840801996008,-0.926988363187373,100.413610624056,26.6431847519859
1.07553511387226,-3.51445019765784,100.413610624056,26.6431847519859
1.17037364419162,-3.74082743355397,100.413610624056,26.6431847519859
1.36213239261477,-1.17463132062118,100.413610624056,26.6431847519859
1.54056712185629,1.70275049516293,100.413610624056,26.6431847519859
0.926895301896208,2.25605639730143,100.413610624056,26.6431847519859
1.00105086411178,2.28210023543788,100.413610624056,26.6431847519859
0.782546688423154,0.781306222454175,100.413610624056,26.6431847519859
0.638654585429142,-0.246795541293279,100.413610624056,26.6431847519859
0.0262853420359281,-1.17971970453157,100.413610624056,26.6431847519859
0.198097625928144,-1.93669127535642,100.413610624056,26.6431847519859
1.29881134576846,-1.23846571731161,100.413610624056,26.6431847519859
2.01091899862275,0.870110932382892,100.413610624056,26.6431847519859
0.73604348762475,1.60247830539715,100.413610624056,26.6431847519859
0.166805354291417,0.541773652545825,100.413610624056,26.6431847519859
-0.237230766886228,-2.58954334175153,100.413610624056,26.6431847519859
-0.43261116510978,-3.75554030947047,100.413610624056,26.6431847519859
-0.594891510199601,-3.10791934994908,100.413610624056,26.6431847519859
-0.410163023153693,-0.553327234470468,100.413610624056,26.6431847519859
-0.416109832994012,1.14546076074338,100.413610624056,26.6431847519859
-0.924997280998004,0.776825962474542,100.413610624056,26.6431847519859
-0.737925373493014,-0.475127461252546,100.413610624056,26.6431847519859
-1.09026016121756,-0.783669686608961,100.413610624056,26.6431847519859
-0.934809212894211,-0.752394741598778,100.413610624056,26.6431847519859
-0.674086948103792,-1.20760032515275,100.413610624056,26.6431847519859
-0.173958414491018,-1.10163162754582,100.413610624056,26.6431847519859
0.175850348582834,0.206300224541752,100.413610624056,26.6431847519859
0.995919686327345,1.91547596934827,100.413610624056,26.6431847519859
1.44371994542914,2.11250812291242,100.413610624056,26.6431847519859
1.47272966467066,0.149862600560081,100.413610624056,26.6431847519859
1.48218856179641,-1.63110279480652,100.413610624056,26.6431847519859
1.23181995467066,-0.72401148793279,100.413610624056,26.6431847519859
2.18572599125748,1.40391343131365,100.413610624056,26.6431847519859
3.30981913443114,3.20662856522403,100.413610624056,26.6431847519859
3.11030579467066,2.45287136374745,100.413610624056,26.6431847519859
2.78519120510978,1.48024539531568,100.413610624056,26.6431847519859
2.33805440790419,0.528326667260692,100.413610624056,26.6431847519859
1.88797768321357,0.666712093584521,100.413610624056,26.6431847519859
1.27597973500998,0.44611203503055,100.413610624056,26.6431847519859
-0.190015409740519,-0.62990120697556,100.413610624056,26.6431847519859
-0.307235127145709,-0.180181149490835,100.413610624056,26.6431847519859
0.152245713413174,1.54286974949083,100.413610624056,26.6431847519859
0.232427213952096,2.15350684546843,100.413610624056,26.6431847519859
-0.88599911247505,0.832326579175153,100.413610624056,26.6431847519859
-2.61835899153693,-1.18161233513238,100.413610624056,26.6431847519859
-2.78429750726547,-2.34946470137475,100.413610624056,26.6431847519859
-2.87146057473054,-2.28009513584521,100.413610624056,26.6431847519859
-2.44027121025948,-1.64454978009165,100.413610624056,26.6431847519859
-2.26689461712575,-1.76848295504073,100.413610624056,26.6431847519859
-1.79975048732535,-1.57803467382892,100.413610624056,26.6431847519859
-1.75014301526946,0.00445272230142566,100.413610624056,26.6431847519859
-2.17069872898204,0.771749989256619,100.413610624056,26.6431847519859
-1.82323338636727,0.761982774287169,100.413610624056,26.6431847519859
-1.96855588886228,-0.0919225100305499,100.413610624056,26.6431847519859
-1.55144530756487,-0.901689166598778,100.413610624056,26.6431847519859
-0.73113249756487,-1.50461922255601,100.413610624056,26.6431847519859
1.13835095578842,-0.997710694195519,100.413610624056,26.6431847519859
2.09941507668663,0.136868605549898,100.413610624056,26.6431847519859
1.85764104017964,0.100263268126273,100.413610624056,26.6431847519859
1.80426583497006,0.0887151187881874,100.413610624056,26.6431847519859
0.662149658083832,-0.376381786659878,100.413610624056,26.6431847519859
0.873410534171657,-1.24043901741344,100.413610624056,26.6431847519859
1.61663394127744,-1.44566222800407,100.413610624056,26.6431847519859
2.16705166926148,-1.19263303004073,100.413610624056,26.6431847519859
2.78189824285429,-0.125456201069246,100.413610624056,26.6431847519859
2.30945250469062,0.287373073065173,100.413610624056,26.6431847519859
0.842982589041916,-0.546935727851324,100.413610624056,26.6431847519859
-0.25646507506986,-1.30593644689409,100.413610624056,26.6431847519859
-0.424996570319361,-2.6556426898167,100.413610624056,26.6431847519859
0.294214385588822,-4.14871104674134,100.413610624056,26.6431847519859
-0.351577511676647,-3.37052339714868,100.413610624056,26.6431847519859
-0.605640810279441,-2.0896654706721,100.413610624056,26.6431847519859
-0.880344469341317,-0.413551810590631,100.413610624056,26.6431847519859
-1.50079090481038,0.146040107281059,100.413610624056,26.6431847519859
-1.8546169600998,-0.869818508350305,100.413610624056,26.6431847519859
-2.16877529816367,-3.02329083803462,100.413610624056,26.6431847519859
-2.18206279650699,-2.95250024821792,100.413610624056,26.6431847519859
-1.7163429794012,-1.71059328004073,100.413610624056,26.6431847519859
-0.0926630283832335,-0.0152554573319756,100.413610624056,26.6431847519859
1.13477191363273,1.1236737901222,100.413610624056,26.6431847519859
0.718038714331337,1.44105863385947,100.413610624056,26.6431847519859
0.530601598443114,-0.0581406051425662,100.413610624056,26.6431847519859
1.00121520788423,-1.04384744343177,100.413610624056,26.6431847519859
0.389801593093812,-2.03505221848269,100.413610624056,26.6431847519859
1.20589015946108,-2.20281995921589,100.413610624056,26.6431847519859
2.2319857198004,-1.2702619114053,100.413610624056,26.6431847519859
2.96947535528942,1.84478466507128,100.413610624056,26.6431847519859
3.18038928341317,3.57659130758656,100.413610624056,26.6431847519859
2.90323264137725,2.5356072450611,100.413610624056,26.6431847519859
2.4354920045509,-0.500985139002037,100.413610624056,26.6431847519859
2.74140271996008,-2.00458396848269,100.413610624056,26.6431847519859
3.25357095660679,-2.21354900285132,100.413610624056,26.6431847519859
3.50532735558882,-0.515003016140529,100.413610624056,26.6431847519859
2.72679438463074,1.57121577107943,100.413610624056,26.6431847519859
2.09987158716567,2.94767326160896,100.413610624056,26.6431847519859
1.47781214800399,2.63105788080448,100.413610624056,26.6431847519859
1.11864796351297,1.85275853497963,100.413610624056,26.6431847519859
0.860956928303393,-0.0850904238289206,100.413610624056,26.6431847519859
1.05579560075848,-0.743018463441955,100.413610624056,26.6431847519859
0.624995791896208,-0.2009814700611,100.413610624056,26.6431847519859
0.444601110998004,2.14898935341141,100.413610624056,26.6431847519859
-0.220796389640719,3.24165153935845,100.413610624056,26.6431847519859
-1.1091596950499,3.82898756023422,100.413610624056,26.6431847519859
-2.18181323744511,3.34854483355397,100.413610624056,26.6431847519859
-2.14291245782435,2.3244889555499,100.413610624056,26.6431847519859
-2.11440794351297,2.33992785697556,100.413610624056,26.6431847519859
-2.47494165944112,2.60436248131365,100.413610624056,26.6431847519859
-3.3762150811976,2.73169618599796,100.413610624056,26.6431847519859
-2.77668291247505,3.97010954424644,100.413610624056,26.6431847519859
-2.06360745740519,3.71870614699593,100.413610624056,26.6431847519859
-2.2523349762475,2.41802213930754,100.413610624056,26.6431847519859
-2.53573059483034,1.38450310829939,100.413610624056,26.6431847519859
-2.86794240063872,0.854572745417515,100.413610624056,26.6431847519859
-2.14895056976048,1.0786664139002,100.413610624056,26.6431847519859
-1.13541817780439,1.13521573411405,100.413610624056,26.6431847519859
-0.342782076447106,0.870383967617108,100.413610624056,26.6431847519859
-0.525733216027944,0.467588738340122,100.413610624056,26.6431847519859
-0.737292345628742,0.319411275661914,100.413610624056,26.6431847519859
-0.224521515149701,0.849025165885947,100.413610624056,26.6431847519859
0.393697149181637,-0.256699273879837,100.413610624056,26.6431847519859
0.971103776686627,-1.42113249434827,100.413610624056,26.6431847519859
1.47344182101796,-1.43370452581466,100.413610624056,26.6431847519859
1.70635955423154,-1.22854957403259,100.413610624056,26.6431847519859
2.45032555171657,-0.22979909796334,100.413610624056,26.6431847519859
2.41901501966068,-1.02592640351324,100.413610624056,26.6431847519859
1.35907681580838,-2.01191868772912,100.413610624056,26.6431847519859
0.53956137744511,-1.62954525290224,100.413610624056,26.6431847519859
0.743037228163673,-1.17619506787169,100.413610624056,26.6431847519859
0.422037319720559,-2.76053165717923,100.413610624056,26.6431847519859
1.29439232433134,-4.90640864307536,100.413610624056,26.6431847519859
1.06451190750499,-4.10774955626273,100.413610624056,26.6431847519859
1.01834956786427,-1.48048042571283,100.413610624056,26.6431847519859
0.0621427184630738,1.77472630610998,100.413610624056,26.6431847519859
-1.3223379151497,1.71135110504073,100.413610624056,26.6431847519859
-1.52054259153693,-0.261191944551935,100.413610624056,26.6431847519859
-0.856125066726547,-2.3312333941446,100.413610624056,26.6431847519859
-0.335009224690619,-2.83801781558045,100.413610624056,26.6431847519859
0.030923488502994,-2.28536347479633,100.413610624056,26.6431847519859
-0.643044235528942,-1.56395474322811,100.413610624056,26.6431847519859
-0.974123895349301,-0.882353307739308,100.413610624056,26.6431847519859
-0.505080681956088,-0.0265429821283096,100.413610624056,26.6431847519859
-0.389644398822355,-0.313608504175153,100.413610624056,26.6431847519859
0.578705629321357,-0.133107392973523,100.413610624056,26.6431847519859
1.74459687195609,-0.678029872352342,100.413610624056,26.6431847519859
1.79520258025948,-1.17772158304481,100.413610624056,26.6431847519859
2.28879997061876,-2.70011640626273,100.413610624056,26.6431847519859
2.55252911776447,-1.17147900473523,100.413610624056,26.6431847519859
2.54473800558882,-0.879250634623218,100.413610624056,26.6431847519859
1.41601888956088,-1.12112882540733,100.413610624056,26.6431847519859
1.96811657610778,-2.55609652556008,100.413610624056,26.6431847519859
2.5665713800998,-3.46084841690428,100.413610624056,26.6431847519859
2.87859324912176,-2.65274479312627,100.413610624056,26.6431847519859
3.25788650233533,-0.989978832790224,100.413610624056,26.6431847519859
2.50161298233533,0.626631762270876,100.413610624056,26.6431847519859
1.72336000447106,0.75916554709776,100.413610624056,26.6431847519859
0.00440935988023952,0.181925624541752,100.413610624056,26.6431847519859
-0.0468172026746507,-1.17047373864562,100.413610624056,26.6431847519859
-0.0251420851297405,-1.7731617860998,100.413610624056,26.6431847519859
0.375862806467066,-0.99794029200611,100.413610624056,26.6431847519859
0.297543868682635,0.806276535692464,100.413610624056,26.6431847519859
-0.256148561137724,3.30009969551935,100.413610624056,26.6431847519859
-0.800083840319361,3.91365330422607,100.413610624056,26.6431847519859
-1.49547712283433,2.7121493453666,100.413610624056,26.6431847519859
-2.03084217862275,1.24989053248472,100.413610624056,26.6431847519859
-2.11724439528942,2.00924495626273,100.413610624056,26.6431847519859
-2.15352784816367,3.00096477505092,100.413610624056,26.6431847519859
-2.19288513826347,3.59970622230143,100.413610624056,26.6431847519859
-2.5659576753493,3.22173237795316,100.413610624056,26.6431847519859
-2.33549901191617,3.52765594719959,100.413610624056,26.6431847519859
-2.45897596628743,3.19779835753564,100.413610624056,26.6431847519859
-2.23835966878244,2.59788409984725,100.413610624056,26.6431847519859
-1.29478902944112,0.825966099287169,100.413610624056,26.6431847519859
-0.951791402714571,0.0249055434826884,100.413610624056,26.6431847519859
-0.79778302750499,0.663814196894093,100.413610624056,26.6431847519859
-1.20723031956088,2.94957830290224,100.413610624056,26.6431847519859
-1.32359788407186,5.09399703243381,100.413610624056,26.6431847519859
-1.18055793397206,5.3965573040224,100.413610624056,26.6431847519859
-0.212956583013972,3.19324983874745,100.413610624056,26.6431847519859
-0.195396146586826,0.301812913747454,100.413610624056,26.6431847519859
0.434996130518962,0.149614386710794,100.413610624056,26.6431847519859
0.675424982814371,0.177277820213849,100.413610624056,26.6431847519859
0.213466812055888,0.95835095580448,100.413610624056,26.6431847519859
0.0334921207984032,0.0333013769348269,100.413610624056,26.6431847519859
-0.133164638083832,0.29903912398167,100.413610624056,26.6431847519859
-0.366143239361277,-0.442667295112016,100.413610624056,26.6431847519859
-0.141394000319361,0.0508004533095723,100.413610624056,26.6431847519859
-1.0273956248503,-0.0919287153767821,100.413610624056,26.6431847519859
-1.45748936417166,-0.140944745264766,100.413610624056,26.6431847519859
-2.06251791906188,1.32896525952139,100.413610624056,26.6431847519859
-1.6287660091018,2.44585311715886,100.413610624056,26.6431847519859
-1.41351218802395,2.85801841924644,100.413610624056,26.6431847519859
-1.56975442117764,1.12837744256619,100.413610624056,26.6431847519859
-1.525746810998,1.23611466384929,100.413610624056,26.6431847519859
-1.0334946048503,0.395488820468432,100.413610624056,26.6431847519859
-0.899481388622755,-0.152691465682281,100.413610624056,26.6431847519859
-0.841121088982036,-0.174056472759674,100.413610624056,26.6431847519859
-1.12453496798403,0.440434143228106,100.413610624056,26.6431847519859
-1.2094580906986,2.13262585539715,100.413610624056,26.6431847519859
-0.878262781556886,3.35024509842159,100.413610624056,26.6431847519859
-0.428173883253493,2.00298996726069,100.413610624056,26.6431847519859
0.376234101656687,-0.653667683044806,100.413610624056,26.6431847519859
1.43486972894212,-1.48651822759674,100.413610624056,26.6431847519859
1.93018359870259,-1.39594499399185,100.413610624056,26.6431847519859
1.90514247722555,-2.09618728956212,100.413610624056,26.6431847519859
2.17136721499002,-2.29344283559063,100.413610624056,26.6431847519859
1.49220744510978,-1.65918198650713,100.413610624056,26.6431847519859
1.28527428836327,-0.268321887372709,100.413610624056,26.6431847519859
1.21648120257485,0.0204997476578411,100.413610624056,26.6431847519859
0.743268526806387,-1.27764627342159,100.413610624056,26.6431847519859
1.03004232293413,-3.36119676176171,100.413610624056,26.6431847519859
1.08786698361277,-3.43138543299389,100.413610624056,26.6431847519859
1.25191250255489,-3.65766958869654,100.413610624056,26.6431847519859
1.15191236041916,-3.06618219119145,100.413610624056,26.6431847519859
1.36736704610778,-2.66664476868635,100.413610624056,26.6431847519859
1.36754356349301,-1.84400822403259,100.413610624056,26.6431847519859
0.807058257744511,-1.03297567683299,100.413610624056,26.6431847519859
0.127241112774451,0.115702169551935,100.413610624056,26.6431847519859
0.195084656766467,0.324313499185336,100.413610624056,26.6431847519859
0.768480078862275,-0.203730438441955,100.413610624056,26.6431847519859
0.885675449041916,0.0868535149185336,100.413610624056,26.6431847519859
0.937571560299401,0.42546684811609,100.413610624056,26.6431847519859
0.0610957877644711,1.02750333421589,100.413610624056,26.6431847519859
0.0144647640319361,1.51844550672098,100.413610624056,26.6431847519859
-0.397283340838323,0.626172566649695,100.413610624056,26.6431847519859
-0.563203596147705,0.210184771283096,100.413610624056,26.6431847519859
-0.899724860878244,-0.0487270949083503,100.413610624056,26.6431847519859
-0.697594194371257,0.857265865682281,100.413610624056,26.6431847519859
-0.431332935768463,1.30206508360489,100.413610624056,26.6431847519859
-1.08128212179641,1.2679542953666,100.413610624056,26.6431847519859
-1.592835590998,0.451566534368635,100.413610624056,26.6431847519859
-2.51439025163673,0.496406366242363,100.413610624056,26.6431847519859
-2.64976082568862,-0.0491862905295316,100.413610624056,26.6431847519859
-2.46828878005988,0.191841767820774,100.413610624056,26.6431847519859
-1.07848219085828,0.283898079175153,100.413610624056,26.6431847519859
-1.06527990780439,-0.746090109826884,100.413610624056,26.6431847519859
-1.67837956796407,-1.38092185076375,100.413610624056,26.6431847519859
-1.31726151862275,-0.583932002087576,100.413610624056,26.6431847519859
-0.873928975409182,-0.584043698319756,100.413610624056,26.6431847519859
-1.37633397461078,-1.82583276491853,100.413610624056,26.6431847519859
-1.92104227820359,-2.11233980580448,100.413610624056,26.6431847519859
-1.43080480497006,-0.759059283452139,100.413610624056,26.6431847519859
-0.625349889361277,0.42048395509165,100.413610624056,26.6431847519859
-0.249678285948104,2.87872565962322,100.413610624056,26.6431847519859
-1.16709391824351,2.61509773029532,100.413610624056,26.6431847519859
-1.94981461199601,1.97301814495927,100.413610624056,26.6431847519859
-1.32083447397206,0.79832128182281,100.413610624056,26.6431847519859
0.474493417165669,1.29433322219959,100.413610624056,26.6431847519859
1.37148172722555,2.42576020605906,100.413610624056,26.6431847519859
1.27997876680639,2.59452080218941,100.413610624056,26.6431847519859
0.719840409021956,2.30404233971487,100.413610624056,26.6431847519859
0.829001194770459,2.19319623996945,100.413610624056,26.6431847519859
0.919652002295409,2.41812763019348,100.413610624056,26.6431847519859
1.22617139834331,2.48309139989817,100.413610624056,26.6431847519859
1.48459285031936,1.30365985758656,100.413610624056,26.6431847519859
2.07943209131736,-0.636156195977597,100.413610624056,26.6431847519859
3.24434335812375,-1.66999790498982,100.413610624056,26.6431847519859
4.172319599501,-0.661802891955193,100.413610624056,26.6431847519859
2.92037917497006,0.576709751832994,100.413610624056,26.6431847519859
1.33531392367265,0.298486848167006,100.413610624056,26.6431847519859
0.186837034111776,-1.06148924276986,100.413610624056,26.6431847519859
-0.363665909161677,-1.41220300112016,100.413610624056,26.6431847519859
0.151923112674651,-1.24872935997963,100.413610624056,26.6431847519859
-0.356215658143713,-0.970363733350305,100.413610624056,26.6431847519859
-0.447481233113772,-0.872344084266802,100.413610624056,26.6431847519859
-0.940920366506986,-1.16126500483707,100.413610624056,26.6431847519859
-1.05731227824351,-0.858741965325866,100.413610624056,26.6431847519859
-1.58074110670659,-0.400322012423625,100.413610624056,26.6431847519859
-1.62362874451098,-1.17681560249491,100.413610624056,26.6431847519859
-1.8462293408982,-2.00473289679226,100.413610624056,26.6431847519859
-2.62497535007984,-0.741845653004073,100.413610624056,26.6431847519859
-1.77234159816367,2.08043268823829,100.413610624056,26.6431847519859
-1.1230741344511,2.94909428589613,100.413610624056,26.6431847519859
-0.580076223453094,2.38636246283096,100.413610624056,26.6431847519859
0.286964999181637,1.81429779903259,100.413610624056,26.6431847519859
0.927619631856287,0.403506127800407,100.413610624056,26.6431847519859
1.60327340125748,0.20304862311609,100.413610624056,26.6431847519859
1.7697962503992,1.19896946130346,100.413610624056,26.6431847519859
1.88537861688623,1.97206252163951,100.413610624056,26.6431847519859
1.4654194101996,1.00590252398167,100.413610624056,26.6431847519859
1.7840454641517,1.52815687357434,100.413610624056,26.6431847519859
2.10178893117764,1.57464112219959,100.413610624056,26.6431847519859
2.43885800848303,0.0366708799389002,100.413610624056,26.6431847519859
2.70676270481038,-1.61208961395112,100.413610624056,26.6431847519859
2.35612613606786,-2.76207058304481,100.413610624056,26.6431847519859
1.48154944712575,-3.25473163645621,100.413610624056,26.6431847519859
0.911136560159681,-1.90856864623218,100.413610624056,26.6431847519859
0.416729624550898,-0.381116465835031,100.413610624056,26.6431847519859
-0.49254794760479,-0.270524785285132,100.413610624056,26.6431847519859
-1.14725092942116,-1.11355830300407,100.413610624056,26.6431847519859
-1.29987759958084,-1.69503647703666,100.413610624056,26.6431847519859
-2.09051722844311,-2.65479876272912,100.413610624056,26.6431847519859
-2.19564246155689,-2.67706975035642,100.413610624056,26.6431847519859
-2.36404004706587,-2.39468926471487,100.413610624056,26.6431847519859
-2.49836977722555,-1.85211240621181,100.413610624056,26.6431847519859
-2.48232495558882,-0.561754094653768,100.413610624056,26.6431847519859
-3.47768214367265,0.511386072046843,100.413610624056,26.6431847519859
-3.02416028656687,1.76350083477597,100.413610624056,26.6431847519859
-3.15930564878244,0.7532146200611,100.413610624056,26.6431847519859
-2.40759114676647,0.691750665631364,100.413610624056,26.6431847519859
-1.82881498782435,1.05485650040733,100.413610624056,26.6431847519859
-1.49369368856287,2.2366336635947,100.413610624056,26.6431847519859
-0.77189583994012,2.46254549852342,100.413610624056,26.6431847519859
-0.0213682651696607,2.4542117185336,100.413610624056,26.6431847519859
1.22628704766467,2.55618417316701,100.413610624056,26.6431847519859
1.46769587578842,2.17749671400204,100.413610624056,26.6431847519859
1.76415986768463,2.04218913940937,100.413610624056,26.6431847519859
2.31418804005988,3.07190429317719,100.413610624056,26.6431847519859
2.83769599700599,2.16432896929735,100.413610624056,26.6431847519859
2.75223723532934,0.338517536710794,100.413610624056,26.6431847519859
2.70088284984032,-1.15501622118126,100.413610624056,26.6431847519859
2.78921458413174,-0.963103478258656,100.413610624056,26.6431847519859
3.26865406283433,-0.998436719704684,100.413610624056,26.6431847519859
3.672203239501,-0.90904250188391,100.413610624056,26.6431847519859
2.89141815017964,-2.15231464623218,100.413610624056,26.6431847519859
2.64093389373253,-3.8593309305499,100.413610624056,26.6431847519859
2.65335097876248,-3.47276888701629,100.413610624056,26.6431847519859
1.98247535237525,-2.13129713854379,100.413610624056,26.6431847519859
0.939519338343313,-0.560984631720978,100.413610624056,26.6431847519859
0.471656965389222,-0.194441035132383,100.413610624056,26.6431847519859
0.647687406107784,-1.39229625040733,100.413610624056,26.6431847519859
0.723309888662675,-1.7538011058554,100.413610624056,26.6431847519859
0.311738301177645,-3.04677186817719,100.413610624056,26.6431847519859
-0.0411869067664671,-2.82653171970468,100.413610624056,26.6431847519859
-0.832952594810379,-1.59572611593686,100.413610624056,26.6431847519859
-1.49889182121757,0.327862957230143,100.413610624056,26.6431847519859
-3.06797311894212,1.44739429236253,100.413610624056,26.6431847519859
-3.53915888818363,2.69798253991853,100.413610624056,26.6431847519859
-3.10369049882235,2.92050005045825,100.413610624056,26.6431847519859
-3.00871197195609,1.35664730906314,100.413610624056,26.6431847519859
-2.54050873784431,0.0697826074338085,100.413610624056,26.6431847519859
-2.47894677804391,0.372125691904277,100.413610624056,26.6431847519859
-2.27418661117764,1.02017482031568,100.413610624056,26.6431847519859
-1.89829588273453,1.88814762454175,100.413610624056,26.6431847519859
-2.09655534037924,1.65323183223014,100.413610624056,26.6431847519859
-1.14709267245509,0.731098766089613,100.413610624056,26.6431847519859
-0.00753295425149701,0.514774191089613,100.413610624056,26.6431847519859
0.888846675169661,0.0433043950610998,100.413610624056,26.6431847519859
1.58114177323353,-0.795534308604888,100.413610624056,26.6431847519859
1.32320117896208,-2.83333898452138,100.413610624056,26.6431847519859
1.91434572848303,-3.05547796894094,100.413610624056,26.6431847519859
2.13742718257485,-3.42884744638493,100.413610624056,26.6431847519859
2.58500222984032,-2.5676322642057,100.413610624056,26.6431847519859
2.62008658185629,-2.58045250952139,100.413610624056,26.6431847519859
2.79014586550898,-3.73962359638493,100.413610624056,26.6431847519859
2.37661432636727,-4.0993164907332,100.413610624056,26.6431847519859
1.82628790047904,-3.56949161873727,100.413610624056,26.6431847519859
0.645149207844311,-2.53813825356416,100.413610624056,26.6431847519859
-0.0801729016766467,-1.92284094256619,100.413610624056,26.6431847519859
-1.29413774115768,-2.32863335407332,100.413610624056,26.6431847519859
-1.96519597173653,-2.18353374312627,100.413610624056,26.6431847519859
-2.2823551053493,-1.04583315422607,100.413610624056,26.6431847519859
-1.94401388550898,-0.148744865478615,100.413610624056,26.6431847519859
-1.76265140239521,0.849596057739307,100.413610624056,26.6431847519859
-1.96494032586826,0.716677541446028,100.413610624056,26.6431847519859
-2.28625674824351,0.508661925050916,100.413610624056,26.6431847519859
-3.39757368481038,0.666848611201629,100.413610624056,26.6431847519859
-3.35237306057884,1.14944459302444,100.413610624056,26.6431847519859
-3.09196730972056,1.12565329557026,100.413610624056,26.6431847519859
-2.08678601612774,1.37398504643585,100.413610624056,26.6431847519859
-1.31556329964072,1.93937896303462,100.413610624056,26.6431847519859
-0.695244687105788,1.35970033940937,100.413610624056,26.6431847519859
-0.85543725760479,0.621444092820774,100.413610624056,26.6431847519859
-0.125963946127745,0.43378201206721,100.413610624056,26.6431847519859
-0.0113493818562874,-0.50629071003055,100.413610624056,26.6431847519859
0.115079673612774,-2.00058152016293,100.413610624056,26.6431847519859
0.702079107984032,-1.46588545137475,100.413610624056,26.6431847519859
1.7811359706986,-0.54259819083503,100.413610624056,26.6431847519859
2.95894518023952,-0.24731058503055,100.413610624056,26.6431847519859
3.63000341081836,-0.0639177824847251,100.413610624056,26.6431847519859
3.56391286706587,-1.98226954343177,100.413610624056,26.6431847519859
3.25879343648703,-3.898033675,100.413610624056,26.6431847519859
2.74160358457086,-3.70936632815682,100.413610624056,26.6431847519859
2.66378376491018,-1.9122360058554,100.413610624056,26.6431847519859
2.82406763750499,-1.15263336822811,100.413610624056,26.6431847519859
3.16580529530938,-0.354365218228106,100.413610624056,26.6431847519859
3.64767340976048,0.356885361558045,100.413610624056,26.6431847519859
2.9399421706986,-0.336245607230143,100.413610624056,26.6431847519859
1.95364215051896,-0.602454960590631,100.413610624056,26.6431847519859
0.576733504051896,-0.740815565529532,100.413610624056,26.6431847519859
-0.736531494830339,-0.717942659317719,100.413610624056,26.6431847519859
-1.16129927856287,0.669374187118126,100.413610624056,26.6431847519859
-0.791933606566866,2.31316419867617,100.413610624056,26.6431847519859
-0.292712007105788,2.40572934842159,100.413610624056,26.6431847519859
-0.13299420750499,2.61586719322811,100.413610624056,26.6431847519859
-1.90371922722555,1.63727168172098,100.413610624056,26.6431847519859
-3.51451340912176,1.58049276369654,100.413610624056,26.6431847519859
-4.60090487353293,0.747418826680244,100.413610624056,26.6431847519859
-4.57148125145709,0.431659783655804,100.413610624056,26.6431847519859
-3.84022450570858,1.85779727612016,100.413610624056,26.6431847519859
-2.77157608191617,2.12871648727088,100.413610624056,26.6431847519859
-1.61785845205589,1.7412732845723,100.413610624056,26.6431847519859
-1.33536976762475,0.753425601832994,100.413610624056,26.6431847519859
-1.37074019954092,-0.00957756552953157,100.413610624056,26.6431847519859
-2.43523742137725,-1.31433228034623,100.413610624056,26.6431847519859
-2.27351097566866,-1.4112659938391,100.413610624056,26.6431847519859
-1.51037153806387,-0.0461953136456212,100.413610624056,26.6431847519859
-0.417497624850299,1.43487810901222,100.413610624056,26.6431847519859
0.800600156167665,2.36676597942974,100.413610624056,26.6431847519859
1.38687526057884,1.30650811150713,100.413610624056,26.6431847519859
1.82350622996008,-0.311610382688391,100.413610624056,26.6431847519859
1.23724938596806,-2.04579367281059,100.413610624056,26.6431847519859
0.723882048463074,-3.49829147606925,100.413610624056,26.6431847519859
1.0502626937525,-3.4881209135947,100.413610624056,26.6431847519859
0.989492018782435,-2.67721247331976,100.413610624056,26.6431847519859
1.29462970978044,-2.03276244572301,100.413610624056,26.6431847519859
2.22376853117764,-0.0105642155804481,100.413610624056,26.6431847519859
1.8993052299002,1.65874217968432,100.413610624056,26.6431847519859
0.844887759441118,0.639849149745417,100.413610624056,26.6431847519859
-1.04327001590818,-1.75315574984725,100.413610624056,26.6431847519859
-1.41094355572854,-3.08913576690428,100.413610624056,26.6431847519859
-1.455231159002,-2.30155322311609,100.413610624056,26.6431847519859
-1.64146308722555,-0.397337240885947,100.413610624056,26.6431847519859
-1.83124971037924,0.861013894806517,100.413610624056,26.6431847519859
-1.59465554610778,0.443996011965377,100.413610624056,26.6431847519859
-1.40492979101796,-0.107671678767821,100.413610624056,26.6431847519859
-2.05505549443114,-0.587363558553971,100.413610624056,26.6431847519859
-3.12864640500998,-1.26774254083503,100.413610624056,26.6431847519859
-2.96130792381238,-0.100355575560081,100.413610624056,26.6431847519859
-2.36579304730539,0.859419120824847,100.413610624056,26.6431847519859
-0.849946958243513,1.81715225829939,100.413610624056,26.6431847519859
-0.0310462873253493,1.76574717011202,100.413610624056,26.6431847519859
0.303466331297405,1.45510133238289,100.413610624056,26.6431847519859
0.49552942003992,0.566185484623218,100.413610624056,26.6431847519859
0.729457563113772,-1.43968647958248,100.413610624056,26.6431847519859
1.23192951718563,-2.59479927001018,100.413610624056,26.6431847519859
1.9922203294012,-2.7438268651222,100.413610624056,26.6431847519859
2.91018986107784,-1.07300636537678,100.413610624056,26.6431847519859
4.30528588502994,0.637553171639511,100.413610624056,26.6431847519859
4.78297236349301,2.13943312021385,100.413610624056,26.6431847519859
4.21161602153693,2.22615283380855,100.413610624056,26.6431847519859
3.49063989177645,0.683025948828921,100.413610624056,26.6431847519859
2.58685870578842,-0.776539743788187,100.413610624056,26.6431847519859
2.38746710215569,-2.94198839170061,100.413610624056,26.6431847519859
2.72771349239521,-3.21979553716904,100.413610624056,26.6431847519859
2.63860264688623,-2.12708370845214,100.413610624056,26.6431847519859
2.73130470816367,1.12589530407332,100.413610624056,26.6431847519859
2.60757819473054,1.90945057815682,100.413610624056,26.6431847519859
0.71515965491018,0.872487579989817,100.413610624056,26.6431847519859
-0.857190257844311,-1.03569361848269,100.413610624056,26.6431847519859
-1.537944770998,-1.6484157107943,100.413610624056,26.6431847519859
-0.787246765648703,-1.62298620193483,100.413610624056,26.6431847519859
-0.561602766067864,0.305740897912424,100.413610624056,26.6431847519859
-1.55096444986028,1.47224049867617,100.413610624056,26.6431847519859
-1.33743928179641,3.39095216970468,100.413610624056,26.6431847519859
-1.3199579738523,4.95708847851324,100.413610624056,26.6431847519859
-1.67354055688623,2.45921943294297,100.413610624056,26.6431847519859
-2.6680212448503,-1.13740544857434,100.413610624056,26.6431847519859
-2.49960539892216,-2.35092916308554,100.413610624056,26.6431847519859
-1.99684127814371,-0.26824121787169,100.413610624056,26.6431847519859
-2.02341018802395,2.41302683559063,100.413610624056,26.6431847519859
-1.40044990151697,4.06112335743381,100.413610624056,26.6431847519859
-1.45745893013972,3.7154421348778,100.413610624056,26.6431847519859
-1.16103145908184,2.55822573207739,100.413610624056,26.6431847519859
-1.73864503800399,0.947764635132383,100.413610624056,26.6431847519859
-1.65860962081836,-0.587859986252546,100.413610624056,26.6431847519859
-1.14187019257485,-1.45543564831976,100.413610624056,26.6431847519859
-0.474451872215569,-0.809452900203666,100.413610624056,26.6431847519859
-0.461121766227545,1.30257392199593,100.413610624056,26.6431847519859
-0.914905356007984,1.51480917382892,100.413610624056,26.6431847519859
-1.32600217259481,0.24496573691446,100.413610624056,26.6431847519859
-1.27791640213573,-1.37647882286151,100.413610624056,26.6431847519859
-0.862187525888224,-2.02892754175153,100.413610624056,26.6431847519859
-1.01547765794411,-2.7050868885947,100.413610624056,26.6431847519859
-0.89442325251497,-2.09175046700611,100.413610624056,26.6431847519859
0.191816041736527,-0.663745165325866,100.413610624056,26.6431847519859
0.46837008994012,0.793270129989817,100.413610624056,26.6431847519859
-0.332075384011976,0.284667542107943,100.413610624056,26.6431847519859
-0.727985618662675,-0.265045464562118,100.413610624056,26.6431847519859
-0.216225198043912,-0.714535924236253,100.413610624056,26.6431847519859
0.0940436707385229,-0.0517490985234216,100.413610624056,26.6431847519859
0.0474309074251497,0.579657291293279,100.413610624056,26.6431847519859
0.347041778223553,0.57684006410387,100.413610624056,26.6431847519859
0.323905827145709,-0.225734596181263,100.413610624056,26.6431847519859
-0.229494435968064,0.634692507026477,100.413610624056,26.6431847519859
-0.514606533952096,1.61322596507128,100.413610624056,26.6431847519859
-0.362533763173653,1.71983381334012,100.413610624056,26.6431847519859
-0.435021540439122,0.219033595010183,100.413610624056,26.6431847519859
-0.375596049680639,-1.3528736857943,100.413610624056,26.6431847519859
-0.488055884491018,-1.33195546364562,100.413610624056,26.6431847519859
0.231489845768463,0.989514204582485,100.413610624056,26.6431847519859
0.752380475968064,2.47406262113035,100.413610624056,26.6431847519859
0.235038453892216,2.15796228406314,100.413610624056,26.6431847519859
-0.358388648023952,-0.353639192718941,100.413610624056,26.6431847519859
-0.249081778922156,-1.60370619119145,100.413610624056,26.6431847519859
0.73981730758483,-1.40530886145621,100.413610624056,26.6431847519859
1.2269383359481,-0.385491234928717,100.413610624056,26.6431847519859
0.665570443273453,-1.06984163879837,100.413610624056,26.6431847519859
0.626651403233533,-1.62665356155804,100.413610624056,26.6431847519859
0.855612712295409,-0.997716899541751,100.413610624056,26.6431847519859
1.15468794413174,0.0367515494399185,100.413610624056,26.6431847519859
1.51438776758483,0.783273317209776,100.413610624056,26.6431847519859
1.22509403361277,0.210842537983707,100.413610624056,26.6431847519859
1.52054152884231,-0.641467972352342,100.413610624056,26.6431847519859
1.77544480672655,-1.53655813961303,100.413610624056,26.6431847519859
1.64001336461078,-0.607295130651731,100.413610624056,26.6431847519859
1.37719115161677,0.827871140580448,100.413610624056,26.6431847519859
0.901568100518962,1.60331602713849,100.413610624056,26.6431847519859
1.04279418231537,0.577206179531568,100.413610624056,26.6431847519859
0.846841624291417,0.0477350122708758,100.413610624056,26.6431847519859
0.89501261003992,0.182844015784114,100.413610624056,26.6431847519859
0.77663031261477,0.64609172805499,100.413610624056,26.6431847519859
1.25413418688623,1.79723309689409,100.413610624056,26.6431847519859
0.963830043053892,1.06660942617108,100.413610624056,26.6431847519859
-0.114776395988024,-0.340459037321792,100.413610624056,26.6431847519859
0.0180742402195609,0.540687716955193,100.413610624056,26.6431847519859
-0.0423677472055888,1.66867693900204,100.413610624056,26.6431847519859
0.108158974750499,1.17844217596741,100.413610624056,26.6431847519859
-0.164475170139721,1.14635433060081,100.413610624056,26.6431847519859
-0.535721665309381,0.171277250407332,100.413610624056,26.6431847519859
-0.889912928982036,0.643150393940937,100.413610624056,26.6431847519859
-1.50476558938124,0.586992010539715,100.413610624056,26.6431847519859
-1.83935124968064,0.75378551191446,100.413610624056,26.6431847519859
-1.72694010932136,-0.112505643482688,100.413610624056,26.6431847519859
-1.70874055822355,0.0439621617617108,100.413610624056,26.6431847519859
-0.804807202075848,0.707319879327902,100.413610624056,26.6431847519859
-1.05358715273453,0.328167019195519,100.413610624056,26.6431847519859
-0.304623887205589,0.533253712169043,100.413610624056,26.6431847519859
-1.08931061942116,0.31911341904277,100.413610624056,26.6431847519859
-1.68086298497006,0.417077220010183,100.413610624056,26.6431847519859
-1.69389483744511,0.958164795417515,100.413610624056,26.6431847519859
-1.02631826011976,0.969837051680244,100.413610624056,26.6431847519859
-0.402609296427146,0.159127182484725,100.413610624056,26.6431847519859
-0.230583974311377,0.0282191983706721,100.413610624056,26.6431847519859
0.265460312215569,1.36033328472505,100.413610624056,26.6431847519859
0.0919985037924152,1.99169003177189,100.413610624056,26.6431847519859
-0.103357547205589,1.85201389343177,100.413610624056,26.6431847519859
-0.299571837904192,0.275961441344196,100.413610624056,26.6431847519859
0.409711536786427,-0.265008232484725,100.413610624056,26.6431847519859
0.794336832395209,0.0331152165478615,100.413610624056,26.6431847519859
0.795268113772455,0.394142260336049,100.413610624056,26.6431847519859
1.18152467349301,0.548661586863544,100.413610624056,26.6431847519859
1.00399079159681,0.20361951496945,100.413610624056,26.6431847519859
0.539445728123752,-0.625265813340122,100.413610624056,26.6431847519859
0.290982291397206,-0.659662047505092,100.413610624056,26.6431847519859
0.647936965169661,-0.106734671486762,100.413610624056,26.6431847519859
0.240437451157685,-0.23284592296334,100.413610624056,26.6431847519859
-0.136749767045908,-0.176631691446028,100.413610624056,26.6431847519859
-0.127497821337325,0.360974684725051,100.413610624056,26.6431847519859
-0.641680790898204,0.106145936354379,100.413610624056,26.6431847519859
-0.500844264710579,0.572992749439919,100.413610624056,26.6431847519859
-0.784501615968064,0.153573397606925,100.413610624056,26.6431847519859
-1.15169429808383,-0.465459531822811,100.413610624056,26.6431847519859
-0.967623186127744,-0.0109055096232179,100.413610624056,26.6431847519859
-0.342915986187625,0.683832643839104,100.413610624056,26.6431847519859
0.0508638662275449,-0.423995408299389,100.413610624056,26.6431847519859
0.577920431297405,0.176731749745418,100.413610624056,26.6431847519859
0.12548811253493,0.291363110692464,100.413610624056,26.6431847519859
0.387391217764471,-0.158723062219959,100.413610624056,26.6431847519859
0.547748132035928,-0.373949290936864,100.413610624056,26.6431847519859
0.973197638083832,0.0789292877800407,100.413610624056,26.6431847519859
1.62109557035928,0.107355978869654,100.413610624056,26.6431847519859
1.96946176031936,-0.521512424338086,100.413610624056,26.6431847519859
1.90274427550898,0.0362985591649695,100.413610624056,26.6431847519859
2.3860306158483,-0.495307247199593,100.413610624056,26.6431847519859
2.70114458251497,0.381309604327902,100.413610624056,26.6431847519859
1.71898359067864,-0.0684600959266802,100.413610624056,26.6431847519859
1.04743232878244,-1.21814320840122,100.413610624056,26.6431847519859
1.09442247409182,-2.50502032072301,100.413610624056,26.6431847519859
1.20194590892216,-1.49181138793279,100.413610624056,26.6431847519859
0.913181727105788,0.399255465631365,100.413610624056,26.6431847519859
-0.313814964850299,0.909676219959267,100.413610624056,26.6431847519859
-0.588883832295409,1.41976188559063,100.413610624056,26.6431847519859
-0.872796829421158,0.282073707382892,100.413610624056,26.6431847519859
-0.762820411616766,-0.639680832637475,100.413610624056,26.6431847519859
-0.592937645349301,0.651850289358452,100.413610624056,26.6431847519859
-0.29069118738523,2.01156575575356,100.413610624056,26.6431847519859
-0.593485457924152,0.802640202800407,100.413610624056,26.6431847519859
-0.825745816047904,1.0944404040224,100.413610624056,26.6431847519859
-1.06191390387226,2.3855992052444,100.413610624056,26.6431847519859
-1.5186009002994,2.18210108090631,100.413610624056,26.6431847519859
-1.89860022305389,2.24308722367617,100.413610624056,26.6431847519859
-0.649538857944112,2.03029349068228,100.413610624056,26.6431847519859
-1.46897516782435,0.0214926030549898,100.413610624056,26.6431847519859
-0.98424016756487,0.446025160183299,100.413610624056,26.6431847519859
-1.53667871526946,2.13463018223014,100.413610624056,26.6431847519859
-1.28151370471058,1.91734377856415,100.413610624056,26.6431847519859
-1.0425456859481,1.07735088049898,100.413610624056,26.6431847519859
-1.00520312876247,0.506570723370672,100.413610624056,26.6431847519859
-1.54389158083832,-0.482604903462322,100.413610624056,26.6431847519859
-1.36923067155689,0.535617949083503,100.413610624056,26.6431847519859
-1.14924131510978,1.09589866038697,100.413610624056,26.6431847519859
-0.914077550339321,-0.101094011761711,100.413610624056,26.6431847519859
-1.33564367391218,-1.03139951889002,100.413610624056,26.6431847519859
-0.814053060978044,-0.114565818431772,100.413610624056,26.6431847519859
-0.915812290159681,0.20057268996945,100.413610624056,26.6431847519859
-0.718252815249501,-0.852009164663951,100.413610624056,26.6431847519859
0.105243394491018,-1.65156802668024,100.413610624056,26.6431847519859
1.05309305872255,-1.6982446410387,100.413610624056,26.6431847519859
1.18423938914172,-0.727412017668024,100.413610624056,26.6431847519859
0.525001736566866,-0.0364777414460285,100.413610624056,26.6431847519859
-0.0880005346906187,0.390034321130346,100.413610624056,26.6431847519859
0.681712653812375,0.609622908248473,100.413610624056,26.6431847519859
1.58050265856287,-0.00654935656822811,100.413610624056,26.6431847519859
1.29582272383233,-0.462462349592668,100.413610624056,26.6431847519859
1.60522726610778,0.464262672759674,100.413610624056,26.6431847519859
1.9588646303992,-0.0183643357942974,100.413610624056,26.6431847519859
1.84872995562874,0.486794284928717,100.413610624056,26.6431847519859
1.75750090149701,0.662957859114053,100.413610624056,26.6431847519859
1.41752841754491,-0.56113356003055,100.413610624056,26.6431847519859
1.47837213419162,-1.21350160941955,100.413610624056,26.6431847519859
1.52387709874251,0.0130098947556008,100.413610624056,26.6431847519859
1.55499285299401,0.835702287525458,100.413610624056,26.6431847519859
0.916705988003992,-0.416443501934827,100.413610624056,26.6431847519859
0.639920641157685,-1.37283628462322,100.413610624056,26.6431847519859
0.609979640538922,-1.99762157001018,100.413610624056,26.6431847519859
0.370335986267465,-1.55207771053971,100.413610624056,26.6431847519859
0.236188860299401,-0.627884469450102,100.413610624056,26.6431847519859
-0.333828384251497,-0.912269281924644,100.413610624056,26.6431847519859
-0.721338826087824,-1.8073532438391,100.413610624056,26.6431847519859
-0.74710427752495,-1.45403324007128,100.413610624056,26.6431847519859
-0.68328411255489,-1.34876574658859,100.413610624056,26.6431847519859
-0.922842551536926,-1.56045492795316,100.413610624056,26.6431847519859
-1.07573095437126,-2.18027593635438,100.413610624056,26.6431847519859
-1.07850045127744,-1.84676339775967,100.413610624056,26.6431847519859
-0.438503193692615,-1.03745593681263,100.413610624056,26.6431847519859
-0.892597210598802,0.346609308197556,100.413610624056,26.6431847519859
-0.953940045369261,-0.698613005804481,100.413610624056,26.6431847519859
-0.55632550493014,-0.0588169878818737,100.413610624056,26.6431847519859
-0.719951034231537,-1.01035098447047,100.413610624056,26.6431847519859
-1.09379659572854,-0.534847713391039,100.413610624056,26.6431847519859
-1.07192061357285,-0.178040305040733,100.413610624056,26.6431847519859
-0.470574576546906,1.58671052062118,100.413610624056,26.6431847519859
-0.987624431916168,1.07613463263747,100.413610624056,26.6431847519859
-1.49761967868263,0.129422190071283,100.413610624056,26.6431847519859
-1.65833571453094,0.106673390784114,100.413610624056,26.6431847519859
-0.949289725289421,1.58431525697556,100.413610624056,26.6431847519859
-0.880234906826347,2.51941749674134,100.413610624056,26.6431847519859
-0.951937486067864,1.42329272759674,100.413610624056,26.6431847519859
-1.10541022231537,0.320782657179226,100.413610624056,26.6431847519859
-1.123214130998,-0.469071043329939,100.413610624056,26.6431847519859
-1.34341043886228,2.29718543212831,100.413610624056,26.6431847519859
-1.85770297093812,2.51951678228106,100.413610624056,26.6431847519859
-1.94989982728543,1.18691247357434,100.413610624056,26.6431847519859
-1.0708006411976,-0.799933899083503,100.413610624056,26.6431847519859
-0.157743162275449,-1.92346147718941,100.413610624056,26.6431847519859
-0.0188483273253493,-0.917308023065173,100.413610624056,26.6431847519859
0.204519206666667,-0.889433607790224,100.413610624056,26.6431847519859
-0.0714079004790419,-0.816036772556008,100.413610624056,26.6431847519859
0.467213596726547,-0.994912083044807,100.413610624056,26.6431847519859
0.640419759281437,-0.189650507841141,100.413610624056,26.6431847519859
0.958266702015968,0.0981658610997963,100.413610624056,26.6431847519859
0.932160389421158,-0.412670651425662,100.413610624056,26.6431847519859
1.75376360237525,-1.21864584144603,100.413610624056,26.6431847519859
1.895780969002,-0.979851707739308,100.413610624056,26.6431847519859
1.38514660756487,-0.529163616242363,100.413610624056,26.6431847519859
1.23763285477046,0.502028409928717,100.413610624056,26.6431847519859
1.348491859501,0.902980651374745,100.413610624056,26.6431847519859
1.78682104786427,0.626731047810591,100.413610624056,26.6431847519859
2.44205358183633,0.655635550560081,100.413610624056,26.6431847519859
1.97909108802395,0.792165578360489,100.413610624056,26.6431847519859
1.06146241750499,0.494066950712831,100.413610624056,26.6431847519859
1.33973294510978,1.44284577357434,100.413610624056,26.6431847519859
1.49415522315369,1.74959465386965,100.413610624056,26.6431847519859
1.47507308512974,2.15621237642566,100.413610624056,26.6431847519859
0.981445260738523,0.505466171741344,100.413610624056,26.6431847519859
1.65824334974052,-0.294260234623218,100.413610624056,26.6431847519859
1.31686481351297,-0.609833117260692,100.413610624056,26.6431847519859
1.19225571315369,0.232486785641548,100.413610624056,26.6431847519859
0.713151008802395,0.742702763543788,100.413610624056,26.6431847519859
0.436469137664671,0.18374379098778,100.413610624056,26.6431847519859
0.5234130800998,-0.614058958044806,100.413610624056,26.6431847519859
0.506181331217565,-1.50758537805499,100.413610624056,26.6431847519859
0.436548266147705,-1.22026543681263,100.413610624056,26.6431847519859
0.22357699746507,-0.916184855397149,100.413610624056,26.6431847519859
-0.264128364311377,-2.10485615824847,100.413610624056,26.6431847519859
-0.380252456566866,-1.63655108879837,100.413610624056,26.6431847519859
-0.259575433133733,-0.282184630855397,100.413610624056,26.6431847519859
-0.726524785129741,-0.470138362881874,100.413610624056,26.6431847519859
-0.375048237105788,-1.11716360916497,100.413610624056,26.6431847519859
-0.397624201996008,-2.05387923895112,100.413610624056,26.6431847519859
0.0762275884431138,-2.32201845498982,100.413610624056,26.6431847519859
0.252976272315369,-1.18947450880855,100.413610624056,26.6431847519859
0.526943427804391,0.142782300509165,100.413610624056,26.6431847519859
0.97447586742515,-0.263866448778004,100.413610624056,26.6431847519859
0.699595690978044,-0.828459875712831,100.413610624056,26.6431847519859
0.914782557185629,-1.79400554409369,100.413610624056,26.6431847519859
1.31464312918164,-1.39733499154786,100.413610624056,26.6431847519859
0.774445149121756,-1.08052724501018,100.413610624056,26.6431847519859
0.544163003073852,-0.373800362627291,100.413610624056,26.6431847519859
0.173945178183633,-0.314154574643584,100.413610624056,26.6431847519859
0.614051714011976,-0.458478517311609,100.413610624056,26.6431847519859
0.042202340738523,-0.547444566242362,100.413610624056,26.6431847519859
-0.473697108223553,-0.726127510997963,100.413610624056,26.6431847519859
-0.632994918183633,0.0371735129837067,100.413610624056,26.6431847519859
-1.36339951103792,0.901962974592668,100.413610624056,26.6431847519859
-1.82485856367265,0.567494812678208,100.413610624056,26.6431847519859
-2.4856726991018,0.831451625356415,100.413610624056,26.6431847519859
-2.38991506101796,1.02491570483707,100.413610624056,26.6431847519859
-1.86106288806387,0.82599712601833,100.413610624056,26.6431847519859
-1.29962804051896,-0.0985932572301426,100.413610624056,26.6431847519859
-1.31832062293413,-0.493364973828921,100.413610624056,26.6431847519859
-1.90568526568862,0.0618521749490835,100.413610624056,26.6431847519859
-2.31390302285429,1.76372422724033,100.413610624056,26.6431847519859
-1.9281881889022,2.41746365814664,100.413610624056,26.6431847519859
-1.39392484506986,1.05009079450102,100.413610624056,26.6431847519859
-1.29105781712575,-1.03338522968432,100.413610624056,26.6431847519859
-0.912001949361277,-1.26145652510183,100.413610624056,26.6431847519859
-0.699943701636727,-0.25610976598778,100.413610624056,26.6431847519859
-0.338679568942116,0.207839150407332,100.413610624056,26.6431847519859
-0.798884739461078,0.552682651221996,100.413610624056,26.6431847519859
-0.753087608203593,-0.311839980498982,100.413610624056,26.6431847519859
-0.80598804251497,0.167733997708758,100.413610624056,26.6431847519859
-0.829890931197605,0.587705625356415,100.413610624056,26.6431847519859
-0.168979406866267,1.05480065229124,100.413610624056,26.6431847519859
0.411361061317365,-0.0782459269348269,100.413610624056,26.6431847519859
1.1841054794012,-1.20574492662933,100.413610624056,26.6431847519859
1.34207636556886,-0.738016954378819,100.413610624056,26.6431847519859
0.888919716846307,0.568500078767821,100.413610624056,26.6431847519859
0.508116935648703,1.72541862494908,100.413610624056,26.6431847519859
1.38512834714571,0.732184701680244,100.413610624056,26.6431847519859
2.18193999768463,-0.482778653156823,100.413610624056,26.6431847519859
2.88353573590818,-0.0434587559572301,100.413610624056,26.6431847519859
2.93345972189621,1.28720948472505,100.413610624056,26.6431847519859
2.70062111716567,2.49363428314664,100.413610624056,26.6431847519859
2.94433684491018,3.32874977907332,100.413610624056,26.6431847519859
2.84519494247505,1.56007096924644,100.413610624056,26.6431847519859
3.14196327469062,0.439013118940937,100.413610624056,26.6431847519859
2.24553495081836,0.0144619457739308,100.413610624056,26.6431847519859
2.09682818397206,0.896918028105906,100.413610624056,26.6431847519859
1.80472843225549,2.19611895804481,100.413610624056,26.6431847519859
1.37767809612774,2.10195903431772,100.413610624056,26.6431847519859
1.71010294015968,2.28869651848269,100.413610624056,26.6431847519859
1.12558692279441,-0.428543927087576,100.413610624056,26.6431847519859
0.895116085748503,-0.458056553767821,100.413610624056,26.6431847519859
0.9245640550499,0.258139686965377,100.413610624056,26.6431847519859
0.482972338463074,1.19900048803462,100.413610624056,26.6431847519859
0.926377923353293,1.27968239974542,100.413610624056,26.6431847519859
0.782534514810379,1.07883395824847,100.413610624056,26.6431847519859
0.590812287225549,-0.37991883401222,100.413610624056,26.6431847519859
1.20747881592814,-0.465434710437882,100.413610624056,26.6431847519859
0.0239723556087824,-0.528462412118126,100.413610624056,26.6431847519859
-0.101379335129741,-0.326695579378819,100.413610624056,26.6431847519859
-0.514910874271457,-0.811935038696538,100.413610624056,26.6431847519859
-0.32728506738523,-0.635957624898167,100.413610624056,26.6431847519859
-0.25563118259481,0.260820396537678,100.413610624056,26.6431847519859
-0.73508283491018,0.532626972199593,100.413610624056,26.6431847519859
-0.720237114131737,0.749696188747454,100.413610624056,26.6431847519859
-0.77810438245509,0.151153312576375,100.413610624056,26.6431847519859
-1.2632532855489,-0.977617783095723,100.413610624056,26.6431847519859
-1.38522071193613,-0.0594933706211813,100.413610624056,26.6431847519859
-2.13044667834331,0.821609946232179,100.413610624056,26.6431847519859
-2.88171684349301,1.13684153482688,100.413610624056,26.6431847519859
-2.49942279473054,2.05626907001018,100.413610624056,26.6431847519859
-1.69183141007984,2.21860092744399,100.413610624056,26.6431847519859
-1.84622325409182,1.58829908925662,100.413610624056,26.6431847519859
-2.38900204005988,1.21904375636456,100.413610624056,26.6431847519859
-2.44679626670659,0.257879062423625,100.413610624056,26.6431847519859
-1.95801962700599,-0.684396557586558,100.413610624056,26.6431847519859
-1.10194682948104,-0.0889315331466395,100.413610624056,26.6431847519859
-0.973935204351297,0.343047439460285,100.413610624056,26.6431847519859
-0.918265273133733,0.693910126120163,100.413610624056,26.6431847519859
-0.8258432049501,0.562822186965377,100.413610624056,26.6431847519859
-0.461712186447106,0.213181953513238,100.413610624056,26.6431847519859
-0.113108611037924,-0.439074399643584,100.413610624056,26.6431847519859
0.0363346593812375,-1.14196017270876,100.413610624056,26.6431847519859
0.340218468263473,-1.08634165442974,100.413610624056,26.6431847519859
0.66485220011976,-0.406266734114053,100.413610624056,26.6431847519859
0.838076623093812,-0.433861908808554,100.413610624056,26.6431847519859
1.0778967947505,-0.514028776782077,100.413610624056,26.6431847519859
1.54151057684631,-1.63647041929735,100.413610624056,26.6431847519859
1.48618150678643,-2.85455506328921,100.413610624056,26.6431847519859
1.86668603447106,-3.04394843564155,100.413610624056,26.6431847519859
2.00160009804391,-2.29326908589613,100.413610624056,26.6431847519859
1.70138663341317,-1.84670754964358,100.413610624056,26.6431847519859
2.14362355147705,-0.778295856771894,100.413610624056,26.6431847519859
2.32354954828343,-0.981905677342159,100.413610624056,26.6431847519859
2.22298333315369,-2.11065195162933,100.413610624056,26.6431847519859
2.06086124502994,-2.60163135621181,100.413610624056,26.6431847519859
1.93291657477046,-1.87138621160896,100.413610624056,26.6431847519859
1.38149452373253,-1.58267627281059,100.413610624056,26.6431847519859
1.34546062992016,-1.5401572404277,100.413610624056,26.6431847519859
1.5929745248503,-1.28560773263747,100.413610624056,26.6431847519859
1.59551272311377,-0.652501077953157,100.413610624056,26.6431847519859
1.19906076269461,-0.029639449898167,100.413610624056,26.6431847519859
1.42927595387226,-0.137488367413442,100.413610624056,26.6431847519859
1.10114230834331,-0.709044192820774,100.413610624056,26.6431847519859
1.14311083838323,-1.51910870600815,100.413610624056,26.6431847519859
0.348533045788423,-0.829415499032587,100.413610624056,26.6431847519859
-0.141844423992016,0.588928078564155,100.413610624056,26.6431847519859
-0.0542918009181637,0.829031540325866,100.413610624056,26.6431847519859
-0.470659791836327,0.0868783363034623,100.413610624056,26.6431847519859
-0.192724038582834,-0.627028131670061,100.413610624056,26.6431847519859
-0.662978526447106,-0.855924738136456,100.413610624056,26.6431847519859
-0.618021374471058,0.490914634826884,100.413610624056,26.6431847519859
-0.843513203892216,0.793890664613035,100.413610624056,26.6431847519859
-1.35657011427146,-0.474122195162933,100.413610624056,26.6431847519859
-1.53877866347305,-1.27441949338086,100.413610624056,26.6431847519859
-1.62726256792415,-0.140535192413442,100.413610624056,26.6431847519859
-1.48501390265469,0.379032242260692,100.413610624056,26.6431847519859
-0.959984244111776,0.869788254378819,100.413610624056,26.6431847519859
-0.659752519061876,0.268682570213849,100.413610624056,26.6431847519859
-0.217272128742515,-0.884407277342159,100.413610624056,26.6431847519859
0.256445751956088,-1.13160344984725,100.413610624056,26.6431847519859
0.228349053672655,-1.26755017510183,100.413610624056,26.6431847519859
0.567591120858283,-1.52998667795316,100.413610624056,26.6431847519859
0.786314421576846,-1.43807308956212,100.413610624056,26.6431847519859
1.34888141510978,0.036627442515275,100.413610624056,26.6431847519859
0.932251691516966,0.554221577087576,100.413610624056,26.6431847519859
0.917259887385229,1.29939678472505,100.413610624056,26.6431847519859
1.19599909908184,1.34021555224033,100.413610624056,26.6431847519859
1.07134130427146,0.130278527851324,100.413610624056,26.6431847519859
0.428312817105788,-0.623826173014257,100.413610624056,26.6431847519859
0.499053680938124,-0.020914733095723,100.413610624056,26.6431847519859
0.141100770918164,1.20693092051935,100.413610624056,26.6431847519859
-0.546020541716567,1.97667309389002,100.413610624056,26.6431847519859
-1.29020566423154,1.50253499898167,100.413610624056,26.6431847519859
-1.54551675814371,1.15530864521385,100.413610624056,26.6431847519859
-1.80956241922156,2.63141158553971,100.413610624056,26.6431847519859
-2.18762613754491,3.36416369002037,100.413610624056,26.6431847519859
-2.6238979853493,2.19060861059063,100.413610624056,26.6431847519859
-1.40518543688623,2.75527029633401,100.413610624056,26.6431847519859
-0.785718977245509,2.48756545453157,100.413610624056,26.6431847519859
-0.720224940518962,2.32595341726069,100.413610624056,26.6431847519859
-0.149507713233533,3.32109238182281,100.413610624056,26.6431847519859
0.342896663073852,3.649299349389,100.413610624056,26.6431847519859
0.600916385828343,2.55771689368635,100.413610624056,26.6431847519859
0.242208711816367,2.19242677703666,100.413610624056,26.6431847519859
0.475899469441118,2.18488728136456,100.413610624056,26.6431847519859
1.06767096001996,2.27744622576375,100.413610624056,26.6431847519859
1.15295320431138,2.3474177098778,100.413610624056,26.6431847519859
1.35691599954092,2.01058531104888,100.413610624056,26.6431847519859
1.47579741508982,0.368718956822811,100.413610624056,26.6431847519859
1.4801433948503,-0.587152576782077,100.413610624056,26.6431847519859
1.07342907886228,-0.277363076832994,100.413610624056,26.6431847519859
0.934534243912176,-0.105251593737271,100.413610624056,26.6431847519859
0.927960493013972,0.980311676120163,100.413610624056,26.6431847519859
0.38640515512974,1.19443335320774,100.413610624056,26.6431847519859
0.274328789121756,1.70139152433809,100.413610624056,26.6431847519859
0.230473349101796,1.88273035728106,100.413610624056,26.6431847519859
-0.830371788902196,1.15935453095723,100.413610624056,26.6431847519859
-0.896693631297405,1.26369122250509,100.413610624056,26.6431847519859
-0.858791087924152,0.894646871384929,100.413610624056,26.6431847519859
-1.53210143686627,0.00341642948065173,100.413610624056,26.6431847519859
-1.42091374459082,0.578472070162933,100.413610624056,26.6431847519859
-0.910407206087824,1.73128888248472,100.413610624056,26.6431847519859
-0.261742336207585,2.49534695870672,100.413610624056,26.6431847519859
-0.533493894171657,2.37424962698574,100.413610624056,26.6431847519859
-0.379601168283433,2.02597456970468,100.413610624056,26.6431847519859
-0.39031394752495,1.89681649322811,100.413610624056,26.6431847519859
-0.787989356027944,1.63635949582485,100.413610624056,26.6431847519859
-1.14128585916168,1.39801835239308,100.413610624056,26.6431847519859
-0.800771649441118,0.60073064709776,100.413610624056,26.6431847519859
0.0388545972255489,0.437486603767821,100.413610624056,26.6431847519859
0.751881357844311,1.23016373681263,100.413610624056,26.6431847519859
0.498712819780439,-0.332627890376782,100.413610624056,26.6431847519859
0.463902374051896,-1.89877040453157,100.413610624056,26.6431847519859
0.744017203992016,-1.93239717576375,100.413610624056,26.6431847519859
0.636158994810379,-2.51383191237271,100.413610624056,26.6431847519859
0.799668874790419,-2.09394095422607,100.413610624056,26.6431847519859
0.843086064750499,-1.8704678203666,100.413610624056,26.6431847519859
0.473355184371257,-1.65793471191446,100.413610624056,26.6431847519859
0.301451598383234,-1.99217948136456,100.413610624056,26.6431847519859
0.0592271382035928,-1.67972788788187,100.413610624056,26.6431847519859
0.0309721829540918,-1.73382609633401,100.413610624056,26.6431847519859
-0.298530994011976,-2.08080423625255,100.413610624056,26.6431847519859
-0.146768650359281,-1.67529106532587,100.413610624056,26.6431847519859
-0.366277149101796,-1.73706528706721,100.413610624056,26.6431847519859
-0.36719017005988,-1.43878049903259,100.413610624056,26.6431847519859
-0.382717613153693,-1.34624637601833,100.413610624056,26.6431847519859
-0.32765636257485,-1.64504000244399,100.413610624056,26.6431847519859
-0.4981660699002,-2.01764622230143,100.413610624056,26.6431847519859
-0.585706519361277,-2.27254322948065,100.413610624056,26.6431847519859
-0.100630657944112,-1.18903392922607,100.413610624056,26.6431847519859
0.118488285189621,-0.369438004226069,100.413610624056,26.6431847519859
-0.128873439580838,0.81907816496945,100.413610624056,26.6431847519859
0.218257128682635,0.446471945112016,100.413610624056,26.6431847519859
0.454479997764471,-0.0266298569755601,100.413610624056,26.6431847519859
1.10080753399202,-0.197885002291242,100.413610624056,26.6431847519859
0.787440480758483,-0.320471617107943,100.413610624056,26.6431847519859
0.17344606005988,-1.23322840509165,100.413610624056,26.6431847519859
0.447662774610778,-1.5842586360998,100.413610624056,26.6431847519859
1.16225384447106,-0.812400439663951,100.413610624056,26.6431847519859
1.6071263497006,-0.141751440274949,100.413610624056,26.6431847519859
1.21327345560878,0.276135191038697,100.413610624056,26.6431847519859
0.885365021916168,0.381669514409369,100.413610624056,26.6431847519859
0.0267175052894212,-0.286509757179226,100.413610624056,26.6431847519859
0.221988340998004,-0.692804801731161,100.413610624056,26.6431847519859
-0.0636411355289421,-1.04697493793279,100.413610624056,26.6431847519859
0.359708422315369,-1.45078784399185,100.413610624056,26.6431847519859
0.210593839441118,-1.67486289643585,100.413610624056,26.6431847519859
0.0958149313972056,-1.61210202464358,100.413610624056,26.6431847519859
0.128129786506986,-1.26398210101833,100.413610624056,26.6431847519859
-0.475620539041916,-1.07820644551935,100.413610624056,26.6431847519859
-0.850616506946108,-0.599526037169043,100.413610624056,26.6431847519859
-1.23954517467066,-0.56210159404277,100.413610624056,26.6431847519859
-1.26314372303393,-0.325007725203666,100.413610624056,26.6431847519859
-0.793272703972056,0.678322296384929,100.413610624056,26.6431847519859
-0.763392571417166,0.964810721232179,100.413610624056,26.6431847519859
-1.11905075542914,0.956942342209776,100.413610624056,26.6431847519859
-0.893272846107784,0.791898748472505,100.413610624056,26.6431847519859
-1.06804331790419,0.746996863136456,100.413610624056,26.6431847519859
-1.25351439532934,1.2405514864053,100.413610624056,26.6431847519859
-1.27366781127745,1.87657465381874,100.413610624056,26.6431847519859
-0.366471926906188,1.91772851003055,100.413610624056,26.6431847519859
0.385863429361277,1.79367743350305,100.413610624056,26.6431847519859
0.260548259461078,1.40112102550916,100.413610624056,26.6431847519859
0.316540791417166,1.5715384490835,100.413610624056,26.6431847519859
0.289229291157685,2.59235513635438,100.413610624056,26.6431847519859
0.0552707140518962,2.90127588783096,100.413610624056,26.6431847519859
0.811958136886228,3.06878920936864,100.413610624056,26.6431847519859
1.52244061243513,1.95264599327902,100.413610624056,26.6431847519859
1.7332510648503,1.71102842703666,100.413610624056,26.6431847519859
1.79733296249501,1.38262288839104,100.413610624056,26.6431847519859
1.95459777912176,2.26047460381874,100.413610624056,26.6431847519859
1.21572643858283,1.45817918411405,100.413610624056,26.6431847519859
0.864115980818363,1.07729503238289,100.413610624056,26.6431847519859
0.273434028582834,1.5391031043279,100.413610624056,26.6431847519859
0.239080093333333,1.72701339893075,100.413610624056,26.6431847519859
0.167353166866267,2.7155436697556,100.413610624056,26.6431847519859
-0.326785949261477,1.66320382362525,100.413610624056,26.6431847519859
-0.157146655249501,1.30874203615071,100.413610624056,26.6431847519859
-0.959320782215569,1.64361354557026,100.413610624056,26.6431847519859
-0.843896672694611,2.5993982043279,100.413610624056,26.6431847519859
-1.03121813926148,2.23715491267821,100.413610624056,26.6431847519859
-0.991337383812375,1.1179462555499,100.413610624056,26.6431847519859
-0.267823055788423,0.979411900916497,100.413610624056,26.6431847519859
0.119943031916168,0.883247650356415,100.413610624056,26.6431847519859
0.139731239481038,0.558286078869654,100.413610624056,26.6431847519859
-0.00634602700598803,0.789267681670061,100.413610624056,26.6431847519859
0.0364624823153693,0.344288508706721,100.413610624056,26.6431847519859
0.448642750439122,0.848100569297352,100.413610624056,26.6431847519859
0.581803813772455,1.42581830351324,100.413610624056,26.6431847519859
1.0639823553493,0.283817409674134,100.413610624056,26.6431847519859
1.50968875305389,-0.762056465682281,100.413610624056,26.6431847519859
1.90261645257485,-1.02079458217923,100.413610624056,26.6431847519859
1.38482400682635,-0.0788912829429735,100.413610624056,26.6431847519859
0.541302204071856,0.373335734419552,100.413610624056,26.6431847519859
-0.317546177165669,0.633501080549898,100.413610624056,26.6431847519859
-1.09731476982036,-0.166374254124236,100.413610624056,26.6431847519859
-0.802396826746507,-0.846107880397149,100.413610624056,26.6431847519859
-0.741607891357285,-1.02043467209776,100.413610624056,26.6431847519859
-1.34470692862275,-1.07911242606925,100.413610624056,26.6431847519859
-1.46698478213573,0.031470799796334,100.413610624056,26.6431847519859
-1.58376624948104,-0.18346998299389,100.413610624056,26.6431847519859
-1.655255790499,0.121969569246436,100.413610624056,26.6431847519859
-1.06290605331337,-0.213038457790224,100.413610624056,26.6431847519859
-0.295469330399202,-0.699308004582485,100.413610624056,26.6431847519859
0.0627513991017964,-1.40254748238289,100.413610624056,26.6431847519859
-0.167512486526946,-0.802738715580448,100.413610624056,26.6431847519859
-0.414898558522954,-0.337176409164969,100.413610624056,26.6431847519859
-0.209474929760479,-0.0755714227087576,100.413610624056,26.6431847519859
0.956051104491018,0.696603246384929,100.413610624056,26.6431847519859
1.13687186183633,0.264078203309572,100.413610624056,26.6431847519859
0.612316974191617,-1.59678102479633,100.413610624056,26.6431847519859
1.11695583133733,-1.56356380641548,100.413610624056,26.6431847519859
1.33647650369261,-1.24393883268839,100.413610624056,26.6431847519859
1.07163955778443,-0.840138337321792,100.413610624056,26.6431847519859
0.364066575688623,0.273646847199593,100.413610624056,26.6431847519859
0.0528299046906188,0.00162308441955193,100.413610624056,26.6431847519859
0.328416150678643,-0.921527658503055,100.413610624056,26.6431847519859
0.238075770279441,-0.653611834928717,100.413610624056,26.6431847519859
-0.173483643592814,-0.650782197046843,100.413610624056,26.6431847519859
-0.818204262934132,-1.12703010967413,100.413610624056,26.6431847519859
-0.813346991437126,-1.0786408197556,100.413610624056,26.6431847519859
-0.473435375548902,-0.382500258044806,100.413610624056,26.6431847519859
-0.170555889720559,-0.159306364765784,100.413610624056,26.6431847519859
-0.00293132862275449,0.198158810285132,100.413610624056,26.6431847519859
0.542050881257485,-0.331566776171079,100.413610624056,26.6431847519859
0.619688096726547,-0.863023654226069,100.413610624056,26.6431847519859
0.741850300918164,-0.48234427892057,100.413610624056,26.6431847519859
0.637376356087824,-0.461041325305499,100.413610624056,26.6431847519859
1.28481777788423,-0.353117943635438,100.413610624056,26.6431847519859
0.982370455309381,0.0516009429735234,100.413610624056,26.6431847519859
-0.0738547966467066,-0.169179070621181,100.413610624056,26.6431847519859
0.231970703473054,0.724787928971487,100.413610624056,26.6431847519859
0.262721249341317,1.47734749862525,100.413610624056,26.6431847519859
-0.0118911076247505,1.03762425392057,100.413610624056,26.6431847519859
-0.597417534850299,0.0315824960285132,100.413610624056,26.6431847519859
-0.767348995568862,-0.895049446130346,100.413610624056,26.6431847519859
0.0591967041716567,-0.615616499949084,100.413610624056,26.6431847519859
0.224216112135729,0.0461898810590631,100.413610624056,26.6431847519859
0.272393184690619,-0.535685435132383,100.413610624056,26.6431847519859
0.687988151197605,-0.183333465376782,100.413610624056,26.6431847519859
0.753603924051896,0.0871141394602851,100.413610624056,26.6431847519859
0.470646555528942,1.38893372550916,100.413610624056,26.6431847519859
-0.25780417247505,1.45803646115071,100.413610624056,26.6431847519859
0.0689842888423154,0.697503021588595,100.413610624056,26.6431847519859
1.22156368590818,0.605732156160896,100.413610624056,26.6431847519859
1.21107003169661,-0.192231931873727,100.413610624056,26.6431847519859
0.84218521740519,-1.08612446731161,100.413610624056,26.6431847519859
1.35958202073852,-1.39083799404277,100.413610624056,26.6431847519859
2.09700470135729,-0.793064580804481,100.413610624056,26.6431847519859
1.4046183011976,-0.254483965274949,100.413610624056,26.6431847519859
0.242841739680639,0.524994396334012,100.413610624056,26.6431847519859
-0.00540865882235529,1.63315133182281,100.413610624056,26.6431847519859
0.123126431656687,1.79421109327902,100.413610624056,26.6431847519859
-0.540037211037924,1.2738741956721,100.413610624056,26.6431847519859
-1.33133421499002,0.638757008808554,100.413610624056,26.6431847519859
-1.41376174708583,0.603796088136456,100.413610624056,26.6431847519859
-1.77383895253493,0.191711455549898,100.413610624056,26.6431847519859
-2.05076429592814,0.112189943584521,100.413610624056,26.6431847519859
-1.68825236792415,-0.341073366598778,100.413610624056,26.6431847519859
-1.42362237343313,-0.878990010081466,100.413610624056,26.6431847519859
-1.6054170198004,-0.395680413441955,100.413610624056,26.6431847519859
-1.8496136052495,-0.468233321588595,100.413610624056,26.6431847519859
-1.94328346874251,-0.1895077848778,100.413610624056,26.6431847519859
-1.35103720726547,0.944934997250509,100.413610624056,26.6431847519859
-0.821253752934132,0.66881570595723,100.413610624056,26.6431847519859
-0.663361995249501,-1.26401312774949,100.413610624056,26.6431847519859
-0.234923867265469,-1.62016897474542,100.413610624056,26.6431847519859
0.0285983284630738,-1.21833557413442,100.413610624056,26.6431847519859
0.52148356247505,-0.760989146130346,100.413610624056,26.6431847519859
0.976125391956088,-0.606953836608961,100.413610624056,26.6431847519859
1.18957751834331,-1.35855157759674,100.413610624056,26.6431847519859
0.991153716926148,-2.12955343625255,100.413610624056,26.6431847519859
1.14730464798403,-1.58170823879837,100.413610624056,26.6431847519859
1.01334012620758,0.288452803309572,100.413610624056,26.6431847519859
0.443542006686627,-0.391702786507128,100.413610624056,26.6431847519859
0.62345582988024,-1.20721559368635,100.413610624056,26.6431847519859
0.948479117345309,-0.818332750661914,100.413610624056,26.6431847519859
1.00896371241517,0.562238884419552,100.413610624056,26.6431847519859
0.564261637764471,1.00434498207739,100.413610624056,26.6431847519859
0.19152387502994,0.519186192260693,100.413610624056,26.6431847519859
0.513966356586826,0.174789476374745,100.413610624056,26.6431847519859
0.659380161177645,-0.664644940529532,100.413610624056,26.6431847519859
-0.227869258662675,-1.98001700274949,100.413610624056,26.6431847519859
-0.422957490179641,-1.50641877296334,100.413610624056,26.6431847519859
-0.114648573053892,0.151910364816701,100.413610624056,26.6431847519859
0.968084720718563,0.910067156771894,100.413610624056,26.6431847519859
0.66974599245509,-0.039332200712831,100.413610624056,26.6431847519859
0.344588795249501,-2.39403149801426,100.413610624056,26.6431847519859
1.19287656740519,-1.70719895565173,100.413610624056,26.6431847519859
0.467937926686627,-0.826927155193483,100.413610624056,26.6431847519859
-0.0681149382235529,0.607525501221996,100.413610624056,26.6431847519859
-0.664068064790419,0.0645142684826884,100.413610624056,26.6431847519859
-0.50463634508982,-1.01741266848269,100.413610624056,26.6431847519859
-0.0758025746906188,-0.553910537016293,100.413610624056,26.6431847519859
-0.688841366786427,-0.467780331313646,100.413610624056,26.6431847519859
-1.31941624808383,-0.753387596995927,100.413610624056,26.6431847519859
-1.95556664403194,-0.806250941547861,100.413610624056,26.6431847519859
-1.90244708469062,0.226231796639511,100.413610624056,26.6431847519859
-1.70423023469062,1.1071675691446,100.413610624056,26.6431847519859
-1.78908640253493,0.876794090274949,100.413610624056,26.6431847519859
-1.79521581656687,1.40788485290224,100.413610624056,26.6431847519859
-1.50908722191617,1.03265377158859,100.413610624056,26.6431847519859
-1.32951425988024,1.35622534551935,100.413610624056,26.6431847519859
-1.05173676359281,0.784222735183299,100.413610624056,26.6431847519859
-0.119597146646707,0.342836457688391,100.413610624056,26.6431847519859
0.903960215429142,-0.562312575814664,100.413610624056,26.6431847519859
1.4296350754491,-0.460768290071283,100.413610624056,26.6431847519859
1.59514751473054,-0.1266041901222,100.413610624056,26.6431847519859
1.74594205616766,-0.665451635539715,100.413610624056,26.6431847519859
1.86689907269461,-0.773952114409369,100.413610624056,26.6431847519859
1.84429267377245,-0.0591520765784114,100.413610624056,26.6431847519859
1.53931323974052,-0.618781226527495,100.413610624056,26.6431847519859
1.39628546325349,-0.737570169450102,100.413610624056,26.6431847519859
1.51250085760479,-1.24532262489817,100.413610624056,26.6431847519859
2.06342379051896,-1.74787500020367,100.413610624056,26.6431847519859
1.35633166612774,-2.12640732571283,100.413610624056,26.6431847519859
0.123223820558882,-1.44869664231161,100.413610624056,26.6431847519859
-1.31194773664671,-1.68484109317719,100.413610624056,26.6431847519859
-1.26235852500998,-1.65629029516293,100.413610624056,26.6431847519859
-0.655047417724551,-1.04078200239308,100.413610624056,26.6431847519859
-1.31507026832335,-0.836756423625255,100.413610624056,26.6431847519859
-1.94737380263473,-0.633332763441955,100.413610624056,26.6431847519859
-2.17719943820359,-0.350120761405295,100.413610624056,26.6431847519859
-1.92263702147705,-1.71504251328921,100.413610624056,26.6431847519859
-1.45475638810379,-2.68514290580448,100.413610624056,26.6431847519859
-0.83742639750499,-1.45062650498982,100.413610624056,26.6431847519859
-0.62040740257485,0.335334194093686,100.413610624056,26.6431847519859
-0.131509026746507,1.40498695621181,100.413610624056,26.6431847519859
-0.0715478970259481,0.144315021028513,100.413610624056,26.6431847519859
0.625251437764471,-1.57983422423625,100.413610624056,26.6431847519859
0.713230137285429,-2.17131541639511,100.413610624056,26.6431847519859
0.643688374311377,-0.974142789205703,100.413610624056,26.6431847519859
1.23933107375249,0.568251864918534,100.413610624056,26.6431847519859
1.62202076493014,0.972660484215886,100.413610624056,26.6431847519859
2.63497491027944,-0.064780325610998,100.413610624056,26.6431847519859
2.22684845520958,-1.19239102153768,100.413610624056,26.6431847519859
1.89463056259481,-1.33969353039715,100.413610624056,26.6431847519859
1.68147060291417,-1.2700695456721,100.413610624056,26.6431847519859
1.9326122344511,-1.07806372255601,100.413610624056,26.6431847519859
1.36607055634731,-1.22683069312627,100.413610624056,26.6431847519859
1.18884710157685,-1.52679092464358,100.413610624056,26.6431847519859
0.562788630618762,-2.285568251222,100.413610624056,26.6431847519859
0.252562369481038,-2.21385927016293,100.413610624056,26.6431847519859
0.496235489580838,-2.44519457769857,100.413610624056,26.6431847519859
0.31484257243513,-2.74086070962322,100.413610624056,26.6431847519859
-0.158917915908184,-1.88087418599796,100.413610624056,26.6431847519859
-0.626798549281437,-0.904518804480652,100.413610624056,26.6431847519859
-0.837286400958084,-0.774460952800407,100.413610624056,26.6431847519859
-0.6578351750499,-0.0394811290224033,100.413610624056,26.6431847519859
-0.455588859221557,0.139319717311609,100.413610624056,26.6431847519859
-0.773405367924152,-1.00691322265784,100.413610624056,26.6431847519859
-1.21421188648703,-1.29471097556008,100.413610624056,26.6431847519859
-0.765395130718563,0.199815637729124,100.413610624056,26.6431847519859
-0.396948566487026,0.874243692973523,100.413610624056,26.6431847519859
-0.441771808722555,1.23644354719959,100.413610624056,26.6431847519859
-0.205877627185629,1.38589931120163,100.413610624056,26.6431847519859
0.00305808886227545,0.519632977189409,100.413610624056,26.6431847519859
-0.150816376606786,0.398696984470468,100.413610624056,26.6431847519859
-0.0187083307784431,1.04629312260692,100.413610624056,26.6431847519859
0.195681163792415,0.625707165682281,100.413610624056,26.6431847519859
0.69203587744511,-0.0977245087576375,100.413610624056,26.6431847519859
1.14393255724551,0.270866852087576,100.413610624056,26.6431847519859
1.39036908744511,0.8080574700611,100.413610624056,26.6431847519859
0.954632878602794,1.02186887983707,100.413610624056,26.6431847519859
0.443115930239521,0.348501938798371,100.413610624056,26.6431847519859
0.396570121796407,-0.042174249287169,100.413610624056,26.6431847519859
0.0889307533732535,-0.81159995,100.413610624056,26.6431847519859
-0.0273272486227545,-0.196104067922607,100.413610624056,26.6431847519859
0.397075326726547,0.438162986507128,100.413610624056,26.6431847519859
-0.07305742500998,-0.332013561099796,100.413610624056,26.6431847519859
-0.854615538742515,-1.67680516980652,100.413610624056,26.6431847519859
-1.20985981992016,-2.67839148910387,100.413610624056,26.6431847519859
-1.00467357660679,-3.44877281313646,100.413610624056,26.6431847519859
-0.690539585768463,-1.8851806962831,100.413610624056,26.6431847519859
-1.28668749013972,0.86144826904277,100.413610624056,26.6431847519859
-2.16590841235529,2.3110295595723,100.413610624056,26.6431847519859
-2.30936835209581,2.30084038105906,100.413610624056,26.6431847519859
-1.7802361860479,1.98398299175153,100.413610624056,26.6431847519859
-1.25130488461078,-0.0651774677698574,100.413610624056,26.6431847519859
-1.42804139487026,-1.89163425636456,100.413610624056,26.6431847519859
-1.000857149002,-1.66260113228106,100.413610624056,26.6431847519859
-0.410394321796407,-0.819611051985743,100.413610624056,26.6431847519859
0.314617360598802,0.106456203665988,100.413610624056,26.6431847519859
0.0318425962674651,0.693165484572301,100.413610624056,26.6431847519859
0.225920417924152,0.885227155804481,100.413610624056,26.6431847519859
0.276124397005988,0.824048647301426,100.413610624056,26.6431847519859
0.885998049780439,0.575195647352342,100.413610624056,26.6431847519859
1.71799752804391,-0.725413896181263,100.413610624056,26.6431847519859
2.65955952127744,-1.75717060885947,100.413610624056,26.6431847519859
2.23814556786427,-1.21798807474542,100.413610624056,26.6431847519859
1.49910988355289,-0.558899635386965,100.413610624056,26.6431847519859
0.870050617045908,-1.29642365112016,100.413610624056,26.6431847519859
1.46547419145709,-1.00316519353361,100.413610624056,26.6431847519859
2.56762439760479,-1.01291379246436,100.413610624056,26.6431847519859
2.36066080682635,-1.76814166099796,100.413610624056,26.6431847519859
1.36871831712575,-1.62060334898167,100.413610624056,26.6431847519859
0.556421831137725,-1.18056983696538,100.413610624056,26.6431847519859
0.110770214690619,-1.43766974205703,100.413610624056,26.6431847519859
-0.350567101816367,-0.658867763187373,100.413610624056,26.6431847519859
-0.923280801596806,0.0673563170570265,100.413610624056,26.6431847519859
-1.32920991956088,0.100536303360489,100.413610624056,26.6431847519859
-1.34436606746507,1.15414824546843,100.413610624056,26.6431847519859
-1.4925371953493,2.08991445728106,100.413610624056,26.6431847519859
-1.40118031828343,1.4351821709776,100.413610624056,26.6431847519859
-2.07220202802395,1.08137194485743,100.413610624056,26.6431847519859
-2.24848202780439,1.71895885952138,100.413610624056,26.6431847519859
-3.20282022764471,0.710490811252546,100.413610624056,26.6431847519859
-2.70564379512974,0.438957270824847,100.413610624056,26.6431847519859
-1.99438829516966,2.27813501919552,100.413610624056,26.6431847519859
-1.87605469219561,2.88941747118126,100.413610624056,26.6431847519859
-1.76625479177645,2.7306226610998,100.413610624056,26.6431847519859
-0.833993438702595,3.21676189562118,100.413610624056,26.6431847519859
-0.274847230359281,1.92364220498982,100.413610624056,26.6431847519859
-0.772924510219561,-0.717682034775967,100.413610624056,26.6431847519859
0.144418080399202,-0.0435083987270876,100.413610624056,26.6431847519859
0.324076257724551,1.03727054918534,100.413610624056,26.6431847519859
0.51204901257485,1.08504550982688,100.413610624056,26.6431847519859
0.427625007984032,0.66465812398167,100.413610624056,26.6431847519859
0.68293001508982,0.154181521537678,100.413610624056,26.6431847519859
1.69197034393214,-0.129588961659878,100.413610624056,26.6431847519859
1.74256387862275,-0.0889873812627291,100.413610624056,26.6431847519859
1.17034321015968,0.470027439409369,100.413610624056,26.6431847519859
1.19835469315369,0.783881441140529,100.413610624056,26.6431847519859
1.19218875828343,1.00068382780041,100.413610624056,26.6431847519859
0.907618386067864,0.469009762627291,100.413610624056,26.6431847519859
0.580172549660679,-0.791426369399185,100.413610624056,26.6431847519859
0.995268398043912,-1.60041735768839,100.413610624056,26.6431847519859
1.55373288407186,-0.637999183808554,100.413610624056,26.6431847519859
1.04509499512974,0.861013894806517,100.413610624056,26.6431847519859
-0.13821668738523,1.40910110076375,100.413610624056,26.6431847519859
-0.695080343333333,1.35943350952138,100.413610624056,26.6431847519859
0.231240286706587,2.64577696206721,100.413610624056,26.6431847519859
-0.117509372055888,3.54421181094705,100.413610624056,26.6431847519859
-0.533433026107784,3.0096770811609,100.413610624056,26.6431847519859
-0.456867088562874,2.19674569801426,100.413610624056,26.6431847519859
0.0222802234331337,1.16082519801426,100.413610624056,26.6431847519859
-0.24869831011976,0.406794961303462,100.413610624056,26.6431847519859
-0.660829883792415,-0.00643766033604888,100.413610624056,26.6431847519859
-0.781257348163673,0.553793408197556,100.413610624056,26.6431847519859
-0.885554775608782,0.970401738187373,100.413610624056,26.6431847519859
-0.698568083393214,0.935738674134419,100.413610624056,26.6431847519859
-0.765316002235529,0.627860420824847,100.413610624056,26.6431847519859
-1.01175861924152,0.183365264867617,100.413610624056,26.6431847519859
-0.488761954031936,-0.0828316778004073,100.413610624056,26.6431847519859
-0.507363234351297,-0.358783424745418,100.413610624056,26.6431847519859
-1.10800320183633,-1.09419762275967,100.413610624056,26.6431847519859
-1.32001275510978,-1.41986039837067,100.413610624056,26.6431847519859
-1.36785505331337,-1.24158700646639,100.413610624056,26.6431847519859
-0.336445710998004,0.89277285682281,100.413610624056,26.6431847519859
-0.817784273293413,1.76330846904277,100.413610624056,26.6431847519859
-0.83626381748503,1.12125370509165,100.413610624056,26.6431847519859
-1.01990276618762,-1.0964005206721,100.413610624056,26.6431847519859
-1.03546673011976,-1.74440000631365,100.413610624056,26.6431847519859
-1.53876040305389,-1.03508549455193,100.413610624056,26.6431847519859
-1.10324331924152,0.656373986761711,100.413610624056,26.6431847519859
-0.874768954690619,1.44159229363544,100.413610624056,26.6431847519859
0.00168247061876247,0.883123543431772,100.413610624056,26.6431847519859
0.235032367085828,-0.311399400916497,100.413610624056,26.6431847519859
0.042555375508982,-0.479384328767821,100.413610624056,26.6431847519859
0.170865254151697,0.370884622657841,100.413610624056,26.6431847519859
0.378242747764471,0.931761047199593,100.413610624056,26.6431847519859
0.483124508622754,-0.120733932586558,100.413610624056,26.6431847519859
-0.21394873245509,-1.33944531654786,100.413610624056,26.6431847519859
0.208731276686627,-1.17686524526477,100.413610624056,26.6431847519859
0.329383952894212,0.125562464714868,100.413610624056,26.6431847519859
-0.0894248473852295,1.12725427489817,100.413610624056,26.6431847519859
0.288066711137725,0.778731003767821,100.413610624056,26.6431847519859
0.230144661556886,-0.996308285947047,100.413610624056,26.6431847519859
0.32083198992016,-2.18296905661914,100.413610624056,26.6431847519859
-0.219737285329341,-1.99844688105906,100.413610624056,26.6431847519859
0.23272546746507,-0.470256264460285,100.413610624056,26.6431847519859
0.188316128063872,0.341396817362525,100.413610624056,26.6431847519859
0.489643478263473,0.546682081415479,100.413610624056,26.6431847519859
0.600149448223553,-0.0866665817718941,100.413610624056,26.6431847519859
1.15004371085828,-0.539588597912424,100.413610624056,26.6431847519859
1.37901110672655,-0.529393214052953,100.413610624056,26.6431847519859
1.13116243744511,-0.0177003637474542,100.413610624056,26.6431847519859
0.974968898742515,-0.137066403869654,100.413610624056,26.6431847519859
0.911824369281437,-0.595424303309572,100.413610624056,26.6431847519859
1.18091599285429,0.0692985904276986,100.413610624056,26.6431847519859
1.33021926672655,1.20142057306517,100.413610624056,26.6431847519859
1.4524605994012,1.33610761303462,100.413610624056,26.6431847519859
1.19851903692615,1.40579985656823,100.413610624056,26.6431847519859
0.152123977285429,-0.273726743940937,100.413610624056,26.6431847519859
0.0507603905189621,-0.128391329837067,100.413610624056,26.6431847519859
-0.437839731796407,1.36656345234216,100.413610624056,26.6431847519859
-1.43149261409182,3.16981224602851,100.413610624056,26.6431847519859
-1.73721463850299,3.7478960956721,100.413610624056,26.6431847519859
-1.18708299041916,3.52020953172098,100.413610624056,26.6431847519859
-1.14449969293413,2.12892126369654,100.413610624056,26.6431847519859
-1.81594747912176,2.83761524083503,100.413610624056,26.6431847519859
-2.20581351502994,3.02090875784114,100.413610624056,26.6431847519859
-2.22432349325349,1.45824744292261,100.413610624056,26.6431847519859
-2.00429761596806,0.495239761150713,100.413610624056,26.6431847519859
-0.865230929081836,-0.107777169653768,100.413610624056,26.6431847519859
-0.758772685369261,1.26767505478615,100.413610624056,26.6431847519859
-0.575687636047904,3.01961804582485,100.413610624056,26.6431847519859
-0.768146367205589,2.65684109439919,100.413610624056,26.6431847519859
-0.307186432694611,0.863620140224033,100.413610624056,26.6431847519859
-0.589413384451098,-0.907292594246436,100.413610624056,26.6431847519859
-0.606127754790419,0.352417512270876,100.413610624056,26.6431847519859
0.166434059101796,1.57679437734216,100.413610624056,26.6431847519859
1.03527697642715,1.50097745707739,100.413610624056,26.6431847519859
1.38178669043912,0.50864330901222,100.413610624056,26.6431847519859
1.39965755399202,-0.254992803665988,100.413610624056,26.6431847519859
0.895335210778443,0.827703596232179,100.413610624056,26.6431847519859
0.0768058350499002,1.80533727907332,100.413610624056,26.6431847519859
0.214598958043912,0.828181407892057,100.413610624056,26.6431847519859
0.432725751736527,-0.787274992769857,100.413610624056,26.6431847519859
0.307045373453094,-1.21891267133401,100.413610624056,26.6431847519859
1.00333950331337,0.685936256211813,100.413610624056,26.6431847519859
0.773373871197605,1.26131457489817,100.413610624056,26.6431847519859
0.391566766946108,1.00212346812627,100.413610624056,26.6431847519859
-0.235836888223553,-0.284579894501018,100.413610624056,26.6431847519859
-0.731029021856287,-1.16702356614053,100.413610624056,26.6431847519859
-1.4362159758483,-0.924071850458249,100.413610624056,26.6431847519859
-1.28972480652695,-0.467010868380855,100.413610624056,26.6431847519859
-0.39169565257485,-0.0254011984215886,100.413610624056,26.6431847519859
-0.234254318562874,-0.923041762983707,100.413610624056,26.6431847519859
-0.754992778602794,-0.865555435488798,100.413610624056,26.6431847519859
-0.719092794530938,0.810825054480652,100.413610624056,26.6431847519859
-0.384245401556886,1.30364744689409,100.413610624056,26.6431847519859
-0.891623321576846,-0.0163600089613035,100.413610624056,26.6431847519859
-1.03967271333333,-0.81057606787169,100.413610624056,26.6431847519859
-0.806998452375249,-0.630596205753564,100.413610624056,26.6431847519859
-0.138788847185629,1.12340075488798,100.413610624056,26.6431847519859
0.414148818642715,1.78938333391039,100.413610624056,26.6431847519859
1.15393318013972,0.289935881059063,100.413610624056,26.6431847519859
1.15115150962076,-1.13922361502037,100.413610624056,26.6431847519859
0.619012461217565,-0.93686106904277,100.413610624056,26.6431847519859
0.726511548822355,-0.329698966955193,100.413610624056,26.6431847519859
0.409285460339321,-0.407662937016293,100.413610624056,26.6431847519859
0.975881919700599,0.213076462627291,100.413610624056,26.6431847519859
1.83787717984032,1.31808108223014,100.413610624056,26.6431847519859
1.26672170249501,1.13012735020367,100.413610624056,26.6431847519859
0.55651922003992,-0.585228919450102,100.413610624056,26.6431847519859
1.02219034269461,-2.39426109582485,100.413610624056,26.6431847519859
1.50913485367265,-3.41965732861507,100.413610624056,26.6431847519859
0.64684134001996,-2.55605929348269,100.413610624056,26.6431847519859
-0.427212167844311,-1.79040023793279,100.413610624056,26.6431847519859
-0.0798442141317365,-0.313478191904277,100.413610624056,26.6431847519859
1.03297007680639,1.2335518558554,100.413610624056,26.6431847519859
1.0042342638523,1.18761988304481,100.413610624056,26.6431847519859
0.242360881976048,-0.66375757601833,100.413610624056,26.6431847519859
-0.42157578512974,-2.27329407637475,100.413610624056,26.6431847519859
-0.874440267145709,-1.21733030804481,100.413610624056,26.6431847519859
-0.648090198023952,1.05759926344196,100.413610624056,26.6431847519859
-0.475322285528942,2.4766564558554,100.413610624056,26.6431847519859
-0.346093299121756,2.10891522744399,100.413610624056,26.6431847519859
-0.0331949299800399,1.65961092815682,100.413610624056,26.6431847519859
0.0278374776646707,1.04055938268839,100.413610624056,26.6431847519859
-0.643805086327345,-0.0344610039205703,100.413610624056,26.6431847519859
-1.6180897506986,-1.4291994444501,100.413610624056,26.6431847519859
-1.51239844459082,-0.900181267464358,100.413610624056,26.6431847519859
-1.3361549656487,0.896440216446028,100.413610624056,26.6431847519859
-1.0781413297006,1.33042972123218,100.413610624056,26.6431847519859
-1.0547436459481,1.17767271303462,100.413610624056,26.6431847519859
-0.207393241976048,1.17345307759674,100.413610624056,26.6431847519859
0.069812094510978,1.53878042632383,100.413610624056,26.6431847519859
-0.396979000518962,0.649293686710794,100.413610624056,26.6431847519859
-0.984422771756487,-1.28598005341141,100.413610624056,26.6431847519859
-1.27092874840319,-2.310985349389,100.413610624056,26.6431847519859
-0.379144657804391,-1.74425107800407,100.413610624056,26.6431847519859
-0.0844823605988024,-0.37072251089613,100.413610624056,26.6431847519859
0.134356589441118,0.68037626598778,100.413610624056,26.6431847519859
-0.34413334746507,0.512490623676171,100.413610624056,26.6431847519859
-0.5239436949501,-0.255675391751527,100.413610624056,26.6431847519859
-1.14604574175649,-0.658985664765784,100.413610624056,26.6431847519859
-1.68780803105788,-1.12334413401222,100.413610624056,26.6431847519859
-1.22955672538922,-1.65040142158859,100.413610624056,26.6431847519859
-0.573727684391217,-1.24049486552953,100.413610624056,26.6431847519859
-0.24905134489022,0.313373473778004,100.413610624056,26.6431847519859
-1.11251961217565,1.10063954490835,100.413610624056,26.6431847519859
-0.904588219181637,1.80623705427699,100.413610624056,26.6431847519859
-1.26583409145709,0.414595081517312,100.413610624056,26.6431847519859
-1.07845175682635,-1.14041504149695,100.413610624056,26.6431847519859
-0.349161049540918,-1.43406443589613,100.413610624056,26.6431847519859
0.879966024650699,-0.345038582841141,100.413610624056,26.6431847519859
1.1682371751497,0.692743521028513,100.413610624056,26.6431847519859
0.802194899441118,1.14887370117108,100.413610624056,26.6431847519859
0.631630410858283,0.439919099490835,100.413610624056,26.6431847519859
1.09401465806387,-1.37870033681263,100.413610624056,26.6431847519859
0.665515662015968,-2.76527874704684,100.413610624056,26.6431847519859
-0.188505881756487,-3.83678070234216,100.413610624056,26.6431847519859
-0.295840625588822,-3.57986075229124,100.413610624056,26.6431847519859
0.249153757904192,-1.7256660660387,100.413610624056,26.6431847519859
0.691250679421158,0.0430437705193483,100.413610624056,26.6431847519859
0.218293649520958,0.573365070213849,100.413610624056,26.6431847519859
-0.81607996750499,-0.2839593598778,100.413610624056,26.6431847519859
-2.13321008844311,-2.07862615972505,100.413610624056,26.6431847519859
-2.38727338704591,-3.30560927021385,100.413610624056,26.6431847519859
-2.10836983157685,-3.62259076644603,100.413610624056,26.6431847519859
-1.82200385147705,-2.63941570941955,100.413610624056,26.6431847519859
-1.17002167211577,-1.52726873630346,100.413610624056,26.6431847519859
-1.03963619249501,-0.89013481191446,100.413610624056,26.6431847519859
-0.656009133133733,0.220045066446029,100.413610624056,26.6431847519859
-0.0791746654291417,0.481135009164969,100.413610624056,26.6431847519859
-0.0970942234331337,-0.29571849098778,100.413610624056,26.6431847519859
-0.0212769630738523,-0.975483143991853,100.413610624056,26.6431847519859
0.851370208243513,-1.20061310529532,100.413610624056,26.6431847519859
1.88628555103792,-0.681858570977597,100.413610624056,26.6431847519859
2.37183009654691,1.52230523207739,100.413610624056,26.6431847519859
2.28376618173653,2.25457952489817,100.413610624056,26.6431847519859
1.99241510720559,0.789987501832994,100.413610624056,26.6431847519859
1.27114072393214,-0.357858828156823,100.413610624056,26.6431847519859
1.4935343689022,-0.250971739307536,100.413610624056,26.6431847519859
1.95199262598802,-0.0276227123727088,100.413610624056,26.6431847519859
1.52587357123752,-0.397610276120163,100.413610624056,26.6431847519859
1.85632629,0.0900678842668024,100.413610624056,26.6431847519859
0.856830073572854,0.0950135452138493,100.413610624056,26.6431847519859
0.66579565510978,0.45385630712831,100.413610624056,26.6431847519859
-0.0777686131536926,0.449078190529532,100.413610624056,26.6431847519859
-0.67025226007984,0.135683384419552,100.413610624056,26.6431847519859
-0.39347300003992,0.0621252101832994,100.413610624056,26.6431847519859
-0.597977521037924,0.609573265478615,100.413610624056,26.6431847519859
-0.175254904251497,1.33943367861507,100.413610624056,26.6431847519859
-0.303789994730539,1.67393286726069,100.413610624056,26.6431847519859
-0.455126261936128,1.85631419837067,100.413610624056,26.6431847519859
-0.100667178782435,0.64153700392057,100.413610624056,26.6431847519859
-1.24333116824351,0.142006632230143,100.413610624056,26.6431847519859
-1.36799504986028,1.28726533284114,100.413610624056,26.6431847519859
-1.37419750556886,2.75229173014257,100.413610624056,26.6431847519859
-1.16678957792415,2.33481465168024,100.413610624056,26.6431847519859
-0.801331635628742,1.41762724648676,100.413610624056,26.6431847519859
-0.328149393892216,0.411641336710794,100.413610624056,26.6431847519859
-0.212165298183633,0.498323818228106,100.413610624056,26.6431847519859
-1.06129913642715,0.00854825081466395,100.413610624056,26.6431847519859
-0.597916652974052,0.0503164363034623,100.413610624056,26.6431847519859
0.0122004720558882,-0.911481202953157,100.413610624056,26.6431847519859
0.591256624091816,-1.50371324200611,100.413610624056,26.6431847519859
0.859270882934132,-1.27502141196538,100.413610624056,26.6431847519859
0.901720270678643,-0.175700889511202,100.413610624056,26.6431847519859
0.555630546307385,0.851693464765784,100.413610624056,26.6431847519859
0.821021391596806,0.366677397912424,100.413610624056,26.6431847519859
1.40699215568862,-1.27796895142566,100.413610624056,26.6431847519859
1.47301574457086,-2.95612417041752,100.413610624056,26.6431847519859
1.79239656251497,-3.04067821817719,100.413610624056,26.6431847519859
1.57027682383234,-2.7366721009165,100.413610624056,26.6431847519859
1.97305906289421,-1.83672935290224,100.413610624056,26.6431847519859
2.29611631189621,-0.861807406364562,100.413610624056,26.6431847519859
1.12037661652695,-1.20704184399185,100.413610624056,26.6431847519859
0.963349185349301,-1.11918034669043,100.413610624056,26.6431847519859
0.362137058063872,-1.59843164689409,100.413610624056,26.6431847519859
0.972284617125748,-1.83276413665988,100.413610624056,26.6431847519859
1.05051833962076,-2.52704929984725,100.413610624056,26.6431847519859
0.453073945489022,-1.72203593849287,100.413610624056,26.6431847519859
0.310131384291417,-0.232517039613035,100.413610624056,26.6431847519859
0.465095388103792,-0.00583574175152749,100.413610624056,26.6431847519859
1.02756499273453,-0.103638203716904,100.413610624056,26.6431847519859
0.256037935928144,-1.11162223497963,100.413610624056,26.6431847519859
0.102242598942116,-1.0999685947556,100.413610624056,26.6431847519859
0.435056998582834,-1.87268933431772,100.413610624056,26.6431847519859
0.576623941536926,-0.9626877200611,100.413610624056,26.6431847519859
0.568790221716567,0.345349622912424,100.413610624056,26.6431847519859
0.426097219580838,1.4840678885947,100.413610624056,26.6431847519859
-0.222391132914172,1.43895502148676,100.413610624056,26.6431847519859
-0.29367372251497,0.234565576629328,100.413610624056,26.6431847519859
-0.171335000938124,-0.664198155600815,100.413610624056,26.6431847519859
0.290257961437126,-0.444156578207739,100.413610624056,26.6431847519859
-0.0652663128343313,-0.551527684063136,100.413610624056,26.6431847519859
-0.799109951297405,-1.78114806670061,100.413610624056,26.6431847519859
-0.583691786447106,-2.13929582983707,100.413610624056,26.6431847519859
0.258034408423154,-0.916265524898167,100.413610624056,26.6431847519859
0.698597454730539,-0.122583125763747,100.413610624056,26.6431847519859
0.449500990139721,0.203749827240326,100.413610624056,26.6431847519859
0.225488254670659,-1.03780343620163,100.413610624056,26.6431847519859
0.0628792220359281,-2.54768207606925,100.413610624056,26.6431847519859
0.299887289141717,-2.26427770829939,100.413610624056,26.6431847519859
-0.0124754410379241,0.652390154480652,100.413610624056,26.6431847519859
-0.176441831497006,1.29007014933809,100.413610624056,26.6431847519859
-0.0694175147904192,-0.151971645519348,100.413610624056,26.6431847519859
-0.442295274071856,-1.32656922311609,100.413610624056,26.6431847519859
-0.0390382641117764,-0.534543651425662,100.413610624056,26.6431847519859
-0.363745037644711,0.418094896792261,100.413610624056,26.6431847519859
-0.559983675568862,-0.153882892158859,100.413610624056,26.6431847519859
-0.864938762375249,-0.107628241344196,100.413610624056,26.6431847519859
-0.274128987205589,0.668834321995927,100.413610624056,26.6431847519859
-0.911070667984032,3.02826829847251,100.413610624056,26.6431847519859
-0.885773900638722,3.17105331527495,100.413610624056,26.6431847519859
-0.443116992934132,1.67738924511202,100.413610624056,26.6431847519859
-0.24444363245509,-1.30109627683299,100.413610624056,26.6431847519859
-0.597040152854291,-2.54065762413442,100.413610624056,26.6431847519859
-0.926013777664671,-1.3446205753055,100.413610624056,26.6431847519859
0.407088123233533,0.95991470305499,100.413610624056,26.6431847519859
0.534880623333333,0.975030926476578,100.413610624056,26.6431847519859
0.918611158403194,-0.415165200610998,100.413610624056,26.6431847519859
0.553920153712575,-1.37297900758656,100.413610624056,26.6431847519859
0.499211937904192,-1.57359785127291,100.413610624056,26.6431847519859
0.698585281117764,-1.24740141588595,100.413610624056,26.6431847519859
0.263135152175649,-1.79072291593686,100.413610624056,26.6431847519859
0.509072564251497,-1.7565004314664,100.413610624056,26.6431847519859
0.216881510439122,-1.20646474679226,100.413610624056,26.6431847519859
0.597909503473054,1.03600465855397,100.413610624056,26.6431847519859
0.577281316626746,2.53606023533605,100.413610624056,26.6431847519859
0.460335505508982,1.26992759546843,100.413610624056,26.6431847519859
0.561473880439122,-0.941459230600815,100.413610624056,26.6431847519859
0.661352286447106,-1.25789465636456,100.413610624056,26.6431847519859
0.499327587225549,-0.190277247810591,100.413610624056,26.6431847519859
0.51033861998004,1.66970702647658,100.413610624056,26.6431847519859
0.942702738083832,2.47316284592668,100.413610624056,26.6431847519859
1.68733828427146,2.19493373691446,100.413610624056,26.6431847519859
0.639628474451098,1.33933439307536,100.413610624056,26.6431847519859
0.386167769680639,1.51149551894094,100.413610624056,26.6431847519859
0.093587160259481,1.10505154607943,100.413610624056,26.6431847519859
0.365655232155689,1.60043054114053,100.413610624056,26.6431847519859
0.251229358882236,1.88565307535642,100.413610624056,26.6431847519859
-0.49101407239521,1.77998843971487,100.413610624056,26.6431847519859
-0.35023232746507,2.40752889882892,100.413610624056,26.6431847519859
-0.252697341916168,1.82224064220978,100.413610624056,26.6431847519859
-0.629671521896208,1.07939243940937,100.413610624056,26.6431847519859
-2.32373930197605,-0.686692535692464,100.413610624056,26.6431847519859
-2.54976068355289,-0.573829698421589,100.413610624056,26.6431847519859
-1.88462491558882,0.824054852647658,100.413610624056,26.6431847519859
-1.86930442391218,0.402190594399185,100.413610624056,26.6431847519859
-2.2915522698004,-0.219442375101833,100.413610624056,26.6431847519859
-2.15868337317365,-0.718761765020367,100.413610624056,26.6431847519859
-2.14213334660679,-0.513315161965377,100.413610624056,26.6431847519859
-2.46845312383234,-0.850569524338086,100.413610624056,26.6431847519859
-2.43798865786427,-0.119976880346232,100.413610624056,26.6431847519859
-1.68236033934132,0.0251661680244399,100.413610624056,26.6431847519859
-0.998197214610778,-0.120038933808554,100.413610624056,26.6431847519859
-0.413133384670659,-0.308209852953157,100.413610624056,26.6431847519859
-0.247304431457086,0.338908473523422,100.413610624056,26.6431847519859
0.542537825768463,1.10739716695519,100.413610624056,26.6431847519859
0.939105435508982,0.71554196308554,100.413610624056,26.6431847519859
0.786430070898204,0.0170992179226069,100.413610624056,26.6431847519859
1.18649759431138,-0.930817061812627,100.413610624056,26.6431847519859
1.54990428285429,0.289054721894094,100.413610624056,26.6431847519859
2.45019164197605,1.71719033584521,100.413610624056,26.6431847519859
2.20559332730539,1.88325160636456,100.413610624056,26.6431847519859
2.22286768383234,0.456667328971487,100.413610624056,26.6431847519859
1.80536146011976,-1.65673087474542,100.413610624056,26.6431847519859
1.8112047942515,-2.02501817362525,100.413610624056,26.6431847519859
1.64946008812375,-2.22167800641548,100.413610624056,26.6431847519859
1.79079573243513,-0.991170259266802,100.413610624056,26.6431847519859
1.00099608285429,-1.25367502092668,100.413610624056,26.6431847519859
0.670926832894212,-1.21215504928717,100.413610624056,26.6431847519859
-0.241856739740519,-0.257605254429735,100.413610624056,26.6431847519859
-1.52137039720559,-1.71035127153768,100.413610624056,26.6431847519859
-1.06120174752495,-1.28105921384929,100.413610624056,26.6431847519859
-1.04148049483034,-2.6936504354888,100.413610624056,26.6431847519859
-2.09455278107784,-1.48721322637475,100.413610624056,26.6431847519859
-1.88623791928144,-2.17405817942974,100.413610624056,26.6431847519859
-1.13862592477046,-0.0388357730142566,100.413610624056,26.6431847519859
-0.903930844091816,-0.578353395824847,100.413610624056,26.6431847519859
-0.43583717249501,-0.5617603,100.413610624056,26.6431847519859
-1.6341467459481,-1.47882359826884,100.413610624056,26.6431847519859
0.10003917502994,0.275074076832994,100.413610624056,26.6431847519859
-0.992591265928144,2.05060979424644,100.413610624056,26.6431847519859
-0.0791746654291417,-0.151487628513238,100.413610624056,26.6431847519859
-0.107234842874252,-0.380098789052953,100.413610624056,26.6431847519859
0.6520638199002,-1.89151014943992,100.413610624056,26.6431847519859
1.34892402275449,0.0545608931262729,100.413610624056,26.6431847519859
1.33855210467066,0.135075260488798,100.413610624056,26.6431847519859
1.6860296208982,-0.784023391344196,100.413610624056,26.6431847519859
1.69148339942116,-1.67988922688391,100.413610624056,26.6431847519859
1.97738069542914,-1.02587676074338,100.413610624056,26.6431847519859
1.53804718401198,0.272858768228106,100.413610624056,26.6431847519859
1.8047223454491,-1.11389959704684,100.413610624056,26.6431847519859
1.73731705151697,-0.137159484063136,100.413610624056,26.6431847519859
1.61944604582834,-0.606302275254582,100.413610624056,26.6431847519859
0.64506399255489,-1.08889205173116,100.413610624056,26.6431847519859
1.50213502632735,-0.0139026918533605,100.413610624056,26.6431847519859
0.789503908123752,0.675101721690428,100.413610624056,26.6431847519859
0.318604218782435,-0.130327397861507,100.413610624056,26.6431847519859
0.0238080118363273,-1.10090560203666,100.413610624056,26.6431847519859
0.0155847364071856,0.147461131568228,100.413610624056,26.6431847519859
0.110137186826347,1.44392550381874,100.413610624056,26.6431847519859
-0.41953670499002,2.22985742550916,100.413610624056,26.6431847519859
-1.01190470259481,1.32105964842159,100.413610624056,26.6431847519859
-0.961518119321357,0.170569840936864,100.413610624056,26.6431847519859
-1.36271778872256,-0.882663575050917,100.413610624056,26.6431847519859
-0.807722782335329,-0.0530832479633401,100.413610624056,26.6431847519859
-0.576600657005988,1.74129810595723,100.413610624056,26.6431847519859
-0.593327200958084,2.02398265356415,100.413610624056,26.6431847519859
-1.54449417467066,2.73691488217923,100.413610624056,26.6431847519859
-1.2855553441517,3.47682175086558,100.413610624056,26.6431847519859
-0.785700716826347,2.90417998986762,100.413610624056,26.6431847519859
0.0599210341317365,1.71390150234216,100.413610624056,26.6431847519859
0.43653609253493,0.212089812576375,100.413610624056,26.6431847519859
0.0348312182035928,-0.670508992718941,100.413610624056,26.6431847519859
0.500283215828343,0.731353185285132,100.413610624056,26.6431847519859
0.246006879001996,3.26548627423625,100.413610624056,26.6431847519859
1.23564855588822,3.5073892864053,100.413610624056,26.6431847519859
2.09662731936128,2.34824922627291,100.413610624056,26.6431847519859
2.3957025511976,0.395867346588595,100.413610624056,26.6431847519859
1.39994363389222,-0.080777708197556,100.413610624056,26.6431847519859
1.49957856764471,-0.0782645429735234,100.413610624056,26.6431847519859
2.30923337966068,1.16945683462322,100.413610624056,26.6431847519859
2.49120454341317,1.87091537805499,100.413610624056,26.6431847519859
1.40187315151697,0.228372641089613,100.413610624056,26.6431847519859
1.59841004295409,1.39762741558045,100.413610624056,26.6431847519859
0.957664108183633,2.15030488681263,100.413610624056,26.6431847519859
1.1220200542515,2.73074056267821,100.413610624056,26.6431847519859
0.887884959760479,0.0165159153767821,100.413610624056,26.6431847519859
0.50500657758483,-0.443778052087576,100.413610624056,26.6431847519859
-0.679899848203593,1.63686212886965,100.413610624056,26.6431847519859
-2.41465792898204,3.44916452270876,100.413610624056,26.6431847519859
-2.69530839788423,3.98003809821792,100.413610624056,26.6431847519859
-1.68816106582834,3.52130787800407,100.413610624056,26.6431847519859
-1.54138381660679,1.9086935259165,100.413610624056,26.6431847519859
-2.28838104367265,0.268390918940937,100.413610624056,26.6431847519859
-2.93493379173653,0.765035804633401,100.413610624056,26.6431847519859
-2.41870565522954,2.28634469226069,100.413610624056,26.6431847519859
-1.54686802916168,2.59685401237271,100.413610624056,26.6431847519859
-1.07533531195609,2.1162251253055,100.413610624056,26.6431847519859
-1.64952201888224,1.494151576222,100.413610624056,26.6431847519859
-1.15387337477046,1.50047482403259,100.413610624056,26.6431847519859
0.000933793433133731,2.13546169862525,100.413610624056,26.6431847519859
0.140376440958084,0.564807897759674,100.413610624056,26.6431847519859
1.21853245632735,-1.56884455605906,100.413610624056,26.6431847519859
1.60236646710579,-1.8398258206721,100.413610624056,26.6431847519859
1.12954334694611,-0.793771990274949,100.413610624056,26.6431847519859
1.18776365003992,-0.504888301782077,100.413610624056,26.6431847519859
1.77929166836327,-0.311933060692464,100.413610624056,26.6431847519859
2.26172585580838,-1.47372280366599,100.413610624056,26.6431847519859
0.930084788443114,-2.96852245218941,100.413610624056,26.6431847519859
1.27994224596806,-2.01639274236253,100.413610624056,26.6431847519859
2.11135130401198,-0.0204803588594705,100.413610624056,26.6431847519859
2.36820844674651,-0.514245963900204,100.413610624056,26.6431847519859
2.63443318451098,-1.33007524373727,100.413610624056,26.6431847519859
1.62093731339321,-1.36032010127291,100.413610624056,26.6431847519859
1.33839384770459,-0.418689837270876,100.413610624056,26.6431847519859
0.364663082714571,0.569505344857434,100.413610624056,26.6431847519859
0.281584262335329,-0.0840168989307536,100.413610624056,26.6431847519859
0.556945296487026,-0.9517539,100.413610624056,26.6431847519859
0.199601067105788,-1.28170456985743,100.413610624056,26.6431847519859
0.155410852734531,0.313776821283096,100.413610624056,26.6431847519859
-0.145167820279441,2.05517692907332,100.413610624056,26.6431847519859
-1.06654596353293,2.51569428900204,100.413610624056,26.6431847519859
-1.20376083992016,2.26639450412424,100.413610624056,26.6431847519859
-1.94487212520958,0.967299065071283,100.413610624056,26.6431847519859
-2.15785556750499,0.443660923268839,100.413610624056,26.6431847519859
-2.25850091111776,0.611521744195519,100.413610624056,26.6431847519859
-2.28746802271457,1.64309229648676,100.413610624056,26.6431847519859
-2.15913988365269,2.19945743431772,100.413610624056,26.6431847519859
-2.42543157628743,1.03689822841141,100.413610624056,26.6431847519859
-2.20453528568862,0.653687071843177,100.413610624056,26.6431847519859
-2.06040579724551,1.01282769037678,100.413610624056,26.6431847519859
-2.16005899141717,1.93800137617108,100.413610624056,26.6431847519859
-2.15009488936128,1.14859446059063,100.413610624056,26.6431847519859
-1.65601055449102,0.373341939765784,100.413610624056,26.6431847519859
-1.23790173694611,-1.13732477907332,100.413610624056,26.6431847519859
-0.83964199502994,-0.806542592820774,100.413610624056,26.6431847519859
-0.977508159700599,-0.678315318279022,100.413610624056,26.6431847519859
-0.203905501916168,-1.2693559308554,100.413610624056,26.6431847519859
0.686722095469062,-1.83468779399185,100.413610624056,26.6431847519859
0.860183903892215,-1.21058509669043,100.413610624056,26.6431847519859
1.07626553063872,0.0501116598778004,100.413610624056,26.6431847519859
0.870787120618762,0.0607538286659878,100.413610624056,26.6431847519859
0.957286726187625,-0.81541623793279,100.413610624056,26.6431847519859
1.21578730664671,-1.60806854959267,100.413610624056,26.6431847519859
0.97375153746507,-2.24979443019348,100.413610624056,26.6431847519859
0.614185623752495,-2.31605511726069,100.413610624056,26.6431847519859
0.436700436307385,-0.383741327291242,100.413610624056,26.6431847519859
0.342914923493014,-0.965889678716904,100.413610624056,26.6431847519859
0.475856861796407,-1.29033000112016,100.413610624056,26.6431847519859
0.310727891317365,-0.776049521435845,100.413610624056,26.6431847519859
0.486034002075848,0.174690190835031,100.413610624056,26.6431847519859
0.166829701516966,1.18199163401222,100.413610624056,26.6431847519859
-0.860836254870259,1.3862406052444,100.413610624056,26.6431847519859
-0.762765630359281,0.704955642413442,100.413610624056,26.6431847519859
-0.914229720499002,-0.551875183452138,100.413610624056,26.6431847519859
-0.725337857884232,0.126840766038697,100.413610624056,26.6431847519859
-0.0575238951097804,1.65374687596741,100.413610624056,26.6431847519859
-0.163263895668663,0.837421168431772,100.413610624056,26.6431847519859
-0.215793034790419,0.759562689256619,100.413610624056,26.6431847519859
-0.0629228923752495,0.834318495315682,100.413610624056,26.6431847519859
0.883971143253493,0.462072185539715,100.413610624056,26.6431847519859
0.844979061536926,-0.776229476476578,100.413610624056,26.6431847519859
0.690836776586826,-0.417740419297352,100.413610624056,26.6431847519859
0.77009308255489,-1.03007778014257,100.413610624056,26.6431847519859
0.454845206147705,-0.76749234898167,100.413610624056,26.6431847519859
0.490203464451098,-0.299100404684318,100.413610624056,26.6431847519859
0.289162336287425,-0.00158507958248472,100.413610624056,26.6431847519859
0.183769283692615,0.109757447861507,100.413610624056,26.6431847519859
0.185443155449102,0.0382470378818737,100.413610624056,26.6431847519859
0.438636040738523,0.000493711405295316,100.413610624056,26.6431847519859
0.728398458802395,-0.726046841496945,100.413610624056,26.6431847519859
0.032542579001996,-0.996190384368635,100.413610624056,26.6431847519859
-0.0763869081037924,-0.876799522861507,100.413610624056,26.6431847519859
0.344101850738523,0.0152748461303462,100.413610624056,26.6431847519859
-0.907248153572854,-0.262668816955193,100.413610624056,26.6431847519859
-0.985713174710579,0.451752694755601,100.413610624056,26.6431847519859
-0.326773775648703,0.978201858401222,100.413610624056,26.6431847519859
-0.128033460299401,1.27501597937882,100.413610624056,26.6431847519859
-1.18878729620758,1.19335982830957,100.413610624056,26.6431847519859
-1.73742158992016,0.367403423421589,100.413610624056,26.6431847519859
-1.02141229417166,-0.177165351221996,100.413610624056,26.6431847519859
-0.529421820698603,0.164072843431772,100.413610624056,26.6431847519859
-1.44287494203593,1.16843915784114,100.413610624056,26.6431847519859
-1.82523594566866,2.17888671155804,100.413610624056,26.6431847519859
-1.63950922237525,2.7891887188391,100.413610624056,26.6431847519859
-1.57078309145709,3.02436513569246,100.413610624056,26.6431847519859
-1.83281401962076,1.30574485392057,100.413610624056,26.6431847519859
-2.21124903313373,0.380447061201629,100.413610624056,26.6431847519859
-1.26596191439122,1.32811512708758,100.413610624056,26.6431847519859
-0.831497848083832,1.14322063075356,100.413610624056,26.6431847519859
-1.19539756794411,0.620277487729124,100.413610624056,26.6431847519859
-0.640706901876247,-0.130960343177189,100.413610624056,26.6431847519859
-0.167396837205589,-0.815161818737271,100.413610624056,26.6431847519859
0.441210759840319,-0.573910367922607,100.413610624056,26.6431847519859
0.774938180439122,0.387577004022403,100.413610624056,26.6431847519859
0.832324591057884,0.0540520547352342,100.413610624056,26.6431847519859
1.74643508748503,-0.399707683146639,100.413610624056,26.6431847519859
1.60583594674651,-0.0120969360997963,100.413610624056,26.6431847519859
1.51783898680639,0.423859663441955,100.413610624056,26.6431847519859
1.92185076075848,1.29592179083503,100.413610624056,26.6431847519859
1.80887354740519,-1.09337231171079,100.413610624056,26.6431847519859
2.47354671808383,-0.276655667362525,100.413610624056,26.6431847519859
2.58951255337325,-0.571434434775967,100.413610624056,26.6431847519859
2.29961622556886,0.450120688696538,100.413610624056,26.6431847519859
2.85887199642715,1.06155827433809,100.413610624056,26.6431847519859
2.64002695958084,1.2462417889002,100.413610624056,26.6431847519859
2.09335870433134,0.752556853360489,100.413610624056,26.6431847519859
1.67221865720559,1.04506446405295,100.413610624056,26.6431847519859
1.29044807379241,1.69723394236253,100.413610624056,26.6431847519859
1.84019016626746,1.75935566349287,100.413610624056,26.6431847519859
1.12506345744511,1.53814127566191,100.413610624056,26.6431847519859
-0.270117781796407,-0.252541691904277,100.413610624056,26.6431847519859
-2.86443031335329,0.139319717311609,100.413610624056,26.6431847519859
-3.39006865253493,1.11499251074338,100.413610624056,26.6431847519859
-1.61045689548902,1.674956749389,100.413610624056,26.6431847519859
-1.34107919201597,1.46210096293279,100.413610624056,26.6431847519859
-3.8791435457485,0.968037501272912,100.413610624056,26.6431847519859
-3.46480854816367,0.549803370570265,100.413610624056,26.6431847519859
-3.36470493031936,-0.326912766496945,100.413610624056,26.6431847519859
-3.93525172702595,-0.298666030448065,100.413610624056,26.6431847519859
-3.58266129343313,0.0226654134928717,100.413610624056,26.6431847519859
-3.60749546349301,0.197134928156823,100.413610624056,26.6431847519859
-4.27101214095808,0.532062285692464,100.413610624056,26.6431847519859
-4.79250536499002,0.391058203258656,100.413610624056,26.6431847519859
-7.11855407864271,-0.201335174796334,100.413610624056,26.6431847519859
-4.71187952758483,-1.10662693126273,100.413610624056,26.6431847519859
-2.50124274984032,-0.629454422046843,100.413610624056,26.6431847519859
-1.74957694227545,-1.25942117153768,100.413610624056,26.6431847519859
-2.73043535754491,-1.68745354394094,100.413610624056,26.6431847519859
-4.49139713982036,-0.523436081670061,100.413610624056,26.6431847519859
-4.59245638626746,-1.92917660106925,100.413610624056,26.6431847519859
0.0840613082634731,-2.67401672001018,100.413610624056,26.6431847519859
-2.00253244211577,-2.33128303691446,100.413610624056,26.6431847519859
-0.305488213712575,-1.94424318172098,100.413610624056,26.6431847519859
0.590532294131737,-0.934484421435845,100.413610624056,26.6431847519859
1.72421824417166,-1.37049066374745,100.413610624056,26.6431847519859
1.58249913105788,-2.83949468798371,100.413610624056,26.6431847519859
0.360177106407186,-3.10996090885947,100.413610624056,26.6431847519859
-0.095213400259481,-2.5945510561609,100.413610624056,26.6431847519859
0.667865169281437,-0.680263796995927,100.413610624056,26.6431847519859
0.958400611756487,-0.921837925814664,100.413610624056,26.6431847519859
-0.299243150359281,-1.73703426033605,100.413610624056,26.6431847519859
-2.15955378648703,-1.49743963696538,100.413610624056,26.6431847519859
-5.24732979866267,-1.36082273431772,100.413610624056,26.6431847519859
-4.15759059073852,-0.750793762270876,100.413610624056,26.6431847519859
-2.40070088193613,-1.34811418523422,100.413610624056,26.6431847519859
-1.60552658231537,-1.6700723691446,100.413610624056,26.6431847519859
-1.85843338770459,-1.51335635005092,100.413610624056,26.6431847519859
-2.98637339251497,-1.67183468747454,100.413610624056,26.6431847519859
-2.0517381849501,-0.596286846435845,100.413610624056,26.6431847519859
-1.3246265543513,-0.462344448014257,100.413610624056,26.6431847519859
-0.867495221057884,-0.54874768895112,100.413610624056,26.6431847519859
-1.11760818231537,-0.367774971435845,100.413610624056,26.6431847519859
-0.57400767748503,0.460390536710794,100.413610624056,26.6431847519859
-0.357372151357285,-1.00679532107943,100.413610624056,26.6431847519859
-0.0241986301397206,0.173765594246436,100.413610624056,26.6431847519859
0.815251099141716,0.734772331059063,100.413610624056,26.6431847519859
1.25274030822355,0.564131515020367,100.413610624056,26.6431847519859
1.5471834803992,-0.185226095977597,100.413610624056,26.6431847519859
2.37923773992016,-0.311064312219959,100.413610624056,26.6431847519859
1.88988894041916,-0.852524208401222,100.413610624056,26.6431847519859
1.93557650916168,-1.28302630860489,100.413610624056,26.6431847519859
1.47224880696607,-0.312342613543788,100.413610624056,26.6431847519859
2.07804429946108,0.807393498014257,100.413610624056,26.6431847519859
1.84737868461078,0.204724066598778,100.413610624056,26.6431847519859
0.23149593257485,-0.254446733197556,100.413610624056,26.6431847519859
0.422785996906188,0.11753895203666,100.413610624056,26.6431847519859
0.28134079007984,0.357636208452139,100.413610624056,26.6431847519859
0.204196605928144,0.362513610590631,100.413610624056,26.6431847519859
-0.911673261816367,1.14734718599796,100.413610624056,26.6431847519859
-0.770325443892216,-0.260137035692464,100.413610624056,26.6431847519859
-0.811149654331337,-0.202675529582485,100.413610624056,26.6431847519859
-0.845053165908184,-0.191406620824847,100.413610624056,26.6431847519859
-1.54675846664671,-1.02519417265784,100.413610624056,26.6431847519859
-0.692548231876247,-1.10234524236253,100.413610624056,26.6431847519859
-1.7485056643513,1.25392400753564,100.413610624056,26.6431847519859
-1.8049668803992,1.53893555997963,100.413610624056,26.6431847519859
-1.30771740620758,0.853058640936863,100.413610624056,26.6431847519859
-0.952375736127745,0.353329698167006,100.413610624056,26.6431847519859
-0.474902295888224,-0.669826404633401,100.413610624056,26.6431847519859
-0.23323173508982,-1.06184294750509,100.413610624056,26.6431847519859
-0.248016587804391,0.598037526832994,100.413610624056,26.6431847519859
-0.95091490259481,-0.605191518279022,100.413610624056,26.6431847519859
-0.657567355568862,-1.09627641374745,100.413610624056,26.6431847519859
-0.946343710998004,-0.184847569857434,100.413610624056,26.6431847519859
-0.84973392001996,-0.818822973014257,100.413610624056,26.6431847519859
-0.280453179041916,-0.0157580903767821,100.413610624056,26.6431847519859
0.433559644211577,0.988378626221996,100.413610624056,26.6431847519859
0.166543621616766,0.335309372708758,100.413610624056,26.6431847519859
-0.639939964271457,-1.56610179302444,100.413610624056,26.6431847519859
0.0423240768662675,-1.82186134332994,100.413610624056,26.6431847519859
-0.0369017950698603,-1.36913789826884,100.413610624056,26.6431847519859
-0.672723503473054,-2.31940600422607,100.413610624056,26.6431847519859
0.0654174202994012,-0.580332901272912,100.413610624056,26.6431847519859
0.722542951057884,-0.566730782331975,100.413610624056,26.6431847519859
0.511342943033932,-1.09396802494908,100.413610624056,26.6431847519859
0.584080279361277,-1.82264321695519,100.413610624056,26.6431847519859
0.63663985251497,-1.50260869037678,100.413610624056,26.6431847519859
-0.111306916347305,-1.06477807627291,100.413610624056,26.6431847519859
-0.498683448443114,-1.6792128441446,100.413610624056,26.6431847519859
-1.03979444946108,-1.43785590244399,100.413610624056,26.6431847519859
-0.56275317247505,-1.39101174373727,100.413610624056,26.6431847519859
0.320625038502994,-0.60310652194501,100.413610624056,26.6431847519859
-0.267244809181637,-0.805915852851324,100.413610624056,26.6431847519859
-0.93588657762475,-0.719158907179226,100.413610624056,26.6431847519859
-1.25130488461078,-1.62094464302444,100.413610624056,26.6431847519859
-1.26250460836327,-1.70364329226069,100.413610624056,26.6431847519859
-1.25621693736527,-0.584316733553971,100.413610624056,26.6431847519859
-0.0886457361676647,-0.553401698625255,100.413610624056,26.6431847519859
-0.305123005329341,-0.250090580142566,100.413610624056,26.6431847519859
-0.54750572247505,-0.509796730651731,100.413610624056,26.6431847519859
0.0486969631536926,0.031644549490835,100.413610624056,26.6431847519859
0.230820297065868,-0.205827845468432,100.413610624056,26.6431847519859
1.0598859346507,0.391182310183299,100.413610624056,26.6431847519859
1.07557163471058,-0.455648879429735,100.413610624056,26.6431847519859
1.1208757346507,-2.14277082372709,100.413610624056,26.6431847519859
1.75141409510978,-1.73751207199593,100.413610624056,26.6431847519859
2.13226557075848,-0.757135626120163,100.413610624056,26.6431847519859
2.91948441443114,0.704825330142566,100.413610624056,26.6431847519859
1.80489277602794,0.0482314399694501,100.413610624056,26.6431847519859
1.98754566209581,-0.93216362194501,100.413610624056,26.6431847519859
2.22813885816367,-2.02037657464358,100.413610624056,26.6431847519859
1.74315429884231,-2.67659814404277,100.413610624056,26.6431847519859
2.07447743091816,-1.29269423803462,100.413610624056,26.6431847519859
2.64915108235529,-1.0175491860998,100.413610624056,26.6431847519859
2.19568400650699,-1.06485874577393,100.413610624056,26.6431847519859
1.86931553483034,-0.784991425356416,100.413610624056,26.6431847519859
1.53850978129741,-0.792717081415479,100.413610624056,26.6431847519859
0.915184286407186,-1.23222313900204,100.413610624056,26.6431847519859
1.0033760241517,-1.99384251415479,100.413610624056,26.6431847519859
0.0957236293013972,-1.09113838706721,100.413610624056,26.6431847519859
0.178540717005988,0.568220838187373,100.413610624056,26.6431847519859
-0.576558049361277,2.3961482938391,100.413610624056,26.6431847519859
-0.653507455708583,3.68452089460285,100.413610624056,26.6431847519859
-1.66934066047904,3.10173339251527,100.413610624056,26.6431847519859
-2.04955910826347,1.40861087841141,100.413610624056,26.6431847519859
-1.62849818962076,1.02683936216904,100.413610624056,26.6431847519859
-2.19413902037924,0.670546997556008,100.413610624056,26.6431847519859
-2.33461642499002,1.84248248161914,100.413610624056,26.6431847519859
-2.40784070582834,3.27417996430754,100.413610624056,26.6431847519859
-2.45472128862275,4.16581995906314,100.413610624056,26.6431847519859
-2.80390919744511,3.75524943095723,100.413610624056,26.6431847519859
-2.27227535397206,2.415335224389,100.413610624056,26.6431847519859
-2.44334504748503,-0.0316623927698574,100.413610624056,26.6431847519859
-1.89846631331337,-0.764668916446029,100.413610624056,26.6431847519859
-0.790515380678643,-0.574928044704684,100.413610624056,26.6431847519859
0.0253966683033932,1.26655188711813,100.413610624056,26.6431847519859
-0.342696861157685,1.76862024541752,100.413610624056,26.6431847519859
-0.590101193572854,1.04073313238289,100.413610624056,26.6431847519859
-0.0132849862874251,-0.535213828818737,100.413610624056,26.6431847519859
0.293453534790419,-0.618067611710794,100.413610624056,26.6431847519859
0.338684593053892,-1.37770748141548,100.413610624056,26.6431847519859
0.556507046427146,-1.68543060106925,100.413610624056,26.6431847519859
0.86375077243513,-1.17939082118126,100.413610624056,26.6431847519859
1.15239321812375,-0.647561622352342,100.413610624056,26.6431847519859
1.37662507862275,-0.8012059950611,100.413610624056,26.6431847519859
1.29161065381238,-0.695653055651731,100.413610624056,26.6431847519859
1.66550490976048,-0.239318099083503,100.413610624056,26.6431847519859
1.79968246976048,-1.39099933304481,100.413610624056,26.6431847519859
0.998062242175649,-2.20067290941955,100.413610624056,26.6431847519859
0.87649654500998,-1.54676593416497,100.413610624056,26.6431847519859
0.74903273245509,-0.647139658808554,100.413610624056,26.6431847519859
0.859155233612774,0.239418157382892,100.413610624056,26.6431847519859
1.24836998123752,0.514991378207739,100.413610624056,26.6431847519859
0.46869877748503,-1.03166014343177,100.413610624056,26.6431847519859
0.758637712934132,-1.40032596843177,100.413610624056,26.6431847519859
0.0367181281836327,-0.77913978385947,100.413610624056,26.6431847519859
0.277640011796407,0.105568839154786,100.413610624056,26.6431847519859
-0.0209117546906188,9.0363900203666e-05,100.413610624056,26.6431847519859
-0.222385046107784,-0.757445893431772,100.413610624056,26.6431847519859
-0.527096660658683,0.147554211761711,100.413610624056,26.6431847519859
-1.2434346439521,-0.199802454276986,100.413610624056,26.6431847519859
-0.613937127385229,1.04535611532587,100.413610624056,26.6431847519859
0.16175330499002,-0.0795738710285132,100.413610624056,26.6431847519859
1.04700016552894,-1.26586232092668,100.413610624056,26.6431847519859
0.732707917724551,-0.507860662627291,100.413610624056,26.6431847519859
0.268229809121756,0.988837821843177,100.413610624056,26.6431847519859
0.282545977744511,1.05947327800407,100.413610624056,26.6431847519859
1.00140389888224,0.958853588849287,100.413610624056,26.6431847519859
1.45438403021956,0.186815437372709,100.413610624056,26.6431847519859
1.61643916347305,-0.820361898879837,100.413610624056,26.6431847519859
1.44382950794411,-1.15056698793279,100.413610624056,26.6431847519859
1.38421532618762,-0.88805602092668,100.413610624056,26.6431847519859
1.21349258063872,0.32700041410387,100.413610624056,26.6431847519859
0.894531752335329,0.165214627138493,100.413610624056,26.6431847519859
0.769740047784431,0.275154746334012,100.413610624056,26.6431847519859
0.241186128343313,1.18033480656823,100.413610624056,26.6431847519859
-0.0350635795409182,0.486055848727088,100.413610624056,26.6431847519859
-0.258059818343313,0.0500806331466395,100.413610624056,26.6431847519859
0.218269302295409,-0.205374855193483,100.413610624056,26.6431847519859
-0.535496453473054,-0.453501829633401,100.413610624056,26.6431847519859
-1.63237548528942,0.000481300712830957,100.413610624056,26.6431847519859
-2.05691805718563,0.997996912881874,100.413610624056,26.6431847519859
-2.15584083459082,1.5470087154277,100.413610624056,26.6431847519859
-1.58719920828343,1.96740851196538,100.413610624056,26.6431847519859
-1.1582863094012,2.38687750656823,100.413610624056,26.6431847519859
-0.977751631956088,2.4271936410387,100.413610624056,26.6431847519859
-0.734748060558882,1.26928844480652,100.413610624056,26.6431847519859
-1.07850045127744,0.690193123727088,100.413610624056,26.6431847519859
-1.64716642481038,0.711800139307536,100.413610624056,26.6431847519859
-1.50895331217565,1.68941520610998,100.413610624056,26.6431847519859
-1.19644449864271,2.76056966201629,100.413610624056,26.6431847519859
-0.531126126487026,2.19716145621181,100.413610624056,26.6431847519859
-0.052410977744511,1.10024240274949,100.413610624056,26.6431847519859
-0.0369383159081836,0.603622338441955,100.413610624056,26.6431847519859
0.449379254011976,1.30087365712831,100.413610624056,26.6431847519859
0.190720416586826,1.00736078034623,100.413610624056,26.6431847519859
0.667171273353293,-0.444125551476578,100.413610624056,26.6431847519859
0.843244321716567,-0.64701555188391,100.413610624056,26.6431847519859
1.2926941053493,0.65281211802444,100.413610624056,26.6431847519859
1.23188082273453,0.777775380448065,100.413610624056,26.6431847519859
0.982699142854291,0.360378971486762,100.413610624056,26.6431847519859
1.36487145548902,-0.344275325254582,100.413610624056,26.6431847519859
1.64030553131737,-0.839710168431772,100.413610624056,26.6431847519859
0.355100709880239,-1.06250691955193,100.413610624056,26.6431847519859
0.181030220818363,-0.504162276272912,100.413610624056,26.6431847519859
0.281858168622754,-0.269023091496945,100.413610624056,26.6431847519859
0.365198721676647,-0.166194299083503,100.413610624056,26.6431847519859
0.103825168602794,1.36079248034623,100.413610624056,26.6431847519859
-1.75314381081836,1.75285866598778,100.413610624056,26.6431847519859
-2.03669159956088,1.69044529358452,100.413610624056,26.6431847519859
-2.56864804377246,1.31110006771894,100.413610624056,26.6431847519859
-2.9203193696008,-0.0246751729124236,100.413610624056,26.6431847519859
-2.64812347477046,0.11526158996945,100.413610624056,26.6431847519859
-2.6331925387026,1.66844113584521,100.413610624056,26.6431847519859
-2.14714887506986,2.65846689511202,100.413610624056,26.6431847519859
-2.1975415451497,1.87829974007128,100.413610624056,26.6431847519859
-2.36467916173653,-0.117879473319756,100.413610624056,26.6431847519859
-2.33370340403194,-0.563826680295316,100.413610624056,26.6431847519859
-2.10959327966068,0.623752481619145,100.413610624056,26.6431847519859
-1.56136680197605,1.098759325,100.413610624056,26.6431847519859
-0.833591709481038,-0.295898446028513,100.413610624056,26.6431847519859
0.282405981197605,-1.34632704551935,100.413610624056,26.6431847519859
1.4223917758483,-1.85422842927699,100.413610624056,26.6431847519859
1.70383352958084,-2.18654954139511,100.413610624056,26.6431847519859
2.39043137686627,-1.40451457713849,100.413610624056,26.6431847519859
1.8306460538523,-2.25606803523422,100.413610624056,26.6431847519859
1.79648689640719,-2.94949065529532,100.413610624056,26.6431847519859
2.77192196718563,-2.82290779750509,100.413610624056,26.6431847519859
3.75299950748503,-1.19238481619145,100.413610624056,26.6431847519859
3.57984203938124,-1.37547976211813,100.413610624056,26.6431847519859
3.14666228922156,-1.18666969231161,100.413610624056,26.6431847519859
2.46066703576846,-2.25982847505092,100.413610624056,26.6431847519859
1.84266140966068,-2.04759322321792,100.413610624056,26.6431847519859
1.82064543095808,-1.30063087586558,100.413610624056,26.6431847519859
0.730601882714571,-1.74265009867617,100.413610624056,26.6431847519859
0.379405327784431,-2.75440698044806,100.413610624056,26.6431847519859
0.424332045728543,-1.98729587387984,100.413610624056,26.6431847519859
0.161089843093812,-0.876960861863544,100.413610624056,26.6431847519859
-0.879102760838323,1.52308710570265,100.413610624056,26.6431847519859
-1.6406778892016,2.22245444745417,100.413610624056,26.6431847519859
-2.31215002261477,0.989011571537678,100.413610624056,26.6431847519859
-2.07621323343313,-0.657285399898167,100.413610624056,26.6431847519859
-2.35288293095808,-1.1558725589613,100.413610624056,26.6431847519859
-2.87988471477046,0.267640072046843,100.413610624056,26.6431847519859
-2.26268254710579,1.9581377246945,100.413610624056,26.6431847519859
-2.21972186762475,2.84269121405295,100.413610624056,26.6431847519859
-2.05206687249501,1.78814226466395,100.413610624056,26.6431847519859
-1.84009992686627,1.28329391125255,100.413610624056,26.6431847519859
-1.87264608061876,1.26590653110998,100.413610624056,26.6431847519859
-1.71932551453094,0.626253236150713,100.413610624056,26.6431847519859
-0.67464084748503,-0.716937393228106,100.413610624056,26.6431847519859
0.231836793732535,-0.770917700101833,100.413610624056,26.6431847519859
0.524965215728543,0.828535112627291,100.413610624056,26.6431847519859
0.530820723473054,3.3648648941446,100.413610624056,26.6431847519859
0.351211240598802,3.68305643289206,100.413610624056,26.6431847519859
0.669922509840319,1.84934559455193,100.413610624056,26.6431847519859
0.512864644630738,-0.532862002596741,100.413610624056,26.6431847519859
0.55154021241517,-0.238523814765784,100.413610624056,26.6431847519859
0.45755383499002,1.19753602632383,100.413610624056,26.6431847519859
0.270439319840319,1.77370242398167,100.413610624056,26.6431847519859
1.07512729784431,1.01089162235234,100.413610624056,26.6431847519859
1.65782944690619,0.416338783808554,100.413610624056,26.6431847519859
1.39707674808383,-0.195986166344195,100.413610624056,26.6431847519859
0.655831553053892,0.631323004022403,100.413610624056,26.6431847519859
-0.136828895528942,0.127008310386965,100.413610624056,26.6431847519859
-0.256252036846307,0.159375396334012,100.413610624056,26.6431847519859
0.0946462645708583,1.3887661811609,100.413610624056,26.6431847519859
0.189691746307385,2.17187467031568,100.413610624056,26.6431847519859
-0.122640549840319,2.05747290717923,100.413610624056,26.6431847519859
-0.172941917824351,1.59667630667006,100.413610624056,26.6431847519859
0.40327778243513,0.0743249208757637,100.413610624056,26.6431847519859
0.246865118702595,-0.461438467464358,100.413610624056,26.6431847519859
-0.488421092874251,0.165723465529532,100.413610624056,26.6431847519859
-0.356465217205589,1.3959395614053,100.413610624056,26.6431847519859
-0.21677909742515,1.77717741787169,100.413610624056,26.6431847519859
0.257821370199601,1.85261581201629,100.413610624056,26.6431847519859
0.476562931337325,1.10155173080448,100.413610624056,26.6431847519859
-0.0499579947704591,-0.885400132739308,100.413610624056,26.6431847519859
0.56145562001996,-1.03329835483707,100.413610624056,26.6431847519859
0.660341876586826,-0.257741772046843,100.413610624056,26.6431847519859
0.531009414471058,-0.123954507281059,100.413610624056,26.6431847519859
0.19196212508982,-0.479409150152749,100.413610624056,26.6431847519859
1.10235358281437,0.326652914714868,100.413610624056,26.6431847519859
1.71452804840319,0.823483960794297,100.413610624056,26.6431847519859
1.3822736349501,0.78499219811609,100.413610624056,26.6431847519859
0.836293188822355,-0.255315481670061,100.413610624056,26.6431847519859
1.03200227459082,0.123241665224033,100.413610624056,26.6431847519859
0.965735213453094,0.0898569024949084,100.413610624056,26.6431847519859
0.377524504610778,-0.503740312729124,100.413610624056,26.6431847519859
-0.0184222508782435,-1.46174028009165,100.413610624056,26.6431847519859
0.509005609381238,-1.00528121659878,100.413610624056,26.6431847519859
0.804666142834331,0.456319829582485,100.413610624056,26.6431847519859
0.506120463153693,0.7069723799389,100.413610624056,26.6431847519859
-0.537760745449102,-0.436815653615071,100.413610624056,26.6431847519859
-1.00362664590818,-1.48431532968432,100.413610624056,26.6431847519859
-0.923025155728543,-1.36591111822811,100.413610624056,26.6431847519859
-0.971737867245509,0.176390455702648,100.413610624056,26.6431847519859
-1.32517436692615,1.11017095672098,100.413610624056,26.6431847519859
-2.22266788191617,0.462196292464358,100.413610624056,26.6431847519859
-1.3283882006986,0.344915248676171,100.413610624056,26.6431847519859
-0.291859854211577,0.96421500799389,100.413610624056,26.6431847519859
-0.455193216806387,1.06379219898167,100.413610624056,26.6431847519859
-1.74964389714571,0.674903150610998,100.413610624056,26.6431847519859
-2.10067610830339,0.0708747483706721,100.413610624056,26.6431847519859
-1.743502309501,0.445050920824847,100.413610624056,26.6431847519859
-1.51436448305389,1.07504249170061,100.413610624056,26.6431847519859
-0.966825814491018,0.142862970010183,100.413610624056,26.6431847519859
-0.355436546926148,-0.765028826527495,100.413610624056,26.6431847519859
0.46336673508982,-0.504987587321792,100.413610624056,26.6431847519859
0.811501626407186,0.313714767820774,100.413610624056,26.6431847519859
-0.327863313992016,-0.691849178411405,100.413610624056,26.6431847519859
-0.979833319740519,-2.19766331649695,100.413610624056,26.6431847519859
-0.583935258702595,-1.96074319735234,100.413610624056,26.6431847519859
-0.201629036327345,-0.466799886608961,100.413610624056,26.6431847519859
0.493478166287425,0.564807897759674,100.413610624056,26.6431847519859
0.742227682914172,0.0920101576374745,100.413610624056,26.6431847519859
1.03091273624751,-1.47573954119145,100.413610624056,26.6431847519859
0.476849011237525,-2.86482491130346,100.413610624056,26.6431847519859
0.291481409520958,-3.18462984007128,100.413610624056,26.6431847519859
-0.4260739350499,-2.15328888559063,100.413610624056,26.6431847519859
-0.538296384411178,-2.11334507189409,100.413610624056,26.6431847519859
-0.0653697885429142,-1.03762968650713,100.413610624056,26.6431847519859
0.238794013433134,0.9482114200611,100.413610624056,26.6431847519859
0.303222859041916,2.32597203329939,100.413610624056,26.6431847519859
0.0367911698602794,1.29298666206721,100.413610624056,26.6431847519859
-0.253756446227545,-0.0767007957230143,100.413610624056,26.6431847519859
-0.225507577784431,-0.979535235081466,100.413610624056,26.6431847519859
-0.465011235508982,-0.533929322148676,100.413610624056,26.6431847519859
-0.478043087984032,1.97308019842159,100.413610624056,26.6431847519859
0.114927503453094,3.65567844531568,100.413610624056,26.6431847519859
1.2169803206986,3.19882223966395,100.413610624056,26.6431847519859
1.66110414874251,3.0638063163442,100.413610624056,26.6431847519859
0.749428374870259,1.44319327296334,100.413610624056,26.6431847519859
-0.318994837085828,-0.771128681873727,100.413610624056,26.6431847519859
-0.571244267385229,-1.41742790264766,100.413610624056,26.6431847519859
0.737814748283433,0.27548983503055,100.413610624056,26.6431847519859
1.47613218944112,0.657726752240326,100.413610624056,26.6431847519859
1.05908247620758,1.00292395779022,100.413610624056,26.6431847519859
1.0562155903992,0.841336741904277,100.413610624056,26.6431847519859
1.27233373798403,-0.657186114358452,100.413610624056,26.6431847519859
1.76985711846307,-2.91847633482688,100.413610624056,26.6431847519859
0.844766023313373,-3.73725935947047,100.413610624056,26.6431847519859
0.559453060718563,-2.25594392830957,100.413610624056,26.6431847519859
-0.0328479820159681,-0.272225050152749,100.413610624056,26.6431847519859
-0.0785781584031936,1.79184065101833,100.413610624056,26.6431847519859
0.92351103754491,1.43530007255601,100.413610624056,26.6431847519859
1.5823469608982,-1.05582996700611,100.413610624056,26.6431847519859
0.923170176387225,-2.07863857041752,100.413610624056,26.6431847519859
0.564261637764471,-2.64705449063136,100.413610624056,26.6431847519859
-0.672303513832335,-2.86927414455193,100.413610624056,26.6431847519859
-1.72645925161677,-2.14354649200611,100.413610624056,26.6431847519859
-0.960763355329341,0.555897020570265,100.413610624056,26.6431847519859
-0.209109721377245,1.65178598655804,100.413610624056,26.6431847519859
-0.727681278343313,1.21144841257637,100.413610624056,26.6431847519859
-1.44001414303393,-0.8219939049389,100.413610624056,26.6431847519859
-1.07839697556886,-2.91590111614053,100.413610624056,26.6431847519859
-1.36456209105788,-2.22976357255601,100.413610624056,26.6431847519859
-1.22804719740519,0.128137683401222,100.413610624056,26.6431847519859
-1.40485674934132,-0.0221682130346232,100.413610624056,26.6431847519859
-1.03683626155689,-0.987484283604888,100.413610624056,26.6431847519859
-1.2921290950499,-0.942148024032587,100.413610624056,26.6431847519859
-0.903912583672655,-0.183767839613035,100.413610624056,26.6431847519859
-0.3681336250499,0.0911972572810591,100.413610624056,26.6431847519859
-0.341954270778443,-0.450647370366599,100.413610624056,26.6431847519859
-0.387800096487026,-1.74831557978615,100.413610624056,26.6431847519859
-0.529683553373253,-2.25846329887984,100.413610624056,26.6431847519859
-0.214478284610778,-1.37769507072301,100.413610624056,26.6431847519859
0.483453196167665,-0.122490045570265,100.413610624056,26.6431847519859
1.05364087129741,0.190439359572301,100.413610624056,26.6431847519859
1.0592163859481,0.584280274236253,100.413610624056,26.6431847519859
0.10243128994012,-0.749434791446029,100.413610624056,26.6431847519859
-0.292243323013972,-1.42903810544806,100.413610624056,26.6431847519859
-0.252995595429142,-0.910413883401222,100.413610624056,26.6431847519859
-1.22111432493014,-1.22684930916497,100.413610624056,26.6431847519859
-0.412415141516966,-0.551273264867617,100.413610624056,26.6431847519859
-0.579132768463074,-0.161987074338086,100.413610624056,26.6431847519859
-0.514137849860279,0.158978254175153,100.413610624056,26.6431847519859
-1.09421049856287,1.64100730015275,100.413610624056,26.6431847519859
-1.47654715497006,3.05734034557026,100.413610624056,26.6431847519859
-2.10337865033932,1.93521517571283,100.413610624056,26.6431847519859
-1.8909247601996,-1.20992112464358,100.413610624056,26.6431847519859
-1.84238856606786,-2.47794639511202,100.413610624056,26.6431847519859
-1.11990290832335,-0.276996961405295,100.413610624056,26.6431847519859
-1.97799652556886,1.60711990437882,100.413610624056,26.6431847519859
-1.66053305163673,3.59065882749491,100.413610624056,26.6431847519859
-0.929550212175649,3.37267121970468,100.413610624056,26.6431847519859
-0.743020030439122,1.05864796695519,100.413610624056,26.6431847519859
0.22057011510978,-0.153820838696538,100.413610624056,26.6431847519859
0.236310596427146,0.65958835610998,100.413610624056,26.6431847519859
0.363074426247505,0.901950563900204,100.413610624056,26.6431847519859
0.220734458882236,0.130663259317719,100.413610624056,26.6431847519859
1.02818584698603,1.75805874613035,100.413610624056,26.6431847519859
1.6561555751497,3.94988011552953,100.413610624056,26.6431847519859
2.03206456401198,2.48717451771894,100.413610624056,26.6431847519859
1.68933475676647,0.317921992566191,100.413610624056,26.6431847519859
1.15796264596806,-1.41098675325866,100.413610624056,26.6431847519859
1.98704654397206,-1.58232877342159,100.413610624056,26.6431847519859
2.82431719656687,0.416152623421589,100.413610624056,26.6431847519859
2.3763099860479,2.11005701115071,100.413610624056,26.6431847519859
2.30933685536926,0.911382690173116,100.413610624056,26.6431847519859
2.16744122487026,-0.619476225305499,100.413610624056,26.6431847519859
2.58653001824351,-1.15221140468432,100.413610624056,26.6431847519859
2.11857025638723,-1.59150648049898,100.413610624056,26.6431847519859
1.37756853361277,-2.91210344424644,100.413610624056,26.6431847519859
1.7687493197006,-1.33726103467413,100.413610624056,26.6431847519859
0.96050055996008,-0.506594771995927,100.413610624056,26.6431847519859
0.73444265754491,0.485646295875764,100.413610624056,26.6431847519859
0.619432450858283,-0.150935352698574,100.413610624056,26.6431847519859
0.620966326067864,-1.59430509164969,100.413610624056,26.6431847519859
0.230126401137725,-3.60479383345214,100.413610624056,26.6431847519859
-0.812890480958084,-2.89767601425662,100.413610624056,26.6431847519859
-1.88502664481038,-0.485527621537678,100.413610624056,26.6431847519859
-2.28976883552894,1.12696262362525,100.413610624056,26.6431847519859
-1.94123221499002,1.84187435768839,100.413610624056,26.6431847519859
-1.95144587610778,0.980926005397149,100.413610624056,26.6431847519859
-1.85567606441118,0.531491393839104,100.413610624056,26.6431847519859
-1.61080993025948,-0.00530828732179226,100.413610624056,26.6431847519859
-2.12483464285429,-0.0349201995417515,100.413610624056,26.6431847519859
-2.36589652301397,-0.0847553351323829,100.413610624056,26.6431847519859
-1.66758766023952,-0.428978301323829,100.413610624056,26.6431847519859
-1.34530952245509,0.802087926985743,100.413610624056,26.6431847519859
-0.949009732195609,2.37592507046843,100.413610624056,26.6431847519859
0.210886006147705,2.19675190336049,100.413610624056,26.6431847519859
0.710448466766467,0.433273173676171,100.413610624056,26.6431847519859
0.831959382674651,-1.45948773940937,100.413610624056,26.6431847519859
1.16647200129741,-2.18826221695519,100.413610624056,26.6431847519859
1.21359605634731,-2.12043157729124,100.413610624056,26.6431847519859
1.25231423177645,-1.33989830682281,100.413610624056,26.6431847519859
2.28734522389222,-1.29160209709776,100.413610624056,26.6431847519859
1.8705268093014,-1.14359217876782,100.413610624056,26.6431847519859
1.64298981293413,-0.302891871232179,100.413610624056,26.6431847519859
1.50054636986028,0.755454750050916,100.413610624056,26.6431847519859
0.931143892754491,-0.606091293482688,100.413610624056,26.6431847519859
0.519292312175649,-1.90511847372709,100.413610624056,26.6431847519859
-0.461097419001996,-3.85817673615071,100.413610624056,26.6431847519859
-1.16480527904192,-3.02144164485743,100.413610624056,26.6431847519859
-1.32750561377246,-1.475112801222,100.413610624056,26.6431847519859
-0.528234893453094,-0.0513085189409369,100.413610624056,26.6431847519859
-0.70463054255489,-0.380365618940937,100.413610624056,26.6431847519859
-1.58123413802395,-0.307638961099796,100.413610624056,26.6431847519859
-2.15291916752495,-0.0698687095213849,100.413610624056,26.6431847519859
-2.20109015327345,-0.0679140254582485,100.413610624056,26.6431847519859
-1.82689764381238,-0.884897499694501,100.413610624056,26.6431847519859
-1.37499487720559,-0.897928726782077,100.413610624056,26.6431847519859
-1.26003336497006,0.913610409470468,100.413610624056,26.6431847519859
-1.1822987605988,3.60828821614053,100.413610624056,26.6431847519859
-0.798878652654691,5.38876959450102,100.413610624056,26.6431847519859
0.185765756187625,3.14149725117108,100.413610624056,26.6431847519859
-0.00610864155688623,-1.41489612138493,100.413610624056,26.6431847519859
0.791092564590818,-2.6198130206721,100.413610624056,26.6431847519859
1.77565175814371,-0.205945747046843,100.413610624056,26.6431847519859
1.86527389538922,3.04930442219959,100.413610624056,26.6431847519859
2.23462739377245,4.39088166155805,100.413610624056,26.6431847519859
2.8961049910978,2.8135633188391,100.413610624056,26.6431847519859
3.86757146411178,0.693661912270876,100.413610624056,26.6431847519859
2.93963783037924,-0.4076257049389,100.413610624056,26.6431847519859
2.59224552944112,-0.611663694399185,100.413610624056,26.6431847519859
3.44024722169661,-0.591186051832994,100.413610624056,26.6431847519859
3.00708573195609,-1.39690682265784,100.413610624056,26.6431847519859
1.92091947938124,-0.757656875203666,100.413610624056,26.6431847519859
1.9965541355489,0.644627266344195,100.413610624056,26.6431847519859
2.3009309757485,1.39727371084521,100.413610624056,26.6431847519859
1.13506408033932,-0.832257547606925,100.413610624056,26.6431847519859
0.149926640179641,-3.91498047556008,100.413610624056,26.6431847519859
-1.18734472309381,-2.8896897336558,100.413610624056,26.6431847519859
-2.20340922650699,0.063186324389002,100.413610624056,26.6431847519859
-2.03757418648703,2.31524298966395,100.413610624056,26.6431847519859
-2.44041120680639,1.57135849404277,100.413610624056,26.6431847519859
-2.68820509483034,0.719600259521385,100.413610624056,26.6431847519859
-2.601839399002,0.523771943126273,100.413610624056,26.6431847519859
-2.572963589501,2.1103238410387,100.413610624056,26.6431847519859
-3.27424281379241,1.36094761400204,100.413610624056,26.6431847519859
-3.20645405105788,-0.173516607637475,100.413610624056,26.6431847519859
-3.2878285656487,-0.454004462678208,100.413610624056,26.6431847519859
-3.63459392552894,0.710490811252546,100.413610624056,26.6431847519859
-3.29695877522954,2.0966906953666,100.413610624056,26.6431847519859
-1.45510333606786,3.77579533233198,100.413610624056,26.6431847519859
-0.293241559261477,1.9615692811609,100.413610624056,26.6431847519859
-0.418069784650699,-1.17520841782077,100.413610624056,26.6431847519859
-0.189911934031936,-1.61504956410387,100.413610624056,26.6431847519859
0.343456649261477,-0.981967730804481,100.413610624056,26.6431847519859
1.16868151201597,-1.16848802785132,100.413610624056,26.6431847519859
1.09577374510978,-1.57673155112016,100.413610624056,26.6431847519859
1.77391701832335,-1.02313399770876,100.413610624056,26.6431847519859
2.80518636409182,-0.0334557378309572,100.413610624056,26.6431847519859
3.15769158239521,-0.378683970112016,100.413610624056,26.6431847519859
3.68018304267465,-1.57379642235234,100.413610624056,26.6431847519859
3.8462615549501,-3.60781583706721,100.413610624056,26.6431847519859
3.22738551552894,-5.37653187897149,100.413610624056,26.6431847519859
3.27446087612774,-3.86098155264766,100.413610624056,26.6431847519859
3.01925934473054,-1.47725985101833,100.413610624056,26.6431847519859
2.58061364243513,0.115882124592668,100.413610624056,26.6431847519859
2.52095685303393,0.544584674389002,100.413610624056,26.6431847519859
1.71088205137725,-0.675386394857434,100.413610624056,26.6431847519859
1.19240788331337,-2.1186692589613,100.413610624056,26.6431847519859
-0.550342174251497,-2.88288867418534,100.413610624056,26.6431847519859
-1.33695233728543,-1.81109506761711,100.413610624056,26.6431847519859
-1.9352367106986,-0.962861469755601,100.413610624056,26.6431847519859
-2.34880477067864,0.877873820519348,100.413610624056,26.6431847519859
-2.59723777337325,2.77039272510183,100.413610624056,26.6431847519859
-2.56205603245509,2.43171113309572,100.413610624056,26.6431847519859
-2.67763839894212,2.09493458238289,100.413610624056,26.6431847519859
-3.34606712916168,-0.274005984521385,100.413610624056,26.6431847519859
-3.4387813640519,-0.10806882092668,100.413610624056,26.6431847519859
-3.0520195994012,0.0940455112016293,100.413610624056,26.6431847519859
-2.28615327253493,1.75162380208758,100.413610624056,26.6431847519859
-1.94937027512974,2.60251949348269,100.413610624056,26.6431847519859
-1.34779902626747,2.53292033014257,100.413610624056,26.6431847519859
-0.245472302734531,1.65916414322811,100.413610624056,26.6431847519859
0.66524784253493,0.661704379175153,100.413610624056,26.6431847519859
0.656641098303393,-0.347967506262729,100.413610624056,26.6431847519859
0.655082875868264,-1.25665979246436,100.413610624056,26.6431847519859
-0.0307602074251497,-1.09636949394094,100.413610624056,26.6431847519859
1.0540243400998,0.0601146780040733,100.413610624056,26.6431847519859
1.57907225906188,0.762410943177189,100.413610624056,26.6431847519859
1.78789232578842,-0.118797864562118,100.413610624056,26.6431847519859
1.24768217211577,-1.52084620295316,100.413610624056,26.6431847519859
0.957572806087824,-3.16657228253564,100.413610624056,26.6431847519859
1.56223006578842,-3.23535234017312,100.413610624056,26.6431847519859
1.23998844884232,-2.17950647342159,100.413610624056,26.6431847519859
0.828903805868264,-1.90119669490835,100.413610624056,26.6431847519859
0.136024374391218,-0.992318248319756,100.413610624056,26.6431847519859
0.0499630188822355,-0.317126935488798,100.413610624056,26.6431847519859
-0.294994559500998,0.258183124389002,100.413610624056,26.6431847519859
-0.420382771077844,-0.361842660437882,100.413610624056,26.6431847519859
-0.655370018463074,-0.461767350814664,100.413610624056,26.6431847519859
-0.415099423133732,-1.12070686186354,100.413610624056,26.6431847519859
-0.348649757804391,-1.47662690570265,100.413610624056,26.6431847519859
-0.482644713612774,-1.10131515488798,100.413610624056,26.6431847519859
-0.960812049780439,0.754449483961303,100.413610624056,26.6431847519859
-0.17307582756487,2.30360796547861,100.413610624056,26.6431847519859
-0.270172563053892,1.99940948248472,100.413610624056,26.6431847519859
-0.826214500139721,1.20046494974542,100.413610624056,26.6431847519859
-0.425952198922156,-0.134317435488798,100.413610624056,26.6431847519859
0.107562467724551,0.130005492617108,100.413610624056,26.6431847519859
0.190215211656687,0.0174405119653768,100.413610624056,26.6431847519859
0.24764422992016,-0.50290259098778,100.413610624056,26.6431847519859
1.11711408830339,-1.03146157235234,100.413610624056,26.6431847519859
1.45750656189621,0.0451039454684318,100.413610624056,26.6431847519859
1.31791174421158,0.658297644093686,100.413610624056,26.6431847519859
1.38534747217565,0.667928341446028,100.413610624056,26.6431847519859
1.01142278219561,-0.839536418737271,100.413610624056,26.6431847519859
0.694050610359282,-1.90414423436864,100.413610624056,26.6431847519859
0.996662276706587,-1.20737693268839,100.413610624056,26.6431847519859
0.683794341596806,-0.655572724338086,100.413610624056,26.6431847519859
0.366343041277445,-0.535797131364562,100.413610624056,26.6431847519859
0.313089572195609,-0.70869048808554,100.413610624056,26.6431847519859
0.698323548443114,-1.30186573976578,100.413610624056,26.6431847519859
0.114367517265469,-1.39263133910387,100.413610624056,26.6431847519859
-0.295140642854291,-0.890879453462322,100.413610624056,26.6431847519859
-0.570379940878244,0.308204420366599,100.413610624056,26.6431847519859
-0.459928752175649,1.47823486313646,100.413610624056,26.6431847519859
-1.17578587776447,1.87170966237271,100.413610624056,26.6431847519859
-1.0724684261477,1.97978817769857,100.413610624056,26.6431847519859
-0.670593121237525,1.08598251710794,100.413610624056,26.6431847519859
0.189436100439122,1.02724891502037,100.413610624056,26.6431847519859
0.569058041197605,1.06253251369654,100.413610624056,26.6431847519859
0.0728798449301397,0.67482248110998,100.413610624056,26.6431847519859
-0.123766609021956,0.345430292413442,100.413610624056,26.6431847519859
-0.297764056407186,0.674741811608961,100.413610624056,26.6431847519859
0.0490926055688623,-0.08500354898167,100.413610624056,26.6431847519859
-0.641583401996008,0.0173350210794297,100.413610624056,26.6431847519859
-0.242501941217565,-0.163246759623218,100.413610624056,26.6431847519859
-0.172394105249501,0.316252754429735,100.413610624056,26.6431847519859
0.109138950578842,0.0208472470468432,100.413610624056,26.6431847519859
0.401579563453094,-0.504087812118126,100.413610624056,26.6431847519859
0.483301026007984,-1.25631229307536,100.413610624056,26.6431847519859
-0.281834884091816,-0.800901933095723,100.413610624056,26.6431847519859
-0.82206938499002,-0.0597229684317719,100.413610624056,26.6431847519859
-0.543330173293413,-0.0900547008146639,100.413610624056,26.6431847519859
0.266939406167665,-0.628964199694501,100.413610624056,26.6431847519859
-0.0856692878443114,-0.521034612678208,100.413610624056,26.6431847519859
-0.826847528003992,-1.52736802184318,100.413610624056,26.6431847519859
-0.0621316075449102,-0.793362437423625,100.413610624056,26.6431847519859
0.858984803033932,-1.06505111150713,100.413610624056,26.6431847519859
1.38364316638723,-1.08284804450102,100.413610624056,26.6431847519859
0.479204605309381,-1.19349557316701,100.413610624056,26.6431847519859
0.245203420558882,0.137011328513238,100.413610624056,26.6431847519859
0.590087957265469,1.19116934108961,100.413610624056,26.6431847519859
1.25543067664671,1.14955628925662,100.413610624056,26.6431847519859
0.771858256407186,0.274962380600815,100.413610624056,26.6431847519859
0.0091935897005988,0.816304375203666,100.413610624056,26.6431847519859
-0.370044882255489,1.37443803671079,100.413610624056,26.6431847519859
0.191603003512974,1.50746204389002,100.413610624056,26.6431847519859
0.350693862055888,1.12303463946029,100.413610624056,26.6431847519859
0.0903428924550898,0.36182481715886,100.413610624056,26.6431847519859
0.134338329021956,-0.238492788034623,100.413610624056,26.6431847519859
-0.532702609341317,0.601096762525458,100.413610624056,26.6431847519859
-0.646446760299401,0.651403504429735,100.413610624056,26.6431847519859
-0.690898707345309,0.63003229200611,100.413610624056,26.6431847519859
-0.657354317345309,0.474259485539715,100.413610624056,26.6431847519859
-1.42040245285429,1.34263563727088,100.413610624056,26.6431847519859
-1.4301169958483,0.296488726680244,100.413610624056,26.6431847519859
-0.58287006758483,-0.050967224898167,100.413610624056,26.6431847519859
-0.0356844337924152,0.138941191191446,100.413610624056,26.6431847519859
0.28017821005988,1.04587736440937,100.413610624056,26.6431847519859
-0.407283963732535,1.70234714765784,100.413610624056,26.6431847519859
-0.311526325648703,2.05760942479633,100.413610624056,26.6431847519859
-0.139780996626746,1.79230605198574,100.413610624056,26.6431847519859
-0.0936064833732535,1.66958291955193,100.413610624056,26.6431847519859
-0.802676819840319,1.34692353151731,100.413610624056,26.6431847519859
-0.613243231457086,0.155335715936864,100.413610624056,26.6431847519859
-0.293691982934132,0.374744348014257,100.413610624056,26.6431847519859
-0.0372243958083832,0.247081759979633,100.413610624056,26.6431847519859
-0.077105151257485,1.48211320453157,100.413610624056,26.6431847519859
-0.46521210011976,1.94254989495927,100.413610624056,26.6431847519859
-1.35826833325349,1.53874319424644,100.413610624056,26.6431847519859
-0.461973919121756,0.188217845621181,100.413610624056,26.6431847519859
0.22201877502994,1.32588120244399,100.413610624056,26.6431847519859
0.901148110878244,1.45129745514257,100.413610624056,26.6431847519859
0.374681966027944,-0.0546842272912424,100.413610624056,26.6431847519859
0.186636169500998,-1.23039876720978,100.413610624056,26.6431847519859
1.56989335502994,0.620382978615071,100.413610624056,26.6431847519859
0.953153784650699,0.658241795977597,100.413610624056,26.6431847519859
1.72236785502994,0.410766382892057,100.413610624056,26.6431847519859
1.30515988483034,-1.14435543635438,100.413610624056,26.6431847519859
2.48917763688623,-0.134689756262729,100.413610624056,26.6431847519859
1.67188996966068,-0.83258643095723,100.413610624056,26.6431847519859
1.64715318850299,-0.317071087372709,100.413610624056,26.6431847519859
0.714922269461078,-0.117997374898167,100.413610624056,26.6431847519859
1.22142368936128,0.137712532637475,100.413610624056,26.6431847519859
0.309632266167665,-0.720431003156823,100.413610624056,26.6431847519859
-0.605969497824351,0.366503648217923,100.413610624056,26.6431847519859
-0.546318795229541,0.629970238543788,100.413610624056,26.6431847519859
-0.328983286367265,-0.0412248313136456,100.413610624056,26.6431847519859
-0.4310772899002,-0.324213440885947,100.413610624056,26.6431847519859
-1.59405903908184,-1.89685915789206,100.413610624056,26.6431847519859
-1.29495946001996,-1.77484964027495,100.413610624056,26.6431847519859
-1.91933188560878,-1.0943961938391,100.413610624056,26.6431847519859
-1.53663002081836,-1.24686775610998,100.413610624056,26.6431847519859
-1.37238363726547,-2.71365647174134,100.413610624056,26.6431847519859
-0.627474184790419,-2.93905946827902,100.413610624056,26.6431847519859
-0.24494883738523,-1.3829572043279,100.413610624056,26.6431847519859
0.186404870858283,-0.758252588441955,100.413610624056,26.6431847519859
0.284907658622754,-0.628833887423625,100.413610624056,26.6431847519859
0.315688638522954,-1.04726038385947,100.413610624056,26.6431847519859
-0.00406956141716567,-2.00382071089613,100.413610624056,26.6431847519859
0.252635411157685,-1.53118430977597,100.413610624056,26.6431847519859
-0.0305106483632735,-0.810545041140529,100.413610624056,26.6431847519859
-0.279613199760479,0.167392703665988,100.413610624056,26.6431847519859
-0.484087286726547,-0.376648616547861,100.413610624056,26.6431847519859
-0.447365583792415,0.514346022199593,100.413610624056,26.6431847519859
-0.128094328363273,0.762293041598778,100.413610624056,26.6431847519859
-0.465467745988024,0.750974490071283,100.413610624056,26.6431847519859
-0.953696573113772,-1.20414394730143,100.413610624056,26.6431847519859
-0.828484878922156,-2.05054696802444,100.413610624056,26.6431847519859
-0.583509182255489,-1.59129549872709,100.413610624056,26.6431847519859
-1.00302405207585,-1.36141844755601,100.413610624056,26.6431847519859
-1.43436558670659,-1.24455316196538,100.413610624056,26.6431847519859
-0.440767485668663,-0.399478085336049,100.413610624056,26.6431847519859
0.173366931576846,0.630199836354379,100.413610624056,26.6431847519859
-0.122439685229541,-0.694641584215886,100.413610624056,26.6431847519859
-0.308355099520958,-0.431237047352342,100.413610624056,26.6431847519859
-0.105469669021956,0.0278468775967413,100.413610624056,26.6431847519859
-0.126055248223553,-0.0766821796843177,100.413610624056,26.6431847519859
-0.172649751117764,0.112922174439919,100.413610624056,26.6431847519859
-0.636324401277445,0.44824667413442,100.413610624056,26.6431847519859
-0.874008103892216,-0.175750532281059,100.413610624056,26.6431847519859
0.0588619298203593,-0.409785165427699,100.413610624056,26.6431847519859
0.439743839500998,-0.885077454735234,100.413610624056,26.6431847519859
-0.462168696926148,0.00628329943991853,100.413610624056,26.6431847519859
-0.857287646746507,1.40926864511202,100.413610624056,26.6431847519859
-0.0644080731337325,3.04055488401222,100.413610624056,26.6431847519859
0.529767705968064,3.90207412815682,100.413610624056,26.6431847519859
0.659647980658683,2.58847058961303,100.413610624056,26.6431847519859
0.181097175688623,-0.0640915321792261,100.413610624056,26.6431847519859
0.802730538403194,-0.63619342805499,100.413610624056,26.6431847519859
1.56647865664671,1.27523937184318,100.413610624056,26.6431847519859
1.52440056409182,1.34374639424644,100.413610624056,26.6431847519859
0.889717088483034,1.16607492092668,100.413610624056,26.6431847519859
1.1116785701996,1.98222067342159,100.413610624056,26.6431847519859
1.73505275954092,2.25506354190428,100.413610624056,26.6431847519859
2.4312981949501,2.847984374389,100.413610624056,26.6431847519859
2.34740374251497,2.37310784327902,100.413610624056,26.6431847519859
1.36937569221557,0.115838687169043,100.413610624056,26.6431847519859
0.948229558283433,0.144978993075356,100.413610624056,26.6431847519859
0.508530838483034,1.87197028691446,100.413610624056,26.6431847519859
0.207653911956088,2.18792790101833,100.413610624056,26.6431847519859
0.0148177988023952,1.4663268037169,100.413610624056,26.6431847519859
0.202729685588822,1.56049293279022,100.413610624056,26.6431847519859
0.250091126087824,1.2552457462831,100.413610624056,26.6431847519859
-0.981994136007984,0.624844622556008,100.413610624056,26.6431847519859
-1.78134398481038,1.53691882245417,100.413610624056,26.6431847519859
-2.27715088588822,2.39745141654786,100.413610624056,26.6431847519859
-2.16164764788423,1.04126679215886,100.413610624056,26.6431847519859
-2.5084008341517,-0.878152288340122,100.413610624056,26.6431847519859
-2.36451481796407,-1.87033750809572,100.413610624056,26.6431847519859
-2.13667956808383,-0.470957468584521,100.413610624056,26.6431847519859
-1.97318794852295,1.21611483294297,100.413610624056,26.6431847519859
-2.02737269898204,2.12770501583503,100.413610624056,26.6431847519859
-1.67299883111776,-0.661796686608961,100.413610624056,26.6431847519859
-1.32628216568862,-2.69129240392057,100.413610624056,26.6431847519859
-0.0369870103592814,-2.14126292459267,100.413610624056,26.6431847519859
-0.0156405803592814,-0.123135401578411,100.413610624056,26.6431847519859
0.863160352215569,-0.397169696537678,100.413610624056,26.6431847519859
1.19708255061876,-0.941260659521385,100.413610624056,26.6431847519859
2.07552436161677,-1.49057652403259,100.413610624056,26.6431847519859
2.40591012550898,-0.628715985845214,100.413610624056,26.6431847519859
1.73543014153693,-0.930463357077393,100.413610624056,26.6431847519859
2.11655552347305,-0.825642648523422,100.413610624056,26.6431847519859
2.83820728874251,-2.54459801899185,100.413610624056,26.6431847519859
3.37436971616766,-2.36625016293279,100.413610624056,26.6431847519859
2.28894605397206,-1.68162051848269,100.413610624056,26.6431847519859
2.09750990628743,-0.793275562576375,100.413610624056,26.6431847519859
1.76715457642715,-1.09963350605906,100.413610624056,26.6431847519859
2.01540497493014,-0.640487527647658,100.413610624056,26.6431847519859
1.9165065447505,-1.07174668009165,100.413610624056,26.6431847519859
1.26170617403194,-1.04485891486762,100.413610624056,26.6431847519859
1.36362366017964,-1.00349407688391,100.413610624056,26.6431847519859
1.40203140848303,0.16540699287169,100.413610624056,26.6431847519859
1.42230047375249,0.409841786303462,100.413610624056,26.6431847519859
1.02570242998004,0.217835963187373,100.413610624056,26.6431847519859
0.757815994071856,-0.754672103665988,100.413610624056,26.6431847519859
1.20659014219561,-1.32922511130346,100.413610624056,26.6431847519859
1.00125172872255,-2.4177979740835,100.413610624056,26.6431847519859
0.580909053233533,-1.50206882525458,100.413610624056,26.6431847519859
0.41540878756487,-0.355674546283096,100.413610624056,26.6431847519859
-0.34380465992016,0.647965742617108,100.413610624056,26.6431847519859
-0.576929344550898,0.887113581059063,100.413610624056,26.6431847519859
-1.36156738231537,-0.316053410590631,100.413610624056,26.6431847519859
-1.40909925339321,-0.427675178615071,100.413610624056,26.6431847519859
-1.81715266678643,0.607916438034623,100.413610624056,26.6431847519859
-2.37481369437126,0.902000206670061,100.413610624056,26.6431847519859
-2.36873297479042,0.866021609215886,100.413610624056,26.6431847519859
-2.84085002540918,0.660606032892057,100.413610624056,26.6431847519859
-3.29059806255489,1.10258181827902,100.413610624056,26.6431847519859
-3.38034193592814,1.31589680035642,100.413610624056,26.6431847519859
-2.59479696401198,1.41408399378819,100.413610624056,26.6431847519859
-1.74081194107784,0.480210412576375,100.413610624056,26.6431847519859
-1.71275785043912,-0.229823919348269,100.413610624056,26.6431847519859
-1.88728484998004,-0.200658792057026,100.413610624056,26.6431847519859
-1.87141654572854,1.10085673202648,100.413610624056,26.6431847519859
-0.164517777784431,1.6088511959776,100.413610624056,26.6431847519859
0.315134739141717,0.293932124032587,100.413610624056,26.6431847519859
0.375582813373253,-0.836719191547862,100.413610624056,26.6431847519859
1.06115199037924,0.222229348319756,100.413610624056,26.6431847519859
1.1341693198004,1.44412407489817,100.413610624056,26.6431847519859
1.26434784800399,2.09520761761711,100.413610624056,26.6431847519859
1.14607511309381,0.11671364098778,100.413610624056,26.6431847519859
1.11908012676647,-1.09133075280041,100.413610624056,26.6431847519859
1.3753164152495,-0.251058614154786,100.413610624056,26.6431847519859
1.32073602237525,0.674108866293279,100.413610624056,26.6431847519859
0.668291245728543,1.27677829770876,100.413610624056,26.6431847519859
0.819511863612774,0.875131057484725,100.413610624056,26.6431847519859
0.389308561776447,0.105606071232179,100.413610624056,26.6431847519859
0.259848276726547,0.307391520010183,100.413610624056,26.6431847519859
-0.450652459241517,0.420694936863544,100.413610624056,26.6431847519859
0.357200658083832,-0.463616543991853,100.413610624056,26.6431847519859
0.521891378502994,-0.966051017718941,100.413610624056,26.6431847519859
0.610430064211577,0.425528901578411,100.413610624056,26.6431847519859
0.590940110159681,1.63886645570265,100.413610624056,26.6431847519859
0.466848388343313,1.61146985208758,100.413610624056,26.6431847519859
0.630400875968064,0.424610510336049,100.413610624056,26.6431847519859
1.06659968209581,-1.27367485183299,100.413610624056,26.6431847519859
1.41017555542914,-1.57763132632383,100.413610624056,26.6431847519859
1.75141409510978,-1.18049537281059,100.413610624056,26.6431847519859
2.14968601063872,-0.129868202240326,100.413610624056,26.6431847519859
2.1176754958483,-0.0257052603869654,100.413610624056,26.6431847519859
2.37126402355289,1.18257493655804,100.413610624056,26.6431847519859
2.0753661046507,0.893585757179226,100.413610624056,26.6431847519859
1.26728168868263,0.268589490020367,100.413610624056,26.6431847519859
1.31343794151697,-1.55042708844196,100.413610624056,26.6431847519859
2.03777398840319,-1.26768669271894,100.413610624056,26.6431847519859
1.23957454600798,-1.30947969959267,100.413610624056,26.6431847519859
0.576763938083832,0.410555401120163,100.413610624056,26.6431847519859
-0.435806738463074,1.42776678223014,100.413610624056,26.6431847519859
-0.302670022355289,1.81684819633401,100.413610624056,26.6431847519859
-0.953118326506986,0.0860902573319756,100.413610624056,26.6431847519859
-1.88227540832335,-1.73377024821792,100.413610624056,26.6431847519859
-2.52325872854291,-0.794398730244399,100.413610624056,26.6431847519859
-2.8002936344511,1.10755850595723,100.413610624056,26.6431847519859
-2.51996576628743,2.10907656644603,100.413610624056,26.6431847519859
-2.74618801247505,2.04498154521385,100.413610624056,26.6431847519859
-3.46834498267465,0.845562582688391,100.413610624056,26.6431847519859
-3.8493181944511,-0.542591985488798,100.413610624056,26.6431847519859
-3.19379349377245,-0.074442049694501,100.413610624056,26.6431847519859
-2.05970581451098,0.605725950814664,100.413610624056,26.6431847519859
-1.95035633776447,-0.128192758757637,100.413610624056,26.6431847519859
-2.15640690758483,-0.353980486761711,100.413610624056,26.6431847519859
-1.69840516097804,1.14652187494908,100.413610624056,26.6431847519859
-1.12203937736527,2.3861576864053,100.413610624056,26.6431847519859
-0.262186673073852,0.669560347505092,100.413610624056,26.6431847519859
0.707484192055888,-1.77391883834012,100.413610624056,26.6431847519859
0.751424847365269,-3.30542310982688,100.413610624056,26.6431847519859
1.14597772419162,-2.06912577464358,100.413610624056,26.6431847519859
1.37371558516966,-0.460352531873727,100.413610624056,26.6431847519859
1.63474827708583,0.453037201425662,100.413610624056,26.6431847519859
2.05809174812375,-0.880541346639511,100.413610624056,26.6431847519859
1.93954510692615,-2.20312402118126,100.413610624056,26.6431847519859
2.04686767714571,-1.51492009730143,100.413610624056,26.6431847519859
1.73455364141717,-0.705221699541752,100.413610624056,26.6431847519859
1.62491199796407,-0.0778053473523422,100.413610624056,26.6431847519859
1.57408107782435,0.483685406466395,100.413610624056,26.6431847519859
1.55316072427146,-0.410399494704684,100.413610624056,26.6431847519859
1.39788629333333,-1.28578148233198,100.413610624056,26.6431847519859
1.43658012153693,-0.888924769399185,100.413610624056,26.6431847519859
1.07582119377246,-0.648970235947047,100.413610624056,26.6431847519859
0.714021422115768,-0.991840436659878,100.413610624056,26.6431847519859
0.570829301856287,-0.902477245570265,100.413610624056,26.6431847519859
0.599449465489022,0.134895305448065,100.413610624056,26.6431847519859
-0.294087625349301,0.590435977698574,100.413610624056,26.6431847519859
-0.537651182934132,1.14446790534623,100.413610624056,26.6431847519859
0.173330410738523,0.901218333044806,100.413610624056,26.6431847519859
-0.567890437065868,-1.2752758311609,100.413610624056,26.6431847519859
-1.33241766652695,-2.3500728253055,100.413610624056,26.6431847519859
-1.07419099235529,-0.922973504175153,100.413610624056,26.6431847519859
-0.790290168842315,0.478392246130346,100.413610624056,26.6431847519859
-1.42667186343313,0.682945279327902,100.413610624056,26.6431847519859
-2.08484432489022,0.355582238849287,100.413610624056,26.6431847519859
-2.43741649806387,-0.175018301425662,100.413610624056,26.6431847519859
-1.70697538437126,-0.604192457535642,100.413610624056,26.6431847519859
-1.35538927383234,-0.580221205040733,100.413610624056,26.6431847519859
-1.70221550177645,-1.55972269709776,100.413610624056,26.6431847519859
-2.19573376365269,-1.10720402846232,100.413610624056,26.6431847519859
-1.65263846375249,-0.0495213792260693,100.413610624056,26.6431847519859
-0.474214486766467,0.243091722352342,100.413610624056,26.6431847519859
0.0150247502195609,-1.53273564633401,100.413610624056,26.6431847519859
0.357352828243513,-2.45385103569246,100.413610624056,26.6431847519859
0.424551170758483,-2.27166207031568,100.413610624056,26.6431847519859
-0.0155066706187625,-1.33321514893075,100.413610624056,26.6431847519859
0.761717636966068,0.446087213645621,100.413610624056,26.6431847519859
0.893393519540918,-0.0461766976069246,100.413610624056,26.6431847519859
0.900995940718563,-1.50591613991853,100.413610624056,26.6431847519859
1.01297491782435,-1.16042728309572,100.413610624056,26.6431847519859
0.913516501457086,-0.293106040224033,100.413610624056,26.6431847519859
1.32674978708583,0.106307275356415,100.413610624056,26.6431847519859
1.56563867736527,0.503530103716904,100.413610624056,26.6431847519859
1.65181568219561,0.668716420417515,100.413610624056,26.6431847519859
0.958303222854291,0.630485282281059,100.413610624056,26.6431847519859
0.809900796327345,0.80689086496945,100.413610624056,26.6431847519859
1.50092375185629,2.06392646726069,100.413610624056,26.6431847519859
1.45456054760479,1.02770811064155,100.413610624056,26.6431847519859
1.8818178351497,0.810334832128309,100.413610624056,26.6431847519859
1.14748725217565,0.0391033756619145,100.413610624056,26.6431847519859
1.0255319994012,1.02508945453157,100.413610624056,26.6431847519859
1.36653924043912,1.01806500259674,100.413610624056,26.6431847519859
1.35278914481038,1.99585381909369,100.413610624056,26.6431847519859
0.973161117245509,-0.146188262830957,100.413610624056,26.6431847519859
0.257255297205589,-1.3053593496945,100.413610624056,26.6431847519859
0.78251016758483,0.251754385692464,100.413610624056,26.6431847519859
0.399717000698603,2.89610062907332,100.413610624056,26.6431847519859
-0.0353800934730539,3.09036519821792,100.413610624056,26.6431847519859
0.172575646746507,1.84896086308554,100.413610624056,26.6431847519859
-0.61724835005988,-0.809477721588595,100.413610624056,26.6431847519859
-0.446507344091816,-0.257884495010183,100.413610624056,26.6431847519859
-0.675127791996008,1.7088565558554,100.413610624056,26.6431847519859
-0.475005771596806,3.59101873757637,100.413610624056,26.6431847519859
-0.497581736487026,1.76772667556008,100.413610624056,26.6431847519859
-0.584385682375249,1.0288560996945,100.413610624056,26.6431847519859
-0.222007664111776,1.51681970600815,100.413610624056,26.6431847519859
-0.705555737125748,2.02612349801426,100.413610624056,26.6431847519859
-0.609554626786427,1.11876536125255,100.413610624056,26.6431847519859
-0.524114125528942,0.633935454786151,100.413610624056,26.6431847519859
-0.760525685608782,0.378120056364562,100.413610624056,26.6431847519859
-0.583143973872255,3.00889520753564,100.413610624056,26.6431847519859
-1.69698084828343,4.07906921873727,100.413610624056,26.6431847519859
-1.61993405303393,3.11666966089613,100.413610624056,26.6431847519859
-0.686954456806387,1.03606050667006,100.413610624056,26.6431847519859
-0.468541583213573,-0.141422556924644,100.413610624056,26.6431847519859
-0.384549741876247,0.305567148217923,100.413610624056,26.6431847519859
-0.999962388463074,0.604522113645621,100.413610624056,26.6431847519859
-0.971104839381237,1.06090671298371,100.413610624056,26.6431847519859
-0.296260615229541,0.770260706160896,100.413610624056,26.6431847519859
-1.23330011131737,0.195267118940937,100.413610624056,26.6431847519859
-1.58340712790419,0.2176870348778,100.413610624056,26.6431847519859
-0.773953180499002,0.656994521384929,100.413610624056,26.6431847519859
0.643030999221557,-0.200751872250509,100.413610624056,26.6431847519859
1.49817860217565,-0.134857300610998,100.413610624056,26.6431847519859
0.796735034111776,-0.148279464511202,100.413610624056,26.6431847519859
0.0330295235129741,0.141299222759674,100.413610624056,26.6431847519859
0.296387375469062,-0.345355055498982,100.413610624056,26.6431847519859
0.116284861277445,-0.173628303869654,100.413610624056,26.6431847519859
-0.653580497385229,-0.712419901171079,100.413610624056,26.6431847519859
-1.15924193800399,-0.881627282230143,100.413610624056,26.6431847519859
-0.737030612954092,-0.133994757484725,100.413610624056,26.6431847519859
0.239938333033932,0.670832443482688,100.413610624056,26.6431847519859
0.757091664111776,0.420272973319756,100.413610624056,26.6431847519859
1.08706961197605,-0.498099653004073,100.413610624056,26.6431847519859
0.558150484151697,-1.61849973660896,100.413610624056,26.6431847519859
1.10861081978044,-1.30548966196538,100.413610624056,26.6431847519859
1.25108469688623,-0.547972020672098,100.413610624056,26.6431847519859
1.16762849451098,-0.871661496181263,100.413610624056,26.6431847519859
0.752727423932136,-0.200416783553971,100.413610624056,26.6431847519859
0.642276235229541,0.580916976578411,100.413610624056,26.6431847519859
0.813613748223553,0.438206423930754,100.413610624056,26.6431847519859
2.26885350608782,-0.239231224236253,100.413610624056,26.6431847519859
2.51599001902196,-0.719003773523422,100.413610624056,26.6431847519859
2.1181076591018,-1.27545578620163,100.413610624056,26.6431847519859
1.36044634724551,-1.53428698289206,100.413610624056,26.6431847519859
1.19217049786427,-0.833771652087576,100.413610624056,26.6431847519859
0.938928918123752,-1.07448944312627,100.413610624056,26.6431847519859
0.408609824830339,-0.329487985183299,100.413610624056,26.6431847519859
0.0210932961876248,-0.577782503971487,100.413610624056,26.6431847519859
-0.164097788143713,0.034585883604888,100.413610624056,26.6431847519859
-0.35988600239521,0.330090676527495,100.413610624056,26.6431847519859
-0.0463180845508982,0.549970914918534,100.413610624056,26.6431847519859
-0.354596567644711,0.910991753360489,100.413610624056,26.6431847519859
-0.0562030581237525,0.819630440784114,100.413610624056,26.6431847519859
-0.343068156347305,0.469890921792261,100.413610624056,26.6431847519859
-0.622416048682635,-0.829297597454175,100.413610624056,26.6431847519859
0.196180281916168,-1.29223504241344,100.413610624056,26.6431847519859
0.571474503333333,-1.42644427072301,100.413610624056,26.6431847519859
0.709188497844311,-0.726257823268839,100.413610624056,26.6431847519859
0.924351016826347,-0.202650708197556,100.413610624056,26.6431847519859
0.754583899880239,-0.550528623319756,100.413610624056,26.6431847519859
0.945466148183633,0.16890680814664,100.413610624056,26.6431847519859
0.927491808922156,1.0460759354888,100.413610624056,26.6431847519859
0.93516118497006,0.493185791547862,100.413610624056,26.6431847519859
0.815585873493014,-0.226348925458248,100.413610624056,26.6431847519859
0.54497863512974,-0.554307679175153,100.413610624056,26.6431847519859
0.725811566087824,-0.738842265427699,100.413610624056,26.6431847519859
0.37177247257485,-0.41010163808554,100.413610624056,26.6431847519859
-0.303290876606786,-0.906113578462322,100.413610624056,26.6431847519859
-0.126767404570858,-0.796036941649695,100.413610624056,26.6431847519859
-0.150652032834331,0.729975598421588,100.413610624056,26.6431847519859
-0.502913778882235,0.708393404226069,100.413610624056,26.6431847519859
-0.404581421696607,0.965437461201629,100.413610624056,26.6431847519859
-0.962540702794411,-0.326050223370672,100.413610624056,26.6431847519859
-0.88567042493014,-0.756204824185336,100.413610624056,26.6431847519859
-0.461858269800399,-1.33928397754582,100.413610624056,26.6431847519859
-0.171578473193613,-0.974440645824847,100.413610624056,26.6431847519859
-0.664865436427146,-1.40687881405295,100.413610624056,26.6431847519859
-0.516645614091816,-0.147913349083503,100.413610624056,26.6431847519859
-0.279771456726547,0.61266352790224,100.413610624056,26.6431847519859
-0.218306885828343,1.40429195743381,100.413610624056,26.6431847519859
-0.439641426487026,0.983941803665988,100.413610624056,26.6431847519859
-0.206528915469062,1.21098301160896,100.413610624056,26.6431847519859
-0.213522656007984,1.89760457219959,100.413610624056,26.6431847519859
-0.0334749230738523,1.60941588248473,100.413610624056,26.6431847519859
-0.222646778782435,1.78170732062118,100.413610624056,26.6431847519859
-0.244796667225549,1.70783267372709,100.413610624056,26.6431847519859
-0.432416387305389,2.23626754816701,100.413610624056,26.6431847519859
-0.634321841976048,1.76858921868635,100.413610624056,26.6431847519859
-0.878743639261477,1.94066346970468,100.413610624056,26.6431847519859
-0.376539504670659,1.57858151705703,100.413610624056,26.6431847519859
-0.581317931956088,1.1946195135947,100.413610624056,26.6431847519859
-0.0488319355888224,0.583715587729124,100.413610624056,26.6431847519859
-0.0394947745908184,-0.122905803767821,100.413610624056,26.6431847519859
-0.165120371616766,-0.616925828004073,100.413610624056,26.6431847519859
-0.314521034391218,0.0733382708248472,100.413610624056,26.6431847519859
-0.47076326754491,0.703305020315682,100.413610624056,26.6431847519859
-0.151887654530938,0.0896086886456212,100.413610624056,26.6431847519859
0.16508887489022,-1.50294377907332,100.413610624056,26.6431847519859
0.0369616004391218,-1.39388481904277,100.413610624056,26.6431847519859
0.271547118602794,-1.8858943110998,100.413610624056,26.6431847519859
0.539944846247505,-0.66535235,100.413610624056,26.6431847519859
0.405182952834331,-1.45853832143585,100.413610624056,26.6431847519859
0.561413012375249,-0.899244260183299,100.413610624056,26.6431847519859
0.251424136686627,-1.98978421771894,100.413610624056,26.6431847519859
0.34094888502994,-1.63133859796334,100.413610624056,26.6431847519859
0.803077486367266,-0.480960486710794,100.413610624056,26.6431847519859
0.828495989840319,0.577764660692464,100.413610624056,26.6431847519859
0.138173017045908,0.870799725814664,100.413610624056,26.6431847519859
0.22862295996008,1.67284693167006,100.413610624056,26.6431847519859
0.769667006107784,1.61141400397149,100.413610624056,26.6431847519859
0.584987213512974,1.01905165264766,100.413610624056,26.6431847519859
1.26929642159681,0.900076549338085,100.413610624056,26.6431847519859
0.72696197249501,-0.58570673110998,100.413610624056,26.6431847519859
0.0941167124151697,-1.02914697820774,100.413610624056,26.6431847519859
-0.141028791936128,0.904513371894094,100.413610624056,26.6431847519859
0.171814795948104,2.25804831344196,100.413610624056,26.6431847519859
-0.147511240738523,1.50421044246436,100.413610624056,26.6431847519859
-0.339269989161677,-0.222886342260692,100.413610624056,26.6431847519859
0.194877705349301,-0.228967581568228,100.413610624056,26.6431847519859
0.414307075608782,-0.273112414663951,100.413610624056,26.6431847519859
0.670348586287425,-0.0293664146639511,100.413610624056,26.6431847519859
0.38879727003992,-1.04686324170061,100.413610624056,26.6431847519859
0.709109369361277,-2.23261182647658,100.413610624056,26.6431847519859
0.169495722714571,-1.45915885605906,100.413610624056,26.6431847519859
-0.243567132335329,-1.52891935840122,100.413610624056,26.6431847519859
0.302346358922156,-0.64000971598778,100.413610624056,26.6431847519859
0.662831380399202,0.219461763900204,100.413610624056,26.6431847519859
-0.155862339101796,-0.508630125560081,100.413610624056,26.6431847519859
0.0292922243912176,-0.763254097505092,100.413610624056,26.6431847519859
-0.184622499281437,0.347800734674134,100.413610624056,26.6431847519859
-0.123212709640719,0.439552984063136,100.413610624056,26.6431847519859
0.600070319740519,0.339702757841141,100.413610624056,26.6431847519859
-0.04855194249501,0.546086368177189,100.413610624056,26.6431847519859
-0.114703354311377,-0.608672717515275,100.413610624056,26.6431847519859
-0.67801902502994,0.347223637474542,100.413610624056,26.6431847519859
0.120904747325349,0.846114858503055,100.413610624056,26.6431847519859
-0.169344615249501,1.20155088533605,100.413610624056,26.6431847519859
0.282667713872255,0.118376673778004,100.413610624056,26.6431847519859
-0.0956516503193613,0.273938498472505,100.413610624056,26.6431847519859
0.0388606840319361,-0.0314327949592668,100.413610624056,26.6431847519859
0.828599465548902,0.307658349898167,100.413610624056,26.6431847519859
1.41884925453094,0.534432727953157,100.413610624056,26.6431847519859
1.71787579191617,0.0197054633401222,100.413610624056,26.6431847519859
0.646902208083832,-0.315209483503055,100.413610624056,26.6431847519859
0.536457106187625,-0.0179671936354379,100.413610624056,26.6431847519859
0.648235218682635,0.671415746028513,100.413610624056,26.6431847519859
0.823170034251497,-0.126113967769857,100.413610624056,26.6431847519859
0.665959998882235,-0.983947236252546,100.413610624056,26.6431847519859
0.987471199061876,-1.48981326644603,100.413610624056,26.6431847519859
1.00860459083832,-1.20635305056008,100.413610624056,26.6431847519859
0.25668313740519,-0.162092565224033,100.413610624056,26.6431847519859
-0.659131664810379,-0.455921914663951,100.413610624056,26.6431847519859
-0.659691650998004,0.287360662372709,100.413610624056,26.6431847519859
-0.38370976259481,-0.872952208197556,100.413610624056,26.6431847519859
-0.176040102275449,-0.986112902087576,100.413610624056,26.6431847519859
-0.486302884251497,-1.66801839954175,100.413610624056,26.6431847519859
-0.180720856387226,-1.15312979592668,100.413610624056,26.6431847519859
-0.543865812255489,-1.0372573657332,100.413610624056,26.6431847519859
-0.764695147984032,-1.02977992352342,100.413610624056,26.6431847519859
0.0680043130139721,-0.342122070112016,100.413610624056,26.6431847519859
0.106813790538922,0.515425752443992,100.413610624056,26.6431847519859
-0.17347146998004,0.804601092209776,100.413610624056,26.6431847519859
0.143121590638723,0.836384875610998,100.413610624056,26.6431847519859
0.102723456646707,0.412305308757637,100.413610624056,26.6431847519859
0.242433923652695,0.709460723778004,100.413610624056,26.6431847519859
0.538496186327345,0.430375276985743,100.413610624056,26.6431847519859
0.564949446886228,-0.0379732298879837,100.413610624056,26.6431847519859
0.809821667844311,-0.28953796614053,100.413610624056,26.6431847519859
0.79293078011976,0.110713071181263,100.413610624056,26.6431847519859
1.12507563105788,0.75848295901222,100.413610624056,26.6431847519859
1.14664727289421,2.33207188864562,100.413610624056,26.6431847519859
0.299777726626747,1.9862913805499,100.413610624056,26.6431847519859
0.0951271222754491,0.924221551527495,100.413610624056,26.6431847519859
-0.134467214650699,-0.867733512016293,100.413610624056,26.6431847519859
0.380421824451098,-0.624452912983707,100.413610624056,26.6431847519859
-0.0609751143313373,-0.308538736303462,100.413610624056,26.6431847519859
-0.315866218602794,-0.881745183808554,100.413610624056,26.6431847519859
-0.751815465668663,-1.31443156588595,100.413610624056,26.6431847519859
-0.428624306926148,-0.632085488849287,100.413610624056,26.6431847519859
-0.481816907944112,0.186194902749491,100.413610624056,26.6431847519859
-0.663203738283433,-0.443349883197556,100.413610624056,26.6431847519859
-0.94154730756487,-1.08392777474542,100.413610624056,26.6431847519859
-0.834723855469062,-1.94604893747454,100.413610624056,26.6431847519859
-0.676491236626746,-1.39085661008147,100.413610624056,26.6431847519859
-0.720815360738523,-1.18411929501018,100.413610624056,26.6431847519859
-0.315251451157685,-0.83002362296334,100.413610624056,26.6431847519859
-0.56275317247505,-1.60850292382892,100.413610624056,26.6431847519859
-0.434972845988024,-0.773989346486762,100.413610624056,26.6431847519859
0.0134482673652695,0.576846269450102,100.413610624056,26.6431847519859
0.245325156686627,0.521134670977597,100.413610624056,26.6431847519859
-0.0917195733932136,-0.881236345417515,100.413610624056,26.6431847519859
-0.0266820471457086,-1.03736906196538,100.413610624056,26.6431847519859
0.309741828682635,0.118072611812627,100.413610624056,26.6431847519859
0.649020416706587,1.30637779923625,100.413610624056,26.6431847519859
-0.0216847791017964,1.07985163503055,100.413610624056,26.6431847519859
-0.0735991507784431,0.716683746792261,100.413610624056,26.6431847519859
0.317216426926148,1.45040388528513,100.413610624056,26.6431847519859
0.506863053532934,2.2124700453666,100.413610624056,26.6431847519859
0.282004251976048,2.16071125244399,100.413610624056,26.6431847519859
-0.0332071035928144,0.639247231160896,100.413610624056,26.6431847519859
-0.0866005692215569,-0.40810972194501,100.413610624056,26.6431847519859
0.408591564411178,0.360521694450102,100.413610624056,26.6431847519859
0.661894012215569,0.705259704378819,100.413610624056,26.6431847519859
-0.197070018343313,0.815665224541751,100.413610624056,26.6431847519859
-0.380142894051896,1.08544265198574,100.413610624056,26.6431847519859
-0.049306706487026,1.25794507189409,100.413610624056,26.6431847519859
0.0797335889221557,1.47714272219959,100.413610624056,26.6431847519859
-0.119749316806387,0.565968297505092,100.413610624056,26.6431847519859
0.32326671247505,-0.756068306568228,100.413610624056,26.6431847519859
0.816127599261477,-1.08466621094705,100.413610624056,26.6431847519859
0.796801988982036,-0.610006866955193,100.413610624056,26.6431847519859
0.483538411457086,-0.725668315376782,100.413610624056,26.6431847519859
0.234642811477046,-0.49367524114053,100.413610624056,26.6431847519859
0.224636101776447,0.170098234623218,100.413610624056,26.6431847519859
0.0184698826347305,-0.237046942362525,100.413610624056,26.6431847519859
0.0249097237924152,-0.49555546104888,100.413610624056,26.6431847519859
0.706741601676647,-0.448630632841141,100.413610624056,26.6431847519859
0.482041057085828,-0.00139891919551935,100.413610624056,26.6431847519859
-0.152307644171657,0.930035960947047,100.413610624056,26.6431847519859
-0.00173222776447106,0.226473805142566,100.413610624056,26.6431847519859
0.341886253213573,-0.685805171181263,100.413610624056,26.6431847519859
0.709115456167665,-0.26829706598778,100.413610624056,26.6431847519859
0.697763562255489,0.516493071995927,100.413610624056,26.6431847519859
0.17761552243513,1.42354714679226,100.413610624056,26.6431847519859
-0.288213857185629,1.47121661654786,100.413610624056,26.6431847519859
-0.554822063752495,0.273466892158859,100.413610624056,26.6431847519859
-0.462040873992016,-0.374818039409369,100.413610624056,26.6431847519859
0.186277047924152,-0.0394501022912424,100.413610624056,26.6431847519859
0.034027759760479,0.136682445162933,100.413610624056,26.6431847519859
-0.274603758103792,-0.992181730702648,100.413610624056,26.6431847519859
0.286703266506986,-0.983376344399185,100.413610624056,26.6431847519859
0.771657391796407,-1.04437489786151,100.413610624056,26.6431847519859
1.07726376688623,-1.88181119327902,100.413610624056,26.6431847519859
0.511994231317365,-1.15505345325866,100.413610624056,26.6431847519859
0.127448064191617,-1.42685382357434,100.413610624056,26.6431847519859
-0.0420938409181637,-1.96572609037678,100.413610624056,26.6431847519859
0.071242494011976,-2.16605328279022,100.413610624056,26.6431847519859
-0.0770808040319361,-1.27013780448065,100.413610624056,26.6431847519859
-0.546288361197605,-1.11110098589613,100.413610624056,26.6431847519859
-1.01603764413174,-0.51517676583503,100.413610624056,26.6431847519859
-0.790764939740519,-0.432757357179226,100.413610624056,26.6431847519859
-0.989401779381238,-0.874441491293279,100.413610624056,26.6431847519859
-0.718764106986028,-1.81420394607943,100.413610624056,26.6431847519859
-0.953599184211577,-2.31341163976578,100.413610624056,26.6431847519859
-1.60563005802395,-2.23815940600815,100.413610624056,26.6431847519859
-1.64322217427146,-2.4885885639002,100.413610624056,26.6431847519859
-1.97023584742515,-2.84640123834012,100.413610624056,26.6431847519859
-1.75729501277445,-2.06869140040733,100.413610624056,26.6431847519859
-2.26332166177645,-1.09005245147658,100.413610624056,26.6431847519859
-1.7493152096008,-1.04881172041752,100.413610624056,26.6431847519859
-0.900899614510978,-1.18729022693483,100.413610624056,26.6431847519859
-0.613188450199601,-0.594952696995927,100.413610624056,26.6431847519859
-0.390100909301397,-0.3673033651222,100.413610624056,26.6431847519859
-1.20450951710579,0.644801016038697,100.413610624056,26.6431847519859
-0.512664842714571,0.711421613187373,100.413610624056,26.6431847519859
0.812432907784431,0.0121597623217923,100.413610624056,26.6431847519859
1.02135645021956,-1.32297012230143,100.413610624056,26.6431847519859
1.2733502346507,-0.376239063696538,100.413610624056,26.6431847519859
0.861504740878243,1.24877977550916,100.413610624056,26.6431847519859
0.762484574570858,2.62113553217923,100.413610624056,26.6431847519859
1.09015562281437,2.64812258294297,100.413610624056,26.6431847519859
0.999066565229541,0.97278459114053,100.413610624056,26.6431847519859
1.09328424129741,-0.671148143380855,100.413610624056,26.6431847519859
2.09198917289421,-1.14971685549898,100.413610624056,26.6431847519859
2.76541517115768,-1.04111709108961,100.413610624056,26.6431847519859
2.99384692806387,-1.109841300611,100.413610624056,26.6431847519859
2.69481430387225,-0.605774820824847,100.413610624056,26.6431847519859
2.36386855379242,-0.0634275601323829,100.413610624056,26.6431847519859
2.09369347868263,0.233771292311609,100.413610624056,26.6431847519859
2.19053456830339,0.273075955346232,100.413610624056,26.6431847519859
2.50720675740519,-0.655132144755601,100.413610624056,26.6431847519859
2.22596586828343,-0.94503351003055,100.413610624056,26.6431847519859
1.578634009002,-0.367086178004073,100.413610624056,26.6431847519859
0.770178297844311,-0.130228112321792,100.413610624056,26.6431847519859
0.178102466946108,-0.21775452092668,100.413610624056,26.6431847519859
-0.508544074790419,-0.00509110020366599,100.413610624056,26.6431847519859
-0.992706915249501,0.278282240835031,100.413610624056,26.6431847519859
-1.13381734772455,1.05494337525458,100.413610624056,26.6431847519859
-1.25737343057884,1.73635865035642,100.413610624056,26.6431847519859
-2.14138466942116,2.1535192561609,100.413610624056,26.6431847519859
-2.44441632540918,2.13360630010183,100.413610624056,26.6431847519859
-2.92586445021956,2.83276266008147,100.413610624056,26.6431847519859
-2.51946056135729,3.07156920448065,100.413610624056,26.6431847519859
-1.68428985696607,2.22991327362525,100.413610624056,26.6431847519859
-0.936903074291417,2.16753713329939,100.413610624056,26.6431847519859
-0.969796176007984,2.82078634185336,100.413610624056,26.6431847519859
-0.772967117864271,3.45070965392057,100.413610624056,26.6431847519859
-0.0961385948303393,3.45119367092668,100.413610624056,26.6431847519859
1.12596430479042,3.09269840840122,100.413610624056,26.6431847519859
1.85979576964072,1.4901801546334,100.413610624056,26.6431847519859
2.02617862223553,-0.679692905142566,100.413610624056,26.6431847519859
2.82182769275449,-1.25366261023422,100.413610624056,26.6431847519859
3.37236107005988,-0.91103441802444,100.413610624056,26.6431847519859
3.04487871281437,0.83778728385947,100.413610624056,26.6431847519859
2.10672533115768,2.20136868095723,100.413610624056,26.6431847519859
1.19924945369261,2.61831830498982,100.413610624056,26.6431847519859
0.728873229700599,0.710813489256619,100.413610624056,26.6431847519859
0.419097392235529,-0.864072357739308,100.413610624056,26.6431847519859
-0.240335038143713,-2.55717625580448,100.413610624056,26.6431847519859
-0.69420993001996,-2.822156950611,100.413610624056,26.6431847519859
-1.86379586413174,-2.90429711868635,100.413610624056,26.6431847519859
-2.55623095874251,-1.43697474327902,100.413610624056,26.6431847519859
-3.14638944562874,-1.18997714185336,100.413610624056,26.6431847519859
-3.51192651640719,-0.537255387729124,100.413610624056,26.6431847519859
-3.74217822842315,-1.26001688477597,100.413610624056,26.6431847519859
-3.59781135453094,-0.728435899796334,100.413610624056,26.6431847519859
-3.33928034003992,-0.27521602703666,100.413610624056,26.6431847519859
-3.09852888700599,1.05309418207739,100.413610624056,26.6431847519859
-2.32849309776447,1.29998008727088,100.413610624056,26.6431847519859
-1.65470797792415,0.15874245101833,100.413610624056,26.6431847519859
-1.5531009189022,-0.0754969585539715,100.413610624056,26.6431847519859
-0.759801355648703,-0.305094769144603,100.413610624056,26.6431847519859
0.518202773832335,0.400744748727088,100.413610624056,26.6431847519859
1.37591900908184,0.690782631619144,100.413610624056,26.6431847519859
1.65272261634731,0.484665851171079,100.413610624056,26.6431847519859
2.23190050451098,0.712662682433808,100.413610624056,26.6431847519859
2.63269235788423,0.553911309775967,100.413610624056,26.6431847519859
3.39276404506986,-0.483579142820774,100.413610624056,26.6431847519859
3.88338498710579,-3.41003283660896,100.413610624056,26.6431847519859
3.82536554862275,-4.63846799811609,100.413610624056,26.6431847519859
3.14650403225549,-3.65539222662933,100.413610624056,26.6431847519859
3.13504257582834,-2.30173938350306,100.413610624056,26.6431847519859
3.81402582832335,-2.07170099332994,100.413610624056,26.6431847519859
3.47294554560878,-2.52235185274949,100.413610624056,26.6431847519859
2.81921645281437,-3.08044828217923,100.413610624056,26.6431847519859
2.08970053369261,-3.9507170645112,100.413610624056,26.6431847519859
1.18626629566866,-3.80960749119145,100.413610624056,26.6431847519859
1.28943766393214,-2.63151009831976,100.413610624056,26.6431847519859
1.0694604810978,-1.06138375188391,100.413610624056,26.6431847519859
0.38236960249501,0.207733659521385,100.413610624056,26.6431847519859
-0.329372841976048,1.25112539638493,100.413610624056,26.6431847519859
-0.675754733053892,0.0955099729124236,100.413610624056,26.6431847519859
-1.34334348399202,-0.444286890478615,100.413610624056,26.6431847519859
-1.29211083463074,0.34078248808554,100.413610624056,26.6431847519859
-2.36789908231537,0.893889819144603,100.413610624056,26.6431847519859
-3.07373123778443,2.05374969943992,100.413610624056,26.6431847519859
-2.81868796335329,3.69951921644603,100.413610624056,26.6431847519859
-2.77681682221557,3.09430559307536,100.413610624056,26.6431847519859
-2.00044466752495,2.05948343935845,100.413610624056,26.6431847519859
-2.26174517892216,2.1814619302444,100.413610624056,26.6431847519859
-2.07296287882236,3.09262394424644,100.413610624056,26.6431847519859
-2.62241280459082,2.94172853991853,100.413610624056,26.6431847519859
-2.80807865982036,3.42354264811609,100.413610624056,26.6431847519859
-2.43908428301397,3.68666794439918,100.413610624056,26.6431847519859
-0.94227163752495,3.04319836150713,100.413610624056,26.6431847519859
0.32298063257485,1.61050802342159,100.413610624056,26.6431847519859
0.555131428183633,0.686649871028513,100.413610624056,26.6431847519859
0.771012190319361,0.659166392566191,100.413610624056,26.6431847519859
0.918385946566866,1.80086322443992,100.413610624056,26.6431847519859
1.0786576455489,2.68031591919552,100.413610624056,26.6431847519859
1.84605176081836,2.06400713676171,100.413610624056,26.6431847519859
2.15167030952096,0.118742789205703,100.413610624056,26.6431847519859
1.95516385211577,-0.228558028716904,100.413610624056,26.6431847519859
2.62632555840319,0.795435795824847,100.413610624056,26.6431847519859
2.51800475193613,1.10814180850305,100.413610624056,26.6431847519859
1.7051848005988,-0.0655497885437882,100.413610624056,26.6431847519859
1.96006981806387,0.0668040412423625,100.413610624056,26.6431847519859
1.51136871161677,0.947317850203666,100.413610624056,26.6431847519859
0.869752363532934,1.54699630473523,100.413610624056,26.6431847519859
0.584415053712575,2.29641596919552,100.413610624056,26.6431847519859
-0.106388776786427,0.961838360386965,100.413610624056,26.6431847519859
-0.347517611816367,1.40339838757637,100.413610624056,26.6431847519859
-1.05166372191617,2.10820161262729,100.413610624056,26.6431847519859
-1.93582713091816,1.96629154964358,100.413610624056,26.6431847519859
-3.17021320582834,0.604193230295316,100.413610624056,26.6431847519859
-4.01585321720559,0.483741254582485,100.413610624056,26.6431847519859
-3.04856229337325,1.86605659195519,100.413610624056,26.6431847519859
-2.88528979884232,3.22910432927699,100.413610624056,26.6431847519859
-3.35401041149701,2.6677190663442,100.413610624056,26.6431847519859
-2.69924656161677,1.5455442537169,100.413610624056,26.6431847519859
-2.07659061542914,0.670677309826884,100.413610624056,26.6431847519859
-2.10364646982036,0.285815531160896,100.413610624056,26.6431847519859
-3.14500774057884,-0.511652129175153,100.413610624056,26.6431847519859
-2.83684490680639,-1.87097665875764,100.413610624056,26.6431847519859
-1.65766616582834,-0.913417270977597,100.413610624056,26.6431847519859
-1.00625614626747,0.0198668023421589,100.413610624056,26.6431847519859
-0.628472421037924,-0.736571108706721,100.413610624056,26.6431847519859
0.324258861916168,-1.4067919392057,100.413610624056,26.6431847519859
1.15978260107784,-1.73352203436864,100.413610624056,26.6431847519859
1.78616367277445,-1.95045473329939,100.413610624056,26.6431847519859
1.8720485108982,-2.5232019851833,100.413610624056,26.6431847519859
1.81570903097804,-3.15187181731161,100.413610624056,26.6431847519859
1.96027068267465,-3.41474269439919,100.413610624056,26.6431847519859
2.50747457688623,-1.69893343447047,100.413610624056,26.6431847519859
2.03297149816367,0.505093850967413,100.413610624056,26.6431847519859
2.18870243958084,1.25586007556008,100.413610624056,26.6431847519859
1.77885341830339,-1.06958721960285,100.413610624056,26.6431847519859
1.56160921153693,-2.82278369058045,100.413610624056,26.6431847519859
1.22689572830339,-3.30244454363544,100.413610624056,26.6431847519859
0.724691593712575,-2.86744356741344,100.413610624056,26.6431847519859
0.843706919001996,-1.34926217428717,100.413610624056,26.6431847519859
-0.0760947413972056,-1.0381261142057,100.413610624056,26.6431847519859
-0.463337363752495,-0.414706004989817,100.413610624056,26.6431847519859
-0.663514165409182,0.200554073930754,100.413610624056,26.6431847519859
-0.916366189540918,-0.0837438636965377,100.413610624056,26.6431847519859
-1.7202507091018,-1.64790066705703,100.413610624056,26.6431847519859
-1.92454219187625,-2.30014460952138,100.413610624056,26.6431847519859
-1.57356476197605,-1.55474600941955,100.413610624056,26.6431847519859
-2.31602123147705,-0.878239163187373,100.413610624056,26.6431847519859
-2.97387109219561,0.0298698204684318,100.413610624056,26.6431847519859
-2.03919936379242,0.988465501069246,100.413610624056,26.6431847519859
-1.80847288087824,0.237345571741344,100.413610624056,26.6431847519859
-1.63442065223553,-1.17732444088595,100.413610624056,26.6431847519859
-0.972870013233533,-2.36366253355397,100.413610624056,26.6431847519859
-0.526031469540918,-2.16582989032587,100.413610624056,26.6431847519859
-0.77088543007984,-1.14289097464358,100.413610624056,26.6431847519859
-0.0773547103193613,0.58307643706721,100.413610624056,26.6431847519859
0.293897871656687,0.134243744093686,100.413610624056,26.6431847519859
0.502182299421158,-0.555412230804481,100.413610624056,26.6431847519859
0.799796697724551,-0.391665554429735,100.413610624056,26.6431847519859
1.0879521989022,-0.229774276578411,100.413610624056,26.6431847519859
1.41150247922156,-0.410343646588595,100.413610624056,26.6431847519859
1.42306741135729,-0.520060373319756,100.413610624056,26.6431847519859
1.33486958680639,0.445528732484725,100.413610624056,26.6431847519859
1.65054353966068,1.52590433289206,100.413610624056,26.6431847519859
1.37653986333333,2.10119577673116,100.413610624056,26.6431847519859
1.27778751650699,1.83498642337067,100.413610624056,26.6431847519859
0.866246363053892,1.5322958395112,100.413610624056,26.6431847519859
0.318299878463074,1.98633481797352,100.413610624056,26.6431847519859
-0.216462583493014,1.88792423207739,100.413610624056,26.6431847519859
-0.0207961053692615,2.33244420941955,100.413610624056,26.6431847519859
-0.260311936706587,2.25204153828921,100.413610624056,26.6431847519859
-1.39957340139721,1.46888961171079,100.413610624056,26.6431847519859
-1.46761781,1.25760998319756,100.413610624056,26.6431847519859
-1.23527832339321,1.69643965804481,100.413610624056,26.6431847519859
-1.79321325726547,1.63424347275967,100.413610624056,26.6431847519859
-2.39412104423154,1.03943000967413,100.413610624056,26.6431847519859
-1.88464317600798,0.33995717703666,100.413610624056,26.6431847519859
-2.02627098702595,-1.30692309694501,100.413610624056,26.6431847519859
-2.41501096375249,-1.40645064516293,100.413610624056,26.6431847519859
-1.98299988041916,-0.860907631160896,100.413610624056,26.6431847519859
-1.04173005389222,0.161299053665988,100.413610624056,26.6431847519859
-0.0352522705389222,1.44342907612016,100.413610624056,26.6431847519859
0.0626418365868263,1.67597442617108,100.413610624056,26.6431847519859
0.0580828186027944,0.441675212474542,100.413610624056,26.6431847519859
-0.0573838985628743,-0.0493786562627291,100.413610624056,26.6431847519859
1.14146740065868,0.649318508095723,100.413610624056,26.6431847519859
1.91289706856287,1.08933960941955,100.413610624056,26.6431847519859
2.0343897240519,0.654226936965377,100.413610624056,26.6431847519859
2.69030398033932,1.39649804256619,100.413610624056,26.6431847519859
3.22610728618762,1.5471824651222,100.413610624056,26.6431847519859
3.02835912027944,0.101529158757637,100.413610624056,26.6431847519859
2.8665657197006,-0.847919841496945,100.413610624056,26.6431847519859
2.46525040097804,-0.931958845519348,100.413610624056,26.6431847519859
2.31461411650699,-0.885642141242363,100.413610624056,26.6431847519859
2.49836871453094,1.16051493070265,100.413610624056,26.6431847519859
1.51635989285429,0.7618152299389,100.413610624056,26.6431847519859
1.47049580672655,-0.100225263289206,100.413610624056,26.6431847519859
0.829250753832335,-1.11017638930754,100.413610624056,26.6431847519859
0.304318484191617,-1.62286209501018,100.413610624056,26.6431847519859
-0.72597697255489,-2.35982142423625,100.413610624056,26.6431847519859
-1.76804431285429,-3.37492919297352,100.413610624056,26.6431847519859
-1.85375263359281,-1.94541599215886,100.413610624056,26.6431847519859
-1.75038648752495,-0.703918576832994,100.413610624056,26.6431847519859
-2.31371433185629,-0.00651212449083503,100.413610624056,26.6431847519859
-2.05875018590818,-0.745171718584521,100.413610624056,26.6431847519859
-2.16899442319361,-1.51207184338086,100.413610624056,26.6431847519859
-2.26900673894212,-1.5046564546334,100.413610624056,26.6431847519859
-2.95575066958084,-0.973987655549898,100.413610624056,26.6431847519859
-3.75475357041916,-0.237537164714868,100.413610624056,26.6431847519859
-3.04583540411178,0.11671364098778,100.413610624056,26.6431847519859
-2.03479860277445,0.863992460997963,100.413610624056,26.6431847519859
-1.29120998728543,0.936557779837067,100.413610624056,26.6431847519859
-1.44711744608782,0.457114113900204,100.413610624056,26.6431847519859
-1.2546282808982,-0.190109703462322,100.413610624056,26.6431847519859
-0.605579942215569,0.294608506771894,100.413610624056,26.6431847519859
-0.567421752974052,0.716485175712831,100.413610624056,26.6431847519859
-0.431862487924152,0.972561198676171,100.413610624056,26.6431847519859
0.488931321916168,1.04494035712831,100.413610624056,26.6431847519859
1.5580484298004,1.28895318701629,100.413610624056,26.6431847519859
2.85345473874251,0.823843870875764,100.413610624056,26.6431847519859
3.32165797285429,0.506806526527495,100.413610624056,26.6431847519859
3.09445575083832,0.403450279684318,100.413610624056,26.6431847519859
2.00029143467066,-0.218164073778004,100.413610624056,26.6431847519859
1.98346141500998,-1.0553645660387,100.413610624056,26.6431847519859
2.32608774654691,-0.421916617311609,100.413610624056,26.6431847519859
2.32779205233533,0.0825532099796334,100.413610624056,26.6431847519859
2.66008907343313,0.31481311410387,100.413610624056,26.6431847519859
2.29694411756487,0.227758311812627,100.413610624056,26.6431847519859
2.25931548047904,0.307676965936864,100.413610624056,26.6431847519859
1.68499486381238,-0.996730249490835,100.413610624056,26.6431847519859
0.856227479740519,-1.68206109806517,100.413610624056,26.6431847519859
-0.400326744031936,-2.31973488757637,100.413610624056,26.6431847519859
-0.726311746906188,-1.15363242897149,100.413610624056,26.6431847519859
-1.0165306754491,0.853306854786151,100.413610624056,26.6431847519859
-1.10135032245509,1.89446466700611,100.413610624056,26.6431847519859
-0.962723306986028,1.75383911069246,100.413610624056,26.6431847519859
-1.65155501221557,0.379237018686354,100.413610624056,26.6431847519859
-2.15207918824351,-0.633363790173116,100.413610624056,26.6431847519859
-2.53323500421158,-2.06126980631365,100.413610624056,26.6431847519859
-1.75218209540918,-0.753133177800407,100.413610624056,26.6431847519859
-1.39639608846307,0.989340454887984,100.413610624056,26.6431847519859
-1.5114062951497,1.56647488655804,100.413610624056,26.6431847519859
-0.76546817239521,1.78618758060081,100.413610624056,26.6431847519859
-0.0584003952295409,1.50672360768839,100.413610624056,26.6431847519859
0.00465283213572854,0.97668775392057,100.413610624056,26.6431847519859
0.222250073672655,0.315830790885947,100.413610624056,26.6431847519859
0.24957374754491,-0.216228005753564,100.413610624056,26.6431847519859
0.672588531037924,-0.989153521741344,100.413610624056,26.6431847519859
1.57770272762475,0.692116781059063,100.413610624056,26.6431847519859
1.09588330762475,2.00066916776986,100.413610624056,26.6431847519859
1.40264617592814,1.49384751425662,100.413610624056,26.6431847519859
1.22491142942116,-0.124711559521385,100.413610624056,26.6431847519859
0.84760247508982,-2.15165067418534,100.413610624056,26.6431847519859
-0.163142159540918,-2.8897083496945,100.413610624056,26.6431847519859
-0.587106484830339,-2.58410125310591,100.413610624056,26.6431847519859
-0.95664258740519,-1.0675518660387,100.413610624056,26.6431847519859
-0.499346910339321,0.608679695621181,100.413610624056,26.6431847519859
-0.354237446067864,0.698483466293279,100.413610624056,26.6431847519859
-0.641680790898204,-0.835813210997963,100.413610624056,26.6431847519859
-0.911496744431138,-2.16506042739308,100.413610624056,26.6431847519859
-1.00798479928144,-2.90751148803462,100.413610624056,26.6431847519859
-1.90516180033932,-3.01622294867617,100.413610624056,26.6431847519859
-2.45706470908184,-1.63937452133401,100.413610624056,26.6431847519859
-1.44138976127745,0.122614925254582,100.413610624056,26.6431847519859
-0.612214561177645,0.685228846741344,100.413610624056,26.6431847519859
0.135659166007984,0.591720484368635,100.413610624056,26.6431847519859
-0.053220522994012,-0.352075445468432,100.413610624056,26.6431847519859
0.337552447065868,-0.314576538187373,100.413610624056,26.6431847519859
-0.0861927531936128,-0.385758064816701,100.413610624056,26.6431847519859
-0.533347810818363,-0.899213233452138,100.413610624056,26.6431847519859
-0.367165822834331,-1.33319032754582,100.413610624056,26.6431847519859
-0.5053606750499,-0.996835740376782,100.413610624056,26.6431847519859
-0.787088508682635,0.248074615376782,100.413610624056,26.6431847519859
-0.448217736686627,1.14636053594705,100.413610624056,26.6431847519859
-0.364846749600798,0.101578801527495,100.413610624056,26.6431847519859
-0.364639798183633,0.332858260947047,100.413610624056,26.6431847519859
-0.704654889780439,-0.499340722250509,100.413610624056,26.6431847519859
-0.982700205548902,-1.22386453762729,100.413610624056,26.6431847519859
-0.66731233259481,-2.33164915234216,100.413610624056,26.6431847519859
0.159562054690619,-0.968675879175153,100.413610624056,26.6431847519859
0.72046735007984,0.08513463401222,100.413610624056,26.6431847519859
0.973386329081836,0.756509658910387,100.413610624056,26.6431847519859
1.68921910744511,1.76040436700611,100.413610624056,26.6431847519859
1.98192145299401,0.652247431517312,100.413610624056,26.6431847519859
1.84605176081836,-1.74875615936864,100.413610624056,26.6431847519859
2.3849349906986,-3.66628881461303,100.413610624056,26.6431847519859
3.49759102467066,-2.73337085672098,100.413610624056,26.6431847519859
4.04307843948104,-0.419676487321792,100.413610624056,26.6431847519859
3.92651609716567,0.778488995264766,100.413610624056,26.6431847519859
3.27023054568862,1.79479439582485,100.413610624056,26.6431847519859
2.42588702407186,0.735349428258656,100.413610624056,26.6431847519859
2.10289064313373,0.0398356065173116,100.413610624056,26.6431847519859
1.00064304808383,-0.315029528462322,100.413610624056,26.6431847519859
0.227362991037924,0.25347947194501,100.413610624056,26.6431847519859
-0.159106606906188,0.788529245468432,100.413610624056,26.6431847519859
-0.723377906227545,1.6360988712831,100.413610624056,26.6431847519859
-0.990174803792415,2.851031199389,100.413610624056,26.6431847519859
-1.30188624568862,2.2197985592668,100.413610624056,26.6431847519859
-2.16613362419162,0.700158909775967,100.413610624056,26.6431847519859
-2.74158638684631,-0.553699555244399,100.413610624056,26.6431847519859
-2.88681758724551,-0.29432228808554,100.413610624056,26.6431847519859
-3.06089416311377,-0.481599637372709,100.413610624056,26.6431847519859
-2.65951188952096,0.885444342922607,100.413610624056,26.6431847519859
-2.13457353307385,1.90933888192464,100.413610624056,26.6431847519859
-1.30296361041916,3.37944125244399,100.413610624056,26.6431847519859
-1.08802630327345,2.69394906486762,100.413610624056,26.6431847519859
-0.887143432075848,0.184320888187373,100.413610624056,26.6431847519859
-0.945108089301397,-2.37711572418534,100.413610624056,26.6431847519859
0.544065614171657,-1.79173438737271,100.413610624056,26.6431847519859
0.142379000259481,-0.738110034572301,100.413610624056,26.6431847519859
0.584019411297405,0.342997796690428,100.413610624056,26.6431847519859
0.798268909321357,0.205375627953157,100.413610624056,26.6431847519859
0.964006560439122,0.292101546894094,100.413610624056,26.6431847519859
0.776514663293413,0.108758387118126,100.413610624056,26.6431847519859
-0.119609320259481,-0.697117517362525,100.413610624056,26.6431847519859
0.37238724001996,-1.87641254205703,100.413610624056,26.6431847519859
0.516157606886227,-2.36544346792261,100.413610624056,26.6431847519859
0.352106001137725,-2.1769436654277,100.413610624056,26.6431847519859
-0.0295976274051896,-1.54527665106925,100.413610624056,26.6431847519859
0.326456199021956,-0.429381648828921,100.413610624056,26.6431847519859
0.147638000978044,-0.360359582688391,100.413610624056,26.6431847519859
-0.130309925888224,-1.40142431471487,100.413610624056,26.6431847519859
0.156360394530938,-1.47992194455193,100.413610624056,26.6431847519859
-0.544663183892215,-1.80004955132383,100.413610624056,26.6431847519859
-1.11570301191617,-1.85780891405295,100.413610624056,26.6431847519859
-0.902116975788423,-0.939386644959267,100.413610624056,26.6431847519859
0.0192672542714571,0.447514443279022,100.413610624056,26.6431847519859
0.157188200199601,-0.105375700661914,100.413610624056,26.6431847519859
-0.13516719738523,-0.636528516751528,100.413610624056,26.6431847519859
-0.038837399500998,-1.25112462362525,100.413610624056,26.6431847519859
-0.874038537924152,-1.94310760336049,100.413610624056,26.6431847519859
-0.0326714646307385,-1.11684713650713,100.413610624056,26.6431847519859
0.516912370878243,0.261186511965377,100.413610624056,26.6431847519859
0.163299353812375,1.06003175916497,100.413610624056,26.6431847519859
-0.36286853752495,0.613588124490835,100.413610624056,26.6431847519859
0.00184681439121756,0.0159015860997963,100.413610624056,26.6431847519859
0.851674548562874,-0.271275632179226,100.413610624056,26.6431847519859
0.640924964211577,-1.33770781960285,100.413610624056,26.6431847519859
0.866775915209581,-2.11501431003055,100.413610624056,26.6431847519859
1.06469451169661,-2.3036754515275,100.413610624056,26.6431847519859
1.30471554796407,-1.61758755071283,100.413610624056,26.6431847519859
1.63735343021956,-1.36565049368635,100.413610624056,26.6431847519859
1.8481760562475,-1.40524680799389,100.413610624056,26.6431847519859
1.79125832972056,-0.48080535305499,100.413610624056,26.6431847519859
1.90985366536926,-0.445751352189409,100.413610624056,26.6431847519859
2.23020228552894,-1.37863828335031,100.413610624056,26.6431847519859
2.15391025427146,-3.36012944220978,100.413610624056,26.6431847519859
2.44181010958084,-3.74203747606925,100.413610624056,26.6431847519859
2.91310544133732,-1.88629765860489,100.413610624056,26.6431847519859
2.19956738898204,0.657193092464358,100.413610624056,26.6431847519859
1.46292990638723,2.1597680398167,100.413610624056,26.6431847519859
1.17815866956088,1.5776320990835,100.413610624056,26.6431847519859
0.776325972295409,0.481383223014257,100.413610624056,26.6431847519859
0.44917230259481,0.232114464867617,100.413610624056,26.6431847519859
-0.218562531696607,1.33409087550916,100.413610624056,26.6431847519859
-1.14460316864271,1.60546307693483,100.413610624056,26.6431847519859
-1.57312651191617,2.16536526211813,100.413610624056,26.6431847519859
-2.02471276459082,2.91350041990835,100.413610624056,26.6431847519859
-3.00975890265469,2.72379057489817,100.413610624056,26.6431847519859
-3.09978885592814,3.44136440249491,100.413610624056,26.6431847519859
-3.11864578211577,3.35517834867617,100.413610624056,26.6431847519859
-3.65108917083832,1.83376397016293,100.413610624056,26.6431847519859
-3.29135282654691,1.18764470442974,100.413610624056,26.6431847519859
-2.82587648169661,2.14113338508147,100.413610624056,26.6431847519859
-2.19965975377246,3.41150427642566,100.413610624056,26.6431847519859
-2.63764199417166,3.13622891221996,100.413610624056,26.6431847519859
-1.57903071411178,2.9856127484725,100.413610624056,26.6431847519859
-0.417388062335329,1.75216366720978,100.413610624056,26.6431847519859
-0.367451902734531,0.230029468533605,100.413610624056,26.6431847519859
0.746622357125749,0.227417017769857,100.413610624056,26.6431847519859
1.06459712279441,-0.256599988340122,100.413610624056,26.6431847519859
1.69676674736527,-0.527544020875764,100.413610624056,26.6431847519859
1.88747856508982,0.297264394959267,100.413610624056,26.6431847519859
1.9245593896008,0.149428226323829,100.413610624056,26.6431847519859
1.95223609824351,0.396401006364562,100.413610624056,26.6431847519859
2.26424579365269,0.641698342922607,100.413610624056,26.6431847519859
2.71432251834331,1.02387320667006,100.413610624056,26.6431847519859
1.84700738942116,0.777086587016293,100.413610624056,26.6431847519859
0.961291844790419,-0.815372800509165,100.413610624056,26.6431847519859
1.08730699742515,-1.35091279638493,100.413610624056,26.6431847519859
0.807326077225549,-0.396437465682281,100.413610624056,26.6431847519859
0.0577236970259481,0.045215641700611,100.413610624056,26.6431847519859
-0.79916473255489,1.37509580341141,100.413610624056,26.6431847519859
-1.27205480758483,1.44471358279022,100.413610624056,26.6431847519859
-1.18540303185629,0.467172980142566,100.413610624056,26.6431847519859
-1.19160548756487,0.802882211303462,100.413610624056,26.6431847519859
-1.48599996528942,0.911965992718941,100.413610624056,26.6431847519859
-2.08709644325349,0.910898673167006,100.413610624056,26.6431847519859
-1.64737946303393,1.15625185784114,100.413610624056,26.6431847519859
-1.88209889093812,0.44465998401222,100.413610624056,26.6431847519859
-1.38321206582834,-0.460724852647658,100.413610624056,26.6431847519859
-1.02703041646707,-1.11321080361507,100.413610624056,26.6431847519859
-1.18284657317365,-0.436952171232179,100.413610624056,26.6431847519859
-1.15134126331337,-0.0477032127800407,100.413610624056,26.6431847519859
-0.934997903892215,0.0934622086558045,100.413610624056,26.6431847519859
-0.463112151916168,-0.472310234063136,100.413610624056,26.6431847519859
-0.262777093293413,-1.62219191761711,100.413610624056,26.6431847519859
0.026120998263473,-2.75770822464358,100.413610624056,26.6431847519859
0.209638210838323,-2.60226430152749,100.413610624056,26.6431847519859
0.847036402095808,-3.3999739703666,100.413610624056,26.6431847519859
0.940158453013972,-3.24447419913442,100.413610624056,26.6431847519859
1.28693598650699,-2.67571077953157,100.413610624056,26.6431847519859
1.81824114243513,-1.68175083075356,100.413610624056,26.6431847519859
1.74619161522954,-1.08351822189409,100.413610624056,26.6431847519859
0.998737877684631,-1.39798034755601,100.413610624056,26.6431847519859
0.80254184740519,-1.31018710906314,100.413610624056,26.6431847519859
1.50243327984032,-1.25074609750509,100.413610624056,26.6431847519859
1.38843348301397,-1.88374105595723,100.413610624056,26.6431847519859
1.23307383678643,-2.05968123767821,100.413610624056,26.6431847519859
0.968169936007984,-1.73045659332994,100.413610624056,26.6431847519859
0.765716668762475,-0.772984080397149,100.413610624056,26.6431847519859
0.776733788323353,-0.633072138900204,100.413610624056,26.6431847519859
0.658375838123752,-0.554506250254582,100.413610624056,26.6431847519859
-0.261389301437126,-0.93512357209776,100.413610624056,26.6431847519859
-0.846258353572854,0.821330705651731,100.413610624056,26.6431847519859
-0.972827405588822,1.96169338808554,100.413610624056,26.6431847519859
-1.03242941373253,2.01193807652749,100.413610624056,26.6431847519859
-1.42588666540918,-0.0320719456211813,100.413610624056,26.6431847519859
-1.19408281776447,-0.830718621741344,100.413610624056,26.6431847519859
-1.9913205447505,-0.434072890580448,100.413610624056,26.6431847519859
-2.13190751187625,0.726581274032586,100.413610624056,26.6431847519859
-1.10614672588822,1.61333766130346,100.413610624056,26.6431847519859
-1.13971546311377,0.274459747556008,100.413610624056,26.6431847519859
-1.04604559962076,0.159487092566191,100.413610624056,26.6431847519859
-0.815842582055888,0.427260193177189,100.413610624056,26.6431847519859
-0.947737589660679,0.679451669399185,100.413610624056,26.6431847519859
-0.641358190159681,-0.0955216108452139,100.413610624056,26.6431847519859
0.384840845888224,-1.23311050351324,100.413610624056,26.6431847519859
0.549568087145709,-1.81619586221996,100.413610624056,26.6431847519859
0.580976008103792,-0.750874431771894,100.413610624056,26.6431847519859
0.365296110578842,0.147622470570265,100.413610624056,26.6431847519859
0.553463643233533,0.432534737474542,100.413610624056,26.6431847519859
0.627540076966068,0.249259836507128,100.413610624056,26.6431847519859
1.18859754251497,-0.483479857281059,100.413610624056,26.6431847519859
1.25420722856287,0.198673854022403,100.413610624056,26.6431847519859
0.41907304500998,0.901801635590631,100.413610624056,26.6431847519859
-0.0563917491217565,0.71132853299389,100.413610624056,26.6431847519859
0.131946214111776,0.761517373319756,100.413610624056,26.6431847519859
0.0828500337924152,1.73946752881874,100.413610624056,26.6431847519859
-0.756551001037924,3.49211172398167,100.413610624056,26.6431847519859
-1.36167085802395,2.32089606008147,100.413610624056,26.6431847519859
-1.26226113610778,1.64160921873727,100.413610624056,26.6431847519859
-1.26149419850299,1.20505690595723,100.413610624056,26.6431847519859
-1.4538494539521,1.90041559404277,100.413610624056,26.6431847519859
-1.74916303944112,2.5852251935336,100.413610624056,26.6431847519859
-2.25686964700599,3.06412899434827,100.413610624056,26.6431847519859
-1.69998773063872,2.08087326782077,100.413610624056,26.6431847519859
-1.14676398491018,1.6040110259165,100.413610624056,26.6431847519859
-0.798489097045908,1.33739211970468,100.413610624056,26.6431847519859
-0.302225685489022,1.43873783436864,100.413610624056,26.6431847519859
0.410107179201597,1.48351561278004,100.413610624056,26.6431847519859
0.512785516147705,0.825202841700611,100.413610624056,26.6431847519859
0.0369981212774451,-0.661182357331976,100.413610624056,26.6431847519859
0.522299194530938,-1.58643671262729,100.413610624056,26.6431847519859
1.46628373670659,-0.952746755397149,100.413610624056,26.6431847519859
1.77268748343313,-0.827156753004073,100.413610624056,26.6431847519859
2.64825632181637,-1.44134330702648,100.413610624056,26.6431847519859
3.29568557,-1.15352693808554,100.413610624056,26.6431847519859
2.61711622033932,-1.01955351293279,100.413610624056,26.6431847519859
2.34644202710579,0.165109136252546,100.413610624056,26.6431847519859
1.86101921772455,0.828789531822811,100.413610624056,26.6431847519859
1.99558633333333,0.811948222148676,100.413610624056,26.6431847519859
1.75688004724551,-0.529877231059063,100.413610624056,26.6431847519859
1.83743892978044,-0.255377535132383,100.413610624056,26.6431847519859
2.35054453461078,0.275930414613035,100.413610624056,26.6431847519859
2.1829077999002,1.01126394312627,100.413610624056,26.6431847519859
1.37215127592814,0.38768249490835,100.413610624056,26.6431847519859
0.308670550758483,-0.373260497505092,100.413610624056,26.6431847519859
0.0615340378243513,-0.689540789613035,100.413610624056,26.6431847519859
0.428051084431138,-0.321365186965377,100.413610624056,26.6431847519859
0.410502821616766,0.137377443940937,100.413610624056,26.6431847519859
0.507897810618762,0.7204131598778,100.413610624056,26.6431847519859
0.190616940878244,1.42580589282077,100.413610624056,26.6431847519859
-0.395737292015968,2.03209304108961,100.413610624056,26.6431847519859
-1.21824135231537,1.12353727250509,100.413610624056,26.6431847519859
-1.24106687626747,-0.0727479901731161,100.413610624056,26.6431847519859
-1.11190484473054,-0.719953191496945,100.413610624056,26.6431847519859
-1.1374146502994,-0.592681540274949,100.413610624056,26.6431847519859
-1.24655108882236,0.656293317260692,100.413610624056,26.6431847519859
-1.82881498782435,0.71064594490835,100.413610624056,26.6431847519859
-2.71437227548902,1.58429664093686,100.413610624056,26.6431847519859
-3.34451499353293,0.985133230142566,100.413610624056,26.6431847519859
-3.07258083137725,-0.220819961965377,100.413610624056,26.6431847519859
-3.54948211181637,-1.57938743930754,100.413610624056,26.6431847519859
-3.38269144319361,-0.965182269246436,100.413610624056,26.6431847519859
-2.5491885237525,0.325591800509165,100.413610624056,26.6431847519859
-1.85249875147705,1.1089609142057,100.413610624056,26.6431847519859
-1.55131139782435,1.163437648778,100.413610624056,26.6431847519859
-1.672122330998,-0.576162908604888,100.413610624056,26.6431847519859
-1.82060997281437,-2.80912572352342,100.413610624056,26.6431847519859
-0.888220796806387,-2.2326924959776,100.413610624056,26.6431847519859
-0.0727469978842315,-1.57380883304481,100.413610624056,26.6431847519859
0.456354734131736,-1.42141173492872,100.413610624056,26.6431847519859
0.180391106147705,-0.691991901374745,100.413610624056,26.6431847519859
0.479721983852295,0.24729894709776,100.413610624056,26.6431847519859
1.73357366558882,0.296544574796334,100.413610624056,26.6431847519859
1.85467067866267,-0.386471679633401,100.413610624056,26.6431847519859
2.14120100253493,-1.60612007087576,100.413610624056,26.6431847519859
2.22121207249501,-2.60842621033605,100.413610624056,26.6431847519859
2.18189130323353,-0.850197203564155,100.413610624056,26.6431847519859
1.66173717660679,1.77091001817719,100.413610624056,26.6431847519859
1.10536046516966,3.26037927428717,100.413610624056,26.6431847519859
1.19147051512974,2.04401971654786,100.413610624056,26.6431847519859
1.60386990828343,0.26498418385947,100.413610624056,26.6431847519859
1.55900405840319,-0.758004374592668,100.413610624056,26.6431847519859
1.06944222067864,-0.653134023268839,100.413610624056,26.6431847519859
1.13549015678643,0.14738046206721,100.413610624056,26.6431847519859
1.04384111301397,0.79436227092668,100.413610624056,26.6431847519859
1.09767891550898,-0.372596525458248,100.413610624056,26.6431847519859
1.42286045994012,-0.982724783044807,100.413610624056,26.6431847519859
1.19668082139721,-1.1378025907332,100.413610624056,26.6431847519859
1.75819479742515,0.770347581008147,100.413610624056,26.6431847519859
1.80453974125748,1.49202314246436,100.413610624056,26.6431847519859
1.12276873143713,0.895943788747454,100.413610624056,26.6431847519859
0.447845378802395,-0.43088954796334,100.413610624056,26.6431847519859
0.782802334291417,-0.771283815529532,100.413610624056,26.6431847519859
1.38668656958084,-0.0529715517311609,100.413610624056,26.6431847519859
0.820175325508982,0.0429755117107943,100.413610624056,26.6431847519859
1.05115745429142,-0.426905715682281,100.413610624056,26.6431847519859
0.735404372954092,1.12112959816701,100.413610624056,26.6431847519859
-0.723091826327345,2.28303724271894,100.413610624056,26.6431847519859
-1.38517810429142,1.99142940723014,100.413610624056,26.6431847519859
-1.45859716293413,0.795795705906314,100.413610624056,26.6431847519859
-1.00075367329341,-0.900597025661914,100.413610624056,26.6431847519859
-0.540980666027944,-0.850308899796334,100.413610624056,26.6431847519859
-1.52455988375249,-0.00411686084521385,100.413610624056,26.6431847519859
-1.58705921173653,1.99256498559063,100.413610624056,26.6431847519859
-2.35581677163673,2.19817913299389,100.413610624056,26.6431847519859
-1.87344345225549,1.87167863564155,100.413610624056,26.6431847519859
-1.77887882822355,-0.00401757530549898,100.413610624056,26.6431847519859
-1.74308840666667,-0.725116039562118,100.413610624056,26.6431847519859
-1.05239413868263,-0.00464431527494908,100.413610624056,26.6431847519859
-0.719378874431138,1.59989688136456,100.413610624056,26.6431847519859
-0.239300281057884,1.63576998793279,100.413610624056,26.6431847519859
0.0804944397205589,1.69172980025458,100.413610624056,26.6431847519859
-0.0345401141916168,0.360378971486762,100.413610624056,26.6431847519859
0.735300897245509,-0.244940142769857,100.413610624056,26.6431847519859
0.962077042814371,0.14225484607943,100.413610624056,26.6431847519859
0.614295186267465,1.51070743996945,100.413610624056,26.6431847519859
0.08351958249501,1.42220058665988,100.413610624056,26.6431847519859
-0.421070580199601,1.42923744928717,100.413610624056,26.6431847519859
-0.0530561792215569,2.04617297169043,100.413610624056,26.6431847519859
-0.270720375628742,1.56791452688391,100.413610624056,26.6431847519859
-0.517881235788423,0.588903257179226,100.413610624056,26.6431847519859
-0.777727000459082,-0.487488510947047,100.413610624056,26.6431847519859
-0.811733987744511,-1.09713895687373,100.413610624056,26.6431847519859
-0.881105320139721,-0.82726224389002,100.413610624056,26.6431847519859
-0.910090692155688,0.9664923700611,100.413610624056,26.6431847519859
-1.38860497628743,1.52241692830957,100.413610624056,26.6431847519859
-1.52609984576846,0.801839713136456,100.413610624056,26.6431847519859
-1.46588307017964,0.489170932535642,100.413610624056,26.6431847519859
-0.677921636127744,0.00185888757637475,100.413610624056,26.6431847519859
-1.01839323820359,-1.04896685407332,100.413610624056,26.6431847519859
-0.860464959680639,-1.51310813620163,100.413610624056,26.6431847519859
-1.27805639868263,-1.49326343895112,100.413610624056,26.6431847519859
-0.413882061856287,-0.388593908044806,100.413610624056,26.6431847519859
0.162867190558882,-0.250661471995927,100.413610624056,26.6431847519859
1.31210493091816,-0.431721064358452,100.413610624056,26.6431847519859
1.08733743145709,-1.33458653044807,100.413610624056,26.6431847519859
0.49919367748503,-1.40028873635438,100.413610624056,26.6431847519859
0.441886395349301,0.018867741598778,100.413610624056,26.6431847519859
0.783873612215569,0.622157707637475,100.413610624056,26.6431847519859
0.88691715754491,0.380360186354379,100.413610624056,26.6431847519859
0.904696719001996,0.704663991140529,100.413610624056,26.6431847519859
1.25032384608782,0.30991709592668,100.413610624056,26.6431847519859
1.51934851479042,-0.0475977218940937,100.413610624056,26.6431847519859
1.91929430207585,-1.46084671023422,100.413610624056,26.6431847519859
1.72575820618762,-1.30735747118126,100.413610624056,26.6431847519859
1.86558432251497,-0.553699555244399,100.413610624056,26.6431847519859
1.60480118966068,0.669802356008147,100.413610624056,26.6431847519859
1.40659042646707,0.490349948319756,100.413610624056,26.6431847519859
1.81779680556886,0.219486585285132,100.413610624056,26.6431847519859
2.36108688327345,-1.00000667230143,100.413610624056,26.6431847519859
2.34798198912176,-0.934428573319756,100.413610624056,26.6431847519859
1.56051967319361,-0.266187248268839,100.413610624056,26.6431847519859
1.65975896453094,0.794778029124236,100.413610624056,26.6431847519859
1.58176871429142,-0.0514884739816701,100.413610624056,26.6431847519859
1.016286140499,-1.83245386934827,100.413610624056,26.6431847519859
1.05370782616766,-2.44984238202648,100.413610624056,26.6431847519859
0.559958265648703,-1.62464302937882,100.413610624056,26.6431847519859
0.624600149481038,0.0917991758655804,100.413610624056,26.6431847519859
0.560609553932136,1.48185257998982,100.413610624056,26.6431847519859
-0.793370092874251,0.451156981517312,100.413610624056,26.6431847519859
-1.61981231690619,-0.368538229022403,100.413610624056,26.6431847519859
-1.75417856790419,-0.232746637423625,100.413610624056,26.6431847519859
-1.33836447636727,1.09115157051935,100.413610624056,26.6431847519859
